Date,effected-Barishal,Rainfall,Humidity,Temparature,Sunshine,Windspeed
01-01-22,1.0,0.0,81.25,18.224999999999998,8.024999999999999,1.45
02-01-22,4.0,0.0,89.0,17.125,5.325,1.675
03-01-22,0.0,0.0,84.75,17.925,7.324999999999999,1.0
04-01-22,1.0,0.0,83.5,17.8,7.475,1.25
05-01-22,0.0,0.0,83.25,17.575,7.3,1.425
06-01-22,0.0,0.0,85.75,17.575000000000003,5.7,1.5
07-01-22,0.0,0.0,81.5,19.4,8.024999999999999,0.825
08-01-22,0.0,0.0,82.0,19.825,8.15,0.825
09-01-22,0.0,0.0,81.0,20.125,8.55,0.75
10-01-22,0.0,0.0,80.25,20.15,8.350000000000001,1.25
11-01-22,0.0,0.0,78.5,21.325,7.499999999999999,1.625
12-01-22,1.0,0.0,88.75,19.725,0.3,1.325
13-01-22,0.0,2.0,88.0,19.95,2.55,1.0
14-01-22,0.0,0.0,85.75,19.049999999999997,0.0,2.0999999999999996
15-01-22,0.0,0.5,87.5,18.025,0.175,1.375
16-01-22,0.0,0.25,78.25,17.475,8.85,3.25
17-01-22,0.0,0.0,81.5,17.525,8.55,1.15
18-01-22,0.0,0.0,83.25,18.099999999999998,7.775,1.75
19-01-22,0.0,0.0,82.75,17.775,7.2250000000000005,1.25
20-01-22,0.0,0.0,84.25,17.075000000000003,6.65,1.625
21-01-22,0.0,0.0,82.0,18.6,6.525,0.75
22-01-22,0.0,0.0,89.0,18.325000000000003,0.225,0.5
23-01-22,0.0,0.0,81.5,20.049999999999997,3.9749999999999996,1.25
24-01-22,0.0,1.5,91.5,18.625,0.0,1.925
25-01-22,0.0,0.0,85.25,20.575,6.7749999999999995,0.5
26-01-22,0.0,0.0,86.75,20.825,2.875,0.5
27-01-22,0.0,0.25,81.5,18.15,5.525,3.175
28-01-22,0.0,0.75,73.5,16.275,8.8,2.7
29-01-22,0.0,0.0,79.75,15.025,6.9,2.75
30-01-22,0.0,0.0,79.5,15.774999999999999,8.149999999999999,2.875
31-01-22,0.0,0.0,78.0,17.675,8.25,1.5
01-02-22,0.0,0.0,82.25,20.25,7.475,3.7
02-02-22,0.0,0.0,85.0,20.9,6.75,1.75
03-02-22,0.0,0.0,85.5,21.35,4.725,2.0
04-02-22,0.0,0.0,88.75,19.5,4.65,2.5
05-02-22,0.0,24.0,83.25,18.075,6.875,2.125
06-02-22,0.0,0.0,75.25,16.725,9.275,2.875
07-02-22,0.0,0.0,79.5,17.025,9.2,2.875
08-02-22,0.0,0.0,78.75,17.95,9.0,1.625
09-02-22,0.0,0.0,79.25,19.25,8.7,1.875
10-02-22,0.0,0.0,76.25,19.724999999999998,5.9,1.5
11-02-22,0.0,0.0,81.5,19.550000000000004,7.125,1.75
12-02-22,3.0,0.0,68.75,17.975,9.325,5.325
13-02-22,0.0,0.0,72.0,18.525,9.425,5.2
14-02-22,2.0,0.0,71.0,18.85,9.5,2.125
15-02-22,0.0,0.0,73.5,18.75,9.075,1.875
16-02-22,0.0,0.0,70.0,18.75,9.425,2.7
17-02-22,0.0,0.0,71.5,19.450000000000003,9.375,3.3
18-02-22,0.0,0.0,70.75,19.375,9.25,4.325
19-02-22,0.0,0.0,67.0,19.675,9.3,5.0
20-02-22,0.0,0.0,79.0,20.65,4.824999999999999,1.8
21-02-22,0.0,3.75,78.0,21.950000000000003,8.75,2.75
22-02-22,0.0,0.0,82.75,21.925,6.675,3.0
23-02-22,0.0,0.0,85.25,22.549999999999997,6.05,1.0
24-02-22,0.0,0.0,78.75,23.35,7.525,3.0
25-02-22,0.0,0.0,75.5,23.15,8.174999999999999,1.875
26-02-22,0.0,0.0,75.5,24.075000000000003,9.05,1.5
27-02-22,0.0,0.0,72.0,24.1,9.25,1.5
28-02-22,0.0,0.0,74.0,24.475,8.675,3.25
01-03-22,0.0,0.0,70.0,23.924999999999997,7.525,1.925
02-03-22,0.0,0.0,65.75,23.299999999999997,9.125,3.625
03-03-22,0.0,0.0,69.25,23.650000000000002,9.35,2.25
04-03-22,0.0,0.0,66.5,23.349999999999998,9.3,3.0
05-03-22,0.0,0.0,69.0,24.575,9.475,2.625
06-03-22,0.0,0.0,66.25,23.975,8.875,2.425
07-03-22,0.0,0.0,66.0,24.525,9.525,1.875
08-03-22,0.0,0.0,71.5,25.299999999999997,9.149999999999999,3.375
09-03-22,0.0,0.0,68.75,25.1,9.0,4.0
10-03-22,0.0,0.0,66.5,24.974999999999998,9.475000000000001,3.55
11-03-22,0.0,0.0,66.5,24.725,9.149999999999999,2.0
12-03-22,0.0,0.0,65.0,24.999999999999996,9.350000000000001,2.175
13-03-22,0.0,0.0,64.0,25.225,9.175,3.5
14-03-22,0.0,0.0,67.0,25.9,9.225,11.0
15-03-22,0.0,0.0,68.5,26.375,9.0,1.75
16-03-22,0.0,0.0,67.5,26.950000000000003,9.075,1.25
17-03-22,0.0,0.0,71.75,27.275,8.775,1.425
18-03-22,0.0,0.0,66.5,27.35,9.25,2.25
19-03-22,0.0,0.0,67.0,27.0,9.399999999999999,2.375
20-03-22,0.0,0.0,67.0,26.775000000000002,9.825,3.375
21-03-22,0.0,0.0,76.75,26.825,9.2,1.875
22-03-22,0.0,0.0,79.5,27.275000000000002,8.049999999999999,1.625
23-03-22,0.0,0.0,77.75,28.525,7.8,2.125
24-03-22,0.0,0.0,78.75,28.224999999999998,7.175000000000001,3.9000000000000004
25-03-22,0.0,0.0,77.75,28.7,6.825,5.225
26-03-22,0.0,0.0,82.25,28.749999999999996,0.0,4.575
27-03-22,0.0,0.0,82.0,29.074999999999996,4.45,2.7249999999999996
28-03-22,0.0,0.0,79.5,29.175,7.125,3.775
29-03-22,0.0,0.0,80.5,29.125,6.6,3.5999999999999996
30-03-22,0.0,0.0,79.25,28.9,7.35,3.875
31-03-22,0.0,0.0,80.25,28.8,7.3,4.6
01-04-22,0.0,0.0,79.0,28.975,6.95,4.225
02-04-22,0.0,0.0,79.25,28.925,4.975,2.7249999999999996
03-04-22,0.0,0.0,78.5,28.699999999999996,3.4749999999999996,3.3249999999999997
04-04-22,0.0,0.0,75.75,28.724999999999998,7.725,4.675000000000001
05-04-22,0.0,0.0,78.25,28.849999999999998,8.925,3.55
06-04-22,0.0,0.0,79.0,28.674999999999997,8.6,2.9250000000000003
07-04-22,0.0,0.0,78.5,28.75,7.425,2.475
08-04-22,0.0,0.0,79.5,28.625,8.799999999999999,2.7249999999999996
09-04-22,0.0,0.0,77.5,29.174999999999997,8.85,3.725
10-04-22,0.0,0.0,76.0,29.450000000000003,8.45,5.05
11-04-22,0.0,0.0,77.75,29.6,6.225,5.0
12-04-22,0.0,0.0,79.0,29.175,4.525,4.3
13-04-22,0.0,0.0,76.5,29.674999999999997,8.325,3.85
14-04-22,0.0,0.0,79.25,29.950000000000003,3.925,5.25
15-04-22,0.0,0.0,82.5,29.75,4.95,4.775
16-04-22,0.0,0.0,80.5,29.775,6.225,4.225
17-04-22,0.0,0.0,79.25,29.724999999999998,7.8999999999999995,4.2749999999999995
18-04-22,0.0,0.0,80.75,29.675,7.05,4.75
19-04-22,0.0,0.0,77.25,30.1,9.625,3.9749999999999996
20-04-22,0.0,0.0,84.0,25.525,3.9,5.475
21-04-22,0.0,4.0,80.75,28.625,6.975,2.25
22-04-22,0.0,0.0,82.75,27.85,5.175,4.075
23-04-22,0.0,9.0,81.5,29.8,8.524999999999999,2.925
24-04-22,0.0,0.0,80.0,30.55,9.425,3.125
25-04-22,0.0,0.0,81.0,30.8,9.175,3.925
26-04-22,0.0,0.0,79.5,30.675,9.0,3.9
27-04-22,0.0,0.0,78.5,30.625,9.875,3.0
28-04-22,0.0,0.0,79.25,30.575000000000003,8.774999999999999,2.625
29-04-22,0.0,0.0,76.5,30.474999999999998,9.325000000000001,3.9000000000000004
30-04-22,0.0,0.0,77.75,29.174999999999997,6.625,2.925
01-05-22,0.0,6.25,74.0,29.65,9.075000000000001,3.0999999999999996
02-05-22,0.0,2.25,78.25,29.049999999999997,7.300000000000001,2.75
03-05-22,0.0,0.0,90.0,25.9,2.65,2.325
04-05-22,0.0,15.75,81.5,27.974999999999998,6.75,2.825
05-05-22,0.0,2.75,80.5,27.775000000000002,7.225,1.375
06-05-22,0.0,6.5,81.5,28.724999999999998,7.075,2.3
07-05-22,0.0,5.5,79.25,29.450000000000003,8.4,1.775
08-05-22,0.0,12.0,74.25,30.375,9.425,1.95
09-05-22,0.0,1.0,94.25,26.299999999999997,0.1,1.825
10-05-22,0.0,75.25,87.0,28.15,3.125,3.125
11-05-22,0.0,7.5,91.25,27.3,1.625,4.05
12-05-22,0.0,23.0,83.0,29.8,6.949999999999999,3.2
13-05-22,0.0,0.0,81.25,30.25,4.025,4.1
14-05-22,0.0,4.75,79.5,30.575,6.300000000000001,5.424999999999999
15-05-22,0.0,2.5,78.75,31.125,8.325,6.05
16-05-22,0.0,0.0,79.25,31.1,8.925,4.275
17-05-22,0.0,0.0,77.25,31.4,9.675,3.925
18-05-22,0.0,0.25,79.25,31.299999999999997,9.225000000000001,3.5
19-05-22,0.0,0.0,79.25,31.275,9.4,3.55
20-05-22,0.0,4.5,81.5,29.75,7.225,2.7
21-05-22,0.0,2.75,80.5,27.375,5.55,3.45
22-05-22,0.0,24.0,81.75,29.775000000000002,4.3,2.75
23-05-22,0.0,0.0,80.75,29.375,8.425,2.625
24-05-22,0.0,0.5,75.5,30.55,9.225,1.375
25-05-22,0.0,4.75,84.25,28.75,6.925,3.5
26-05-22,0.0,5.75,79.5,29.225,7.299999999999999,2.125
27-05-22,0.0,1.0,87.75,27.65,5.1,1.875
28-05-22,0.0,16.5,84.25,28.575000000000003,6.550000000000001,2.0
29-05-22,0.0,10.0,91.5,27.2,0.1,1.825
30-05-22,0.0,10.75,89.75,28.15,0.95,1.8
31-05-22,0.0,2.5,87.0,29.125,3.25,1.5
01-06-22,0.0,5.25,89.0,28.025,0.375,1.425
02-06-22,0.0,1.75,87.25,29.125,0.4,2.5250000000000004
03-06-22,0.0,2.25,88.25,28.224999999999998,0.15000000000000002,2.175
04-06-22,0.0,3.25,86.5,29.9,0.775,2.375
05-06-22,0.0,0.25,82.75,30.8,7.8999999999999995,3.825
06-06-22,0.0,0.0,81.25,30.975,8.025,3.275
07-06-22,0.0,0.0,82.0,31.0,6.65,3.175
08-06-22,0.0,0.75,81.25,31.275,2.35,2.875
09-06-22,0.0,0.0,88.0,27.525,0.22499999999999998,4.5
10-06-22,0.0,29.5,78.25,29.525,3.8,3.55
11-06-22,0.0,0.0,82.25,30.45,5.025,3.275
12-06-22,0.0,0.0,80.0,31.2,7.8500000000000005,4.75
13-06-22,0.0,0.5,79.75,31.325000000000003,6.75,4.275
14-06-22,0.0,0.0,85.5,30.15,1.35,3.425
15-06-22,0.0,3.25,82.25,30.949999999999996,0.8999999999999999,3.5
16-06-22,0.0,1.0,88.25,28.775000000000002,0.275,3.2750000000000004
17-06-22,0.0,12.25,87.5,28.775,0.0,3.425
18-06-22,0.0,7.25,90.0,28.400000000000002,1.275,3.325
19-06-22,0.0,10.0,91.5,27.85,0.85,3.875
20-06-22,0.0,50.5,90.5,27.275,0.925,2.1
21-06-22,0.0,32.5,87.75,28.475,2.95,2.0
22-06-22,0.0,20.25,90.5,27.45,2.475,1.675
23-06-22,0.0,11.5,85.25,28.775,7.5,8.675
24-06-22,0.0,3.5,88.0,28.325,5.35,2.375
25-06-22,0.0,13.75,87.0,28.775,5.55,3.825
26-06-22,0.0,11.75,84.5,29.5,8.45,2.5999999999999996
27-06-22,0.0,5.75,81.5,30.1,9.450000000000001,2.45
28-06-22,0.0,1.5,89.0,28.85,3.075,2.9749999999999996
29-06-22,0.0,14.25,89.25,28.775,0.875,1.975
30-06-22,0.0,7.25,91.0,28.700000000000003,0.0,1.825
01-07-22,0.0,24.75,89.0,28.475,3.7249999999999996,1.4
02-07-22,0.0,3.75,87.75,28.549999999999997,3.4749999999999996,2.55
03-07-22,4.0,7.0,88.0,29.150000000000002,6.025,2.0
04-07-22,0.0,9.0,85.0,29.65,6.925,1.75
05-07-22,0.0,0.75,83.0,30.0,7.675000000000001,3.75
06-07-22,0.0,3.75,88.75,29.0,5.875000000000001,2.925
07-07-22,3.0,19.5,86.25,29.5,6.7,2.8
08-07-22,0.0,4.0,85.5,29.45,4.625,3.1
09-07-22,0.0,3.0,81.75,29.975,10.4,3.575
10-07-22,0.0,5.75,84.0,29.65,9.299999999999999,3.625
11-07-22,0.0,12.25,85.75,29.125,7.1,2.95
12-07-22,0.0,4.5,82.0,29.874999999999996,10.475,4.3
13-07-22,0.0,1.75,80.0,29.975,10.375,4.275
14-07-22,0.0,0.25,80.0,30.275,10.875,5.375
15-07-22,0.0,0.0,81.0,30.075000000000003,8.975,4.1
16-07-22,4.0,1.5,80.0,30.275,10.35,4.65
17-07-22,1.0,3.0,84.75,29.575,6.575,3.925
18-07-22,2.0,7.5,85.75,29.5,5.075,2.15
19-07-22,0.0,3.5,85.0,29.474999999999998,6.0,3.375
20-07-22,0.0,13.25,87.25,29.375,3.25,1.525
21-07-22,1.0,5.25,85.25,29.7,6.125,2.425
22-07-22,0.0,2.75,85.5,29.775000000000002,5.425,1.875
23-07-22,0.0,1.5,88.75,28.65,1.6500000000000001,1.75
24-07-22,0.0,6.75,95.5,26.449999999999996,0.0,1.25
25-07-22,0.0,44.5,91.25,27.625,0.025,1.5
26-07-22,3.0,12.5,89.0,28.075,0.825,0.5
27-07-22,3.0,1.25,81.5,29.775,8.725,1.0
28-07-22,0.0,0.0,85.75,29.625,6.575000000000001,0.75
29-07-22,0.0,2.5,81.75,30.475,7.925,2.2
30-07-22,0.0,0.0,80.5,30.575,9.8,2.575
31-07-22,0.0,1.5,79.0,30.950000000000003,10.075,2.375
01-08-22,0.0,0.0,84.75,30.225,3.5250000000000004,3.75
02-08-22,0.0,2.5,86.25,29.95,5.925,1.075
03-08-22,0.0,22.75,88.25,29.049999999999997,1.05,1.75
04-08-22,4.0,15.75,85.5,29.45,7.574999999999999,2.375
05-08-22,0.0,1.0,82.5,30.224999999999998,9.3,2.325
06-08-22,0.0,1.75,86.25,29.55,5.699999999999999,1.825
07-08-22,0.0,6.5,84.25,29.625,9.625,3.275
08-08-22,0.0,11.5,87.25,28.625,6.2,3.925
09-08-22,0.0,13.25,90.0,27.674999999999997,4.1499999999999995,4.7
10-08-22,0.0,27.5,92.75,27.15,0.47500000000000003,5.425000000000001
11-08-22,0.0,38.75,93.25,27.474999999999998,0.5,3.8499999999999996
12-08-22,2.0,28.25,86.75,29.05,7.175000000000001,2.25
13-08-22,1.0,3.0,88.75,28.275,2.925,6.2
14-08-22,1.0,18.0,95.5,26.775000000000002,0.0,5.2250000000000005
15-08-22,1.0,59.25,89.0,28.674999999999997,2.5999999999999996,1.5
16-08-22,1.0,3.0,86.5,29.65,7.475,1.725
17-08-22,1.0,3.0,84.5,30.925,7.975,1.5
18-08-22,0.0,0.0,85.25,30.1,7.824999999999999,3.875
19-08-22,0.0,29.25,87.25,28.1,0.175,6.8
20-08-22,6.0,8.0,83.25,29.525,9.2,3.15
21-08-22,0.0,2.5,86.0,29.825,7.05,2.425
22-08-22,2.0,2.25,84.25,30.3,5.875,1.325
23-08-22,0.0,23.25,87.5,28.575000000000003,5.0249999999999995,2.375
24-08-22,3.0,9.25,89.75,27.75,2.725,2.3
25-08-22,4.0,23.5,82.5,29.674999999999997,9.2,1.25
26-08-22,0.0,0.0,82.75,29.974999999999998,4.2,1.0
27-08-22,3.0,0.0,88.25,28.799999999999997,0.22499999999999998,2.325
28-08-22,4.0,2.25,87.75,28.425,2.7499999999999996,2.25
29-08-22,2.0,5.25,81.75,30.1,8.6,1.0
30-08-22,4.0,0.0,78.75,30.550000000000004,10.025,0.875
31-08-22,5.0,0.0,79.5,30.725,8.2,1.375
01-09-22,4.0,0.0,83.25,30.2,5.05,2.625
02-09-22,0.0,1.5,85.25,29.700000000000003,3.6500000000000004,2.875
03-09-22,2.0,10.5,84.5,30.125,7.5,2.05
04-09-22,10.0,0.75,87.5,29.599999999999998,2.0,1.5
05-09-22,6.0,14.25,90.5,28.525,2.0,1.5
06-09-22,9.0,8.25,85.75,29.675,5.025,2.25
07-09-22,6.0,2.25,84.75,30.300000000000004,7.125,2.125
08-09-22,20.0,2.75,81.75,30.65,8.875,0.5
09-09-22,0.0,0.0,84.75,29.924999999999997,5.85,1.75
10-09-22,8.0,0.25,86.5,28.525,3.1749999999999994,2.375
11-09-22,11.0,18.25,94.5,26.675,0.2,3.925
12-09-22,18.0,59.5,97.5,25.7,0.0,1.375
13-09-22,15.0,55.5,98.25,25.674999999999997,0.0,1.25
14-09-22,16.0,72.75,93.25,26.625000000000004,0.025,2.25
15-09-22,8.0,11.75,90.75,27.45,2.3,0.875
16-09-22,0.0,20.25,93.75,27.275,0.975,0.75
17-09-22,17.0,25.0,88.25,28.95,6.425000000000001,0.75
18-09-22,11.0,2.5,91.25,28.200000000000003,1.125,0.5
19-09-22,19.0,4.25,86.0,28.625,6.975,4.225
20-09-22,13.0,7.75,90.0,28.325000000000003,5.6,3.575
21-09-22,17.0,11.5,86.5,29.05,8.0,2.3
22-09-22,17.0,1.0,86.5,29.249999999999996,7.125,1.975
23-09-22,1.0,1.5,85.25,29.475,6.325,1.0
24-09-22,9.0,0.0,87.5,28.725,2.575,0.75
25-09-22,19.0,0.0,88.25,28.424999999999997,2.125,0.5
26-09-22,14.0,4.75,87.5,28.825,3.575,0.5
27-09-22,17.0,0.0,86.75,29.174999999999997,6.275,0.75
28-09-22,19.0,0.0,85.25,29.749999999999996,7.375,0.75
29-09-22,21.0,0.0,83.0,30.35,9.725,0.75
30-09-22,2.0,0.0,86.5,30.075000000000003,4.375,1.0
01-10-22,17.0,0.25,87.5,29.35,3.65,0.75
02-10-22,44.0,2.5,92.0,27.6,2.2249999999999996,0.825
03-10-22,23.0,14.0,96.0,26.424999999999997,0.0,1.45
04-10-22,24.0,89.75,89.75,28.349999999999998,7.924999999999999,2.375
05-10-22,6.0,3.5,85.75,28.775000000000002,9.675,2.125
06-10-22,35.0,0.0,90.0,28.025,7.7,2.5
07-10-22,1.0,10.0,83.5,29.6,9.299999999999999,1.125
08-10-22,42.0,0.0,84.5,29.3,8.25,2.575
09-10-22,9.0,2.0,82.75,29.375,8.65,1.875
10-10-22,51.0,0.0,86.5,28.35,5.425,1.325
11-10-22,34.0,3.0,88.75,27.700000000000003,4.675,0.5
12-10-22,49.0,7.5,88.75,27.825000000000003,5.7,1.25
13-10-22,40.0,4.75,86.75,28.200000000000003,6.800000000000001,0.5
14-10-22,20.0,6.0,84.75,29.025,8.675,0.75
15-10-22,51.0,0.25,83.5,28.474999999999998,9.55,2.0
16-10-22,47.0,0.0,80.0,28.075000000000003,9.774999999999999,2.25
17-10-22,68.0,0.0,81.25,28.125,9.524999999999999,0.5
18-10-22,44.0,0.0,82.25,28.55,8.95,0.875
19-10-22,42.0,0.0,85.0,27.950000000000003,5.125,1.0
20-10-22,72.0,0.0,80.75,27.949999999999996,9.15,1.875
21-10-22,10.0,0.0,82.0,28.050000000000004,10.425,1.25
22-10-22,82.0,0.0,82.25,29.0,10.15,1.0
23-10-22,75.0,0.25,93.5,25.95,0.025,5.25
24-10-22,48.0,49.75,97.0,23.200000000000003,0.0,8.675
25-10-22,16.0,248.5,88.0,24.225,7.7,2.0
26-10-22,54.0,0.0,84.0,25.85,9.675,0.75
27-10-22,76.0,0.0,86.25,25.550000000000004,8.875,0.75
28-10-22,7.0,0.0,81.0,24.924999999999997,9.375,2.0
29-10-22,91.0,0.0,81.5,25.0,9.375,1.75
30-10-22,57.0,0.0,81.5,25.824999999999996,9.6,1.0
31-10-22,75.0,0.0,83.5,26.9,9.424999999999999,1.0
01-11-22,51.0,0.0,84.75,27.875,8.675,1.75
02-11-22,72.0,0.0,82.5,26.975,9.05,1.25
03-11-22,60.0,0.0,84.0,24.825,5.05,1.5
04-11-22,21.0,0.0,81.75,24.475,8.975,1.0
05-11-22,69.0,0.0,85.25,24.65,8.149999999999999,0.5
06-11-22,65.0,0.0,82.25,24.7,9.2,1.0
07-11-22,69.0,0.0,82.25,24.175,9.2,0.75
08-11-22,52.0,0.0,83.75,24.15,8.225,0.5
09-11-22,53.0,0.0,83.5,24.625,8.0,0.25
10-11-22,53.0,0.0,82.0,24.325000000000003,8.6,0.75
11-11-22,6.0,0.0,81.25,24.4,9.0,1.5
12-11-22,49.0,0.0,81.5,24.05,8.8,0.75
13-11-22,62.0,0.0,80.0,22.799999999999997,7.975,2.25
14-11-22,60.0,0.0,80.0,22.025,8.8,1.0
15-11-22,43.0,0.0,83.0,22.7,8.8,1.5
16-11-22,43.0,0.0,84.0,22.975,8.725000000000001,1.0
17-11-22,34.0,0.0,82.5,22.875,8.950000000000001,1.25
18-11-22,4.0,0.0,80.0,22.299999999999997,8.2,2.25
19-11-22,31.0,0.0,80.5,23.25,8.5,1.0
20-11-22,46.0,0.0,77.75,24.5,7.875,2.0
21-11-22,33.0,0.0,75.75,23.775,9.375,2.0
22-11-22,34.0,0.0,78.25,21.799999999999997,9.025,3.0
23-11-22,35.0,0.0,81.75,21.375,8.4,1.375
24-11-22,38.0,0.0,81.0,21.175,8.475000000000001,2.375
25-11-22,0.0,0.0,83.25,21.825000000000003,8.75,1.125
26-11-22,38.0,0.0,82.25,21.974999999999998,9.05,1.125
27-11-22,24.0,0.0,80.75,22.875,8.975,0.75
28-11-22,19.0,0.0,77.75,24.974999999999998,5.775,1.0
29-11-22,18.0,0.0,76.0,25.599999999999998,6.625,0.75
30-11-22,20.0,0.0,78.25,25.225,4.6,0.75
01-12-22,20.0,0.0,77.25,23.299999999999997,9.025,1.625
02-12-22,3.0,0.0,78.75,21.525,9.125,3.1
03-12-22,16.0,0.0,79.75,20.700000000000003,9.05,3.875
04-12-22,11.0,0.0,81.0,20.650000000000002,8.350000000000001,1.875
05-12-22,12.0,0.0,82.75,20.675,8.625,1.375
06-12-22,9.0,0.0,82.75,20.575000000000003,8.450000000000001,1.75
07-12-22,18.0,0.0,82.5,20.5,7.85,1.5
08-12-22,10.0,0.0,81.5,20.325,7.575,2.375
09-12-22,4.0,0.0,82.25,20.15,8.2,1.25
10-12-22,11.0,0.0,82.25,21.049999999999997,5.875,1.625
11-12-22,15.0,0.0,82.5,20.775,8.575,0.875
12-12-22,19.0,0.0,82.25,20.525,7.7250000000000005,1.25
13-12-22,10.0,0.0,83.5,20.975,6.825,0.5
14-12-22,9.0,0.0,85.0,20.6,6.2,1.25
15-12-22,6.0,0.0,83.25,18.849999999999998,6.375,2.25
16-12-22,0.0,0.0,82.75,18.025,7.324999999999999,2.0
17-12-22,11.0,0.0,86.25,18.7,5.55,1.5
18-12-22,7.0,0.0,85.25,18.9,6.55,1.0
19-12-22,10.0,0.0,84.75,19.4,6.75,1.5
20-12-22,3.0,0.0,85.25,19.75,6.949999999999999,1.25
21-12-22,3.0,0.0,87.25,19.65,5.675,1.25
22-12-22,3.0,0.0,86.5,19.5,4.574999999999999,1.125
23-12-22,0.0,0.0,83.0,18.724999999999998,7.2250000000000005,1.375
24-12-22,5.0,0.0,79.25,18.225,8.15,1.25
25-12-22,0.0,0.0,81.75,19.75,7.15,0.875
26-12-22,10.0,0.0,82.25,21.275,7.875,1.0
27-12-22,3.0,0.0,89.25,21.975,3.075,1.375
28-12-22,4.0,1.0,91.0,20.95,0.7749999999999999,1.375
29-12-22,7.0,0.0,79.75,17.4,6.95,1.875
30-12-22,0.0,0.0,83.25,17.225,6.225,1.75
31-12-22,2.0,0.0,85.0,17.75,5.55,0.75
01-01-23,6.0,0.0,85.25,17.9,4.7,1.25
02-01-23,3.0,0.0,85.25,18.150000000000002,5.875,1.05
03-01-23,5.0,0.0,81.0,18.075000000000003,7.175,2.7
04-01-23,4.0,0.0,84.0,16.9,6.35,2.975
05-01-23,1.0,0.0,87.5,16.325000000000003,5.4,2.825
06-01-23,1.0,0.0,87.25,15.6,5.7250000000000005,2.75
07-01-23,1.0,0.0,90.25,14.825,3.85,2.05
08-01-23,10.0,0.0,89.0,15.900000000000002,4.475,1.625
09-01-23,2.0,0.0,86.5,18.95,6.075000000000001,0.875
10-01-23,0.0,0.0,78.25,19.049999999999997,8.275,2.0
11-01-23,0.0,0.0,76.75,17.35,8.625,1.5
12-01-23,1.0,0.0,77.75,16.375,8.05,1.25
13-01-23,0.0,0.0,81.25,18.725,6.975,1.0
14-01-23,1.0,0.0,86.75,21.049999999999997,6.025,1.075
15-01-23,1.0,0.0,87.75,19.55,2.8499999999999996,1.25
16-01-23,0.0,0.0,80.0,19.0,5.825,0.875
17-01-23,0.0,0.0,79.0,18.075,6.25,1.5
18-01-23,0.0,0.0,79.5,18.225,0.32499999999999996,1.55
19-01-23,0.0,0.0,76.25,16.375,6.8,2.375
20-01-23,0.0,0.0,78.25,16.675,7.825,1.625
21-01-23,0.0,0.0,76.75,17.775,8.2,1.625
22-01-23,3.0,0.0,79.0,19.575,6.9,1.0
23-01-23,2.0,0.0,82.25,20.25,4.7,1.25
24-01-23,2.0,0.0,81.0,20.700000000000003,6.55,0.75
25-01-23,2.0,0.0,81.25,21.2,7.5249999999999995,0.75
26-01-23,2.0,0.0,84.75,21.725,4.699999999999999,1.25
27-01-23,0.0,0.0,82.5,21.474999999999998,7.325000000000001,2.75
28-01-23,2.0,0.0,81.75,21.325,8.274999999999999,1.875
29-01-23,0.0,0.0,81.0,19.6,7.725,2.25
30-01-23,1.0,0.0,79.25,20.1,7.775,1.0
31-01-23,3.0,0.0,79.0,22.449999999999996,7.0,0.75
01-02-23,0.0,0.0,77.5,22.0,3.55,3.125
02-02-23,2.0,0.0,69.5,19.475,8.25,4.05
03-02-23,0.0,0.0,78.25,18.725,8.625,3.5
04-02-23,0.0,0.0,78.0,19.125,8.625,1.75
05-02-23,0.0,0.0,77.5,19.45,8.225,2.125
06-02-23,0.0,0.0,76.0,20.175,8.625,2.125
07-02-23,1.0,0.0,85.0,22.125,6.625,2.125
08-02-23,2.0,0.0,79.5,23.549999999999997,7.574999999999999,2.0
09-02-23,3.0,0.0,87.0,23.174999999999997,4.05,0.75
10-02-23,0.0,0.0,77.5,21.9,8.325,1.375
11-02-23,6.0,0.0,80.0,23.224999999999998,8.025,2.0
12-02-23,8.0,0.0,84.75,23.7,6.225,2.75
13-02-23,0.0,0.0,62.75,20.424999999999997,9.575,3.05
14-02-23,0.0,0.0,69.25,19.275,9.299999999999999,1.625
15-02-23,0.0,0.0,71.25,19.85,9.1,3.0
16-02-23,0.0,0.0,76.0,21.025,8.149999999999999,1.125
17-02-23,0.0,0.0,78.75,22.224999999999998,6.85,1.0
18-02-23,0.0,0.0,78.75,23.525,5.975,1.875
19-02-23,1.0,0.0,83.75,23.55,5.3999999999999995,1.0
20-02-23,0.0,0.0,84.0,23.799999999999997,6.2,2.0
21-02-23,0.0,0.0,82.25,25.224999999999998,6.875,2.175
22-02-23,1.0,0.0,82.25,25.75,7.15,3.175
23-02-23,1.0,0.0,83.25,25.750000000000004,6.65,1.825
24-02-23,0.0,0.0,81.25,25.875,7.45,1.75
25-02-23,0.0,0.0,82.75,25.075,6.2,1.0
26-02-23,0.0,0.0,64.5,24.574999999999996,9.0,1.0
27-02-23,0.0,0.0,69.0,25.200000000000003,8.55,1.5
28-02-23,1.0,0.0,74.75,24.525,8.6,1.25
01-03-23,0.0,0.0,70.75,24.275,9.05,0.75
02-03-23,6.0,0.0,70.75,25.049999999999997,9.275,1.0
03-03-23,0.0,0.0,68.5,25.4,9.175,2.5
04-03-23,0.0,0.0,67.5,25.975,8.975,3.75
05-03-23,0.0,0.0,70.25,25.9,9.149999999999999,2.25
06-03-23,1.0,0.0,69.0,25.349999999999998,9.274999999999999,1.25
07-03-23,0.0,0.0,69.5,26.075,9.075,1.5
08-03-23,0.0,0.0,66.5,25.65,4.925,1.675
09-03-23,0.0,0.0,72.5,25.025,4.325,1.125
10-03-23,1.0,0.0,69.25,25.525,4.199999999999999,1.5
11-03-23,0.0,0.0,69.75,25.799999999999997,7.574999999999999,2.0
12-03-23,0.0,0.0,68.0,25.95,9.05,2.825
13-03-23,0.0,0.0,67.25,26.875,9.075000000000001,2.25
14-03-23,0.0,0.0,73.0,26.35,5.575,2.625
15-03-23,2.0,0.0,82.5,26.2,3.025,3.125
16-03-23,0.0,0.25,86.0,26.3,1.975,2.0
17-03-23,0.0,0.0,78.25,25.85,1.4499999999999997,1.375
18-03-23,0.0,0.0,79.25,25.275,0.85,1.0
19-03-23,0.0,3.0,87.75,23.375,0.65,1.75
20-03-23,0.0,11.0,87.0,22.799999999999997,3.3499999999999996,4.375
21-03-23,2.0,5.0,84.5,24.275,5.949999999999999,4.0
22-03-23,1.0,12.0,82.75,24.95,8.625,2.375
23-03-23,0.0,1.75,88.25,23.825,5.375,2.2
24-03-23,0.0,5.0,80.5,26.450000000000003,8.875,1.75
25-03-23,0.0,0.0,81.25,27.25,8.225,1.875
26-03-23,0.0,1.0,83.25,26.65,7.7250000000000005,2.05
27-03-23,0.0,6.0,90.5,24.9,1.575,1.6
28-03-23,0.0,7.0,82.75,27.35,6.525,1.875
29-03-23,0.0,0.0,85.25,26.4,7.1,1.75
30-03-23,0.0,14.0,86.0,26.55,4.875,2.575
31-03-23,0.0,1.75,85.0,26.0,2.8499999999999996,2.0
01-04-23,0.0,9.0,92.0,23.700000000000003,1.275,2.5
02-04-23,1.0,10.75,78.25,26.400000000000002,9.475000000000001,1.425
03-04-23,2.0,0.0,77.0,28.025,9.35,2.125
04-04-23,0.0,0.0,80.0,28.85,9.075,4.425
05-04-23,0.0,0.0,83.25,28.75,7.975,2.975
06-04-23,1.0,0.25,78.0,28.95,8.299999999999999,1.0
07-04-23,0.0,0.0,73.25,28.900000000000002,9.25,1.325
08-04-23,0.0,0.0,67.75,29.25,9.875,1.25
09-04-23,0.0,0.0,72.0,29.775,9.274999999999999,1.5
10-04-23,0.0,0.0,74.75,30.174999999999997,9.275,1.675
11-04-23,0.0,0.0,75.0,30.5,8.375,1.125
12-04-23,0.0,0.0,73.5,30.35,9.675,1.5
13-04-23,0.0,0.0,70.0,30.9,9.8,1.575
14-04-23,0.0,0.0,71.25,31.525,9.825,1.425
15-04-23,0.0,0.0,74.5,31.700000000000003,9.5,1.375
16-04-23,2.0,0.0,78.5,31.825,8.75,1.875
17-04-23,0.0,0.0,81.5,31.05,8.5,2.675
18-04-23,0.0,0.0,80.25,30.975,8.025,2.225
19-04-23,0.0,0.0,81.5,30.85,8.475,3.025
20-04-23,0.0,0.0,81.75,30.400000000000002,7.6000000000000005,2.65
21-04-23,0.0,0.0,81.0,29.224999999999998,1.925,2.975
22-04-23,0.0,0.0,76.0,28.875,7.975,2.2
23-04-23,0.0,0.25,73.0,26.700000000000003,1.2,1.625
24-04-23,0.0,0.0,72.25,27.874999999999996,6.85,0.75
25-04-23,3.0,0.0,69.5,28.9,9.875,2.25
26-04-23,2.0,0.0,68.75,29.375,8.524999999999999,1.075
27-04-23,0.0,0.0,73.0,28.725,9.625,2.125
28-04-23,0.0,5.0,80.5,27.025000000000002,7.300000000000001,2.375
29-04-23,0.0,8.0,74.5,27.775000000000002,7.475,2.625
30-04-23,0.0,1.0,72.25,29.0,5.975,1.575
01-05-23,3.0,0.0,73.25,28.125,3.9749999999999996,2.8
02-05-23,2.0,0.0,64.25,30.025,10.125,2.05
03-05-23,2.0,0.0,81.0,27.799999999999997,2.8499999999999996,2.725
04-05-23,0.0,13.25,85.75,27.8,0.15,0.875
05-05-23,0.0,0.25,83.0,28.625,7.049999999999999,2.75
06-05-23,0.0,4.0,81.0,29.35,6.200000000000001,1.95
07-05-23,0.0,0.0,78.5,30.85,9.6,1.25
08-05-23,2.0,0.0,74.0,31.875,10.225000000000001,1.825
09-05-23,3.0,0.0,72.0,32.225,9.8,1.875
10-05-23,2.0,0.0,75.5,31.575000000000003,10.6,2.8
11-05-23,2.0,0.0,76.75,30.875,9.9,2.325
12-05-23,0.0,0.0,75.25,30.825,7.425,2.05
13-05-23,0.0,0.5,78.25,28.574999999999996,0.35000000000000003,2.325
14-05-23,1.0,0.25,77.5,26.05,0.1,2.875
15-05-23,0.0,1.25,76.75,27.974999999999998,10.275,3.45
16-05-23,3.0,6.25,81.0,28.8,8.649999999999999,5.875
17-05-23,0.0,8.75,86.0,27.3,6.299999999999999,4.025
18-05-23,1.0,14.75,88.75,25.575000000000003,2.25,4.7
19-05-23,0.0,23.5,82.5,29.775,8.024999999999999,2.8
20-05-23,1.0,0.25,77.75,29.650000000000002,9.025,2.175
21-05-23,2.0,0.0,81.75,30.55,8.774999999999999,3.725
22-05-23,1.0,2.75,80.0,30.625,10.15,4.125
23-05-23,1.0,0.0,85.25,28.075000000000003,6.225,3.2249999999999996
24-05-23,2.0,32.25,93.5,24.75,0.15,2.0
25-05-23,0.0,27.75,85.75,28.875,5.75,2.95
26-05-23,0.0,7.75,82.0,28.15,7.95,2.375
27-05-23,1.0,3.5,85.75,27.6,6.424999999999999,2.125
28-05-23,1.0,3.25,78.0,29.75,10.425,1.125
29-05-23,1.0,0.0,75.0,30.6,10.6,1.75
30-05-23,6.0,0.0,77.25,31.675,9.475,1.825
31-05-23,3.0,0.0,74.5,32.025,9.275,1.0
01-06-23,2.0,0.0,79.25,31.425,6.35,1.325
02-06-23,1.0,0.0,77.25,31.425,8.125,2.125
03-06-23,5.0,0.0,78.5,31.875,8.925,2.5
04-06-23,3.0,0.0,78.75,31.950000000000003,8.675,1.5
05-06-23,2.0,0.0,74.75,32.25,9.575,1.25
06-06-23,4.0,0.0,77.5,32.35,9.674999999999999,0.75
07-06-23,5.0,0.0,85.5,30.924999999999997,0.075,2.0
08-06-23,4.0,0.0,91.75,28.950000000000003,0.15,1.75
09-06-23,0.0,14.75,89.5,27.825000000000003,0.0,1.5
10-06-23,1.0,3.5,89.5,27.650000000000002,0.0,1.25
11-06-23,12.0,2.0,88.0,28.65,0.1,2.875
12-06-23,4.0,0.25,88.5,28.775,5.125,2.625
13-06-23,13.0,31.5,85.75,29.949999999999996,7.175000000000001,3.4
14-06-23,8.0,6.75,79.0,32.275000000000006,9.05,3.875
15-06-23,14.0,0.0,86.25,30.525,0.2,4.0
16-06-23,0.0,17.25,82.0,31.525,3.8000000000000003,4.75
17-06-23,24.0,1.25,83.75,30.425,1.1500000000000001,3.175
18-06-23,14.0,5.0,86.75,29.450000000000003,1.175,4.075
19-06-23,11.0,5.25,90.25,28.325,2.1,2.375
20-06-23,21.0,7.25,87.0,30.2,3.65,2.5500000000000003
21-06-23,20.0,1.75,87.75,29.7,3.4499999999999997,2.4
22-06-23,13.0,1.75,88.25,28.85,0.8749999999999999,2.0
23-06-23,0.0,1.25,90.0,28.875,3.1500000000000004,2.325
24-06-23,26.0,8.75,89.0,28.775,1.2249999999999999,2.65
25-06-23,18.0,6.0,92.5,27.875,2.15,2.2
26-06-23,28.0,28.25,94.5,27.15,0.35,1.8
27-06-23,2.0,32.0,98.0,26.799999999999997,0.025,1.825
28-06-23,12.0,55.0,92.0,29.000000000000004,1.475,2.2
29-06-23,2.0,9.0,95.0,27.35,1.475,2.45
30-06-23,3.0,39.75,89.25,29.6,6.025,3.5250000000000004
01-07-23,42.0,22.75,88.75,30.025,2.325,2.875
02-07-23,89.0,12.25,86.5,30.549999999999997,4.1,1.7999999999999998
03-07-23,50.0,8.5,85.5,30.375,5.825,2.45
04-07-23,62.0,8.5,83.0,30.5,7.275,1.5
05-07-23,46.0,7.0,88.0,29.324999999999996,6.074999999999999,3.0249999999999995
06-07-23,70.0,7.25,89.0,29.375,3.85,2.45
07-07-23,6.0,19.5,89.25,29.05,3.2,2.75
08-07-23,110.0,8.0,89.25,29.0,5.074999999999999,2.7
09-07-23,98.0,9.5,85.25,30.275,6.375000000000001,1.825
10-07-23,56.0,4.75,92.0,28.825,2.825,1.825
11-07-23,93.0,9.25,87.5,29.15,2.25,2.1
12-07-23,172.0,4.75,87.0,29.325000000000003,4.999999999999999,2.6
13-07-23,111.0,3.25,89.5,28.85,3.7,1.4
14-07-23,43.0,23.75,91.75,28.25,4.824999999999999,1.5
15-07-23,123.0,5.0,91.0,28.125,3.925,2.625
16-07-23,153.0,18.25,87.75,29.075000000000003,6.3,2.675
17-07-23,165.0,5.25,86.75,29.525,6.2250000000000005,2.15
18-07-23,170.0,1.25,84.5,29.950000000000003,6.9,3.175
19-07-23,185.0,2.5,83.0,30.075,9.425,3.1
20-07-23,240.0,1.5,82.25,30.375,8.775,4.5
21-07-23,87.0,1.75,85.25,29.799999999999997,7.6499999999999995,2.875
22-07-23,278.0,0.5,82.75,30.075,8.55,2.825
23-07-23,285.0,2.0,83.25,30.450000000000003,6.574999999999999,3.125
24-07-23,273.0,2.25,82.5,30.375,5.675,1.95
25-07-23,293.0,0.25,86.25,29.525,4.85,3.5250000000000004
26-07-23,284.0,5.25,88.0,29.450000000000003,5.275,3.325
27-07-23,289.0,11.75,85.5,29.799999999999997,6.699999999999999,2.8
28-07-23,180.0,6.75,88.5,29.25,6.5,2.8
29-07-23,191.0,14.75,86.0,30.175,7.75,2.875
30-07-23,339.0,6.0,83.25,31.099999999999998,10.725,2.25
31-07-23,294.0,2.75,89.0,29.825000000000003,7.325,3.75
01-08-23,256.0,34.75,92.25,28.45,2.0,6.5
02-08-23,314.0,34.75,89.5,28.7,2.875,3.75
03-08-23,296.0,22.5,93.0,28.475,0.0,2.45
04-08-23,221.0,37.75,92.5,28.299999999999997,1.6500000000000001,2.875
05-08-23,273.0,26.25,95.25,27.325,2.125,2.625
06-08-23,348.0,69.0,98.5,27.35,1.425,2.5
07-08-23,275.0,128.75,99.25,26.775,1.575,2.95
08-08-23,316.0,157.25,96.5,27.075,0.25,2.125
09-08-23,356.0,29.0,93.0,27.625,2.1,0.75
10-08-23,405.0,19.0,92.0,28.275,0.5,3.0
11-08-23,269.0,12.5,92.25,28.625,1.125,1.0
12-08-23,386.0,3.0,92.75,28.375,1.8,1.425
13-08-23,350.0,33.75,95.75,27.349999999999998,0.85,0.75
14-08-23,301.0,28.25,88.25,28.549999999999997,0.675,1.5
15-08-23,273.0,2.25,87.0,29.95,2.575,1.75
16-08-23,238.0,1.5,85.75,30.299999999999997,4.025,1.5
17-08-23,260.0,5.5,82.25,30.35,8.2,2.725
18-08-23,182.0,1.0,85.75,29.400000000000002,6.4,4.4
19-08-23,265.0,4.5,87.5,29.200000000000003,4.725,2.8
20-08-23,266.0,4.25,83.25,30.25,8.925,3.875
21-08-23,228.0,1.5,82.0,30.5,7.675000000000001,2.675
22-08-23,259.0,0.0,92.25,28.075000000000003,2.325,1.875
23-08-23,192.0,65.5,91.5,27.950000000000003,2.175,1.625
24-08-23,238.0,4.5,90.75,28.525,2.225,1.75
25-08-23,166.0,8.0,93.25,27.65,2.7249999999999996,1.825
26-08-23,237.0,14.0,92.75,28.174999999999997,1.7750000000000001,2.0
27-08-23,259.0,9.25,95.75,28.275,0.15,0.75
28-08-23,239.0,4.75,92.25,28.450000000000003,1.9,1.75
29-08-23,247.0,16.5,88.0,29.75,6.65,0.75
30-08-23,286.0,16.0,86.75,30.400000000000002,5.675,0.5
31-08-23,256.0,5.0,88.75,29.5,4.1499999999999995,2.75
01-09-23,185.0,16.25,90.75,29.225,3.675,1.25
02-09-23,305.0,17.75,86.25,30.25,5.175,0.75
03-09-23,346.0,4.0,85.75,29.45,6.35,1.75
04-09-23,357.0,2.5,88.0,29.45,4.025,1.625
05-09-23,374.0,7.75,88.25,29.25,3.275,1.0
06-09-23,273.0,9.25,85.0,29.6,6.45,2.325
07-09-23,404.0,19.5,93.25,28.299999999999997,2.675,1.8
08-09-23,197.0,21.75,96.25,27.4,2.35,0.75
09-09-23,391.0,18.5,87.5,29.5,6.175,1.0
10-09-23,374.0,4.25,81.75,30.724999999999998,7.5,1.375
11-09-23,327.0,0.0,91.25,28.75,2.55,1.075
12-09-23,468.0,5.5,86.5,29.575000000000003,5.6,1.0
13-09-23,419.0,1.75,88.75,28.825,5.1,3.4749999999999996
14-09-23,354.0,14.0,94.0,27.975,0.0,2.75
15-09-23,254.0,18.25,90.25,29.025,2.2249999999999996,1.9
16-09-23,383.0,1.75,87.0,29.775,5.675000000000001,0.575
17-09-23,458.0,0.25,82.25,30.45,7.85,5.625
18-09-23,381.0,29.5,94.5,27.0,0.95,1.625
19-09-23,341.0,69.5,94.5,27.6,2.6750000000000003,1.6
20-09-23,440.0,51.5,95.75,27.375000000000004,1.425,2.575
21-09-23,324.0,26.0,92.0,28.6,2.7499999999999996,2.875
22-09-23,277.0,5.0,91.75,28.275,3.375,2.05
23-09-23,469.0,6.25,91.0,28.6,5.225,3.25
24-09-23,477.0,24.25,90.75,28.5,4.825,2.0
25-09-23,423.0,7.25,89.0,29.049999999999997,4.575,1.5
26-09-23,409.0,2.75,83.75,30.0,7.8500000000000005,0.75
27-09-23,402.0,0.0,90.25,28.6,2.5250000000000004,0.5
28-09-23,299.0,2.0,85.5,30.724999999999998,7.675000000000001,2.125
29-09-23,264.0,0.5,92.75,27.9,2.525,1.75
30-09-23,337.0,14.5,91.0,28.0,1.625,4.2
01-10-23,343.0,17.25,89.5,28.85,4.725,3.0
02-10-23,376.0,17.5,90.0,28.425,2.875,2.925
03-10-23,361.0,11.75,96.25,27.0,0.55,2.7
04-10-23,294.0,48.0,97.75,26.6,1.6500000000000001,4.375
05-10-23,273.0,129.75,91.5,28.449999999999996,3.775,3.925
06-10-23,237.0,3.0,90.5,29.049999999999997,2.45,2.8
07-10-23,290.0,8.75,93.0,28.175,2.925,2.625
08-10-23,365.0,23.25,92.0,28.275,5.3999999999999995,1.25
09-10-23,331.0,21.25,87.5,29.7,7.025,1.625
10-10-23,319.0,0.0,88.0,29.65,7.049999999999999,1.125
11-10-23,298.0,0.0,88.0,28.725,4.075,1.25
12-10-23,317.0,9.75,87.75,28.424999999999997,7.0,2.5
13-10-23,171.0,2.75,83.75,29.125,8.625,1.0
14-10-23,349.0,0.0,81.75,28.875,8.975,1.0
15-10-23,359.0,0.0,85.0,28.3,8.05,1.5
16-10-23,281.0,0.0,83.75,28.125,8.774999999999999,1.5
17-10-23,341.0,0.0,84.75,28.075,8.825,0.625
18-10-23,283.0,0.0,83.25,28.15,8.7,1.5
19-10-23,259.0,0.0,85.75,27.625,7.1,1.75
20-10-23,165.0,0.0,83.5,26.925,9.025,1.5
21-10-23,220.0,0.0,82.75,27.174999999999997,10.125,1.875
22-10-23,218.0,0.0,83.5,28.325,8.524999999999999,1.5
23-10-23,235.0,0.0,90.0,26.35,0.025,1.5
24-10-23,150.0,7.25,93.75,25.349999999999998,0.0,2.75
25-10-23,236.0,8.0,84.75,27.4,8.3,1.575
26-10-23,193.0,2.0,84.75,27.475,8.525,1.0
27-10-23,157.0,0.0,84.25,26.900000000000002,8.8,1.5
28-10-23,231.0,0.0,81.75,26.3,8.950000000000001,1.625
29-10-23,215.0,0.0,81.75,25.725,9.100000000000001,1.25
30-10-23,201.0,0.0,81.0,25.525,9.225,1.0
31-10-23,186.0,0.0,81.5,26.625,8.325,0.875
01-11-23,242.0,0.0,81.75,27.925000000000004,8.9,2.0
02-11-23,211.0,0.0,83.0,27.6,8.45,1.0
03-11-23,134.0,0.0,83.75,27.275,7.325,0.875
04-11-23,214.0,0.0,85.0,26.875,7.1,1.0
05-11-23,236.0,1.75,84.75,26.499999999999996,7.725,1.125
06-11-23,201.0,0.0,82.0,25.125,8.55,2.375
07-11-23,226.0,0.0,83.0,24.225,8.475,1.5
08-11-23,189.0,0.0,83.0,24.175,7.85,1.625
09-11-23,188.0,0.0,83.25,24.200000000000003,8.274999999999999,1.5
10-11-23,135.0,0.0,83.0,23.925,8.4,2.125
11-11-23,163.0,0.0,82.75,24.025000000000002,8.775,2.0
12-11-23,229.0,0.0,83.0,24.4,8.575000000000001,1.25
13-11-23,208.0,0.0,83.5,24.575,8.774999999999999,0.875
14-11-23,166.0,0.0,82.25,25.200000000000003,8.7,0.5
15-11-23,166.0,0.0,82.0,26.200000000000003,5.675,1.5
16-11-23,172.0,0.0,95.25,24.325000000000003,1.95,3.0
17-11-23,71.0,65.5,98.0,22.3,1.975,5.2
18-11-23,84.0,146.25,90.0,23.125,5.725,1.625
19-11-23,163.0,0.0,87.75,23.925,8.25,1.75
20-11-23,83.0,0.0,87.5,24.950000000000003,7.1,1.375
21-11-23,120.0,0.0,90.25,23.575,2.2,0.5
22-11-23,103.0,0.0,84.0,22.725,7.825,2.0
23-11-23,126.0,0.0,85.5,21.625,7.275,1.625
24-11-23,73.0,0.0,85.25,22.124999999999996,7.675,1.0
25-11-23,72.0,0.0,83.75,22.5,8.325,1.5
26-11-23,92.0,0.0,83.25,22.375,9.15,1.0
27-11-23,103.0,0.0,83.75,23.775,7.6000000000000005,0.75
28-11-23,95.0,0.0,83.0,23.674999999999997,7.325,0.75
29-11-23,103.0,0.0,89.75,22.525000000000002,2.05,0.0
30-11-23,89.0,0.0,84.5,23.375,7.775,1.0
01-12-23,44.0,0.0,83.5,23.6,8.825,1.0
02-12-23,76.0,0.0,82.25,23.699999999999996,8.5,1.0
03-12-23,70.0,0.0,82.75,23.924999999999997,6.0,1.375
04-12-23,72.0,0.0,84.25,23.775,2.35,1.0
05-12-23,60.0,0.0,81.75,23.875,1.875,1.5
06-12-23,45.0,0.0,79.5,24.425000000000004,2.4000000000000004,1.575
07-12-23,66.0,1.0,90.5,22.6,1.8,2.8
08-12-23,19.0,3.75,90.75,21.825000000000003,2.225,1.875
09-12-23,38.0,0.0,87.0,21.525,7.6499999999999995,2.45
10-12-23,42.0,0.0,87.0,19.825000000000003,5.325,1.5
11-12-23,31.0,0.0,82.5,19.5,7.125,3.5
12-12-23,16.0,0.0,88.5,19.075000000000003,5.85,1.75
13-12-23,37.0,0.0,83.5,19.125,7.4,2.05
14-12-23,28.0,0.0,79.25,18.400000000000002,6.5,1.875
15-12-23,13.0,0.0,82.5,18.125,7.325,1.875
16-12-23,8.0,0.0,84.25,18.625,7.699999999999999,1.0
17-12-23,26.0,0.0,82.75,18.700000000000003,7.300000000000001,1.25
18-12-23,21.0,0.0,84.25,18.95,6.5,1.875
19-12-23,20.0,0.0,84.0,18.924999999999997,7.574999999999999,2.25
20-12-23,13.0,0.0,82.5,18.8,8.25,1.125
21-12-23,9.0,0.0,84.5,18.724999999999998,6.875,0.75
22-12-23,2.0,0.0,84.5,19.474999999999998,7.075000000000001,1.0
23-12-23,16.0,0.0,86.5,20.2,6.800000000000001,0.5
24-12-23,24.0,0.0,88.25,20.65,6.375,0.5
25-12-23,3.0,0.0,89.25,20.3,4.025,1.0
26-12-23,29.0,0.0,88.75,20.35,5.35,0.75
27-12-23,17.0,0.0,88.5,20.15,3.75,0.5
28-12-23,10.0,0.0,87.75,20.15,4.975,0.5
29-12-23,6.0,0.0,84.5,20.4,7.85,1.5
30-12-23,10.0,0.0,85.25,20.35,7.925,1.0
31-12-23,5.0,0.0,89.0,19.825000000000003,5.625,2.075
01-01-24,10.0,0.0,89.25,18.9,5.775,1.875
02-01-24,5.0,0.0,86.25,18.325000000000003,6.15,0.75
03-01-24,5.0,0.0,88.5,17.7,5.6499999999999995,1.75
04-01-24,7.0,0.0,84.5,18.525,7.375,1.6
05-01-24,3.0,0.0,86.0,18.325,6.85,1.875
06-01-24,4.0,0.0,84.25,18.725,6.85,2.0
07-01-24,0.0,0.0,81.5,19.375,7.35,3.0
08-01-24,3.0,0.0,84.25,19.25,6.45,2.45
09-01-24,1.0,0.0,85.5,17.825000000000003,6.4,2.625
10-01-24,5.0,0.0,84.5,18.0,6.7,1.875
11-01-24,1.0,0.0,82.5,17.974999999999998,6.125,1.625
12-01-24,0.0,0.0,87.0,15.1,4.449999999999999,3.25
13-01-24,0.0,0.0,90.75,14.674999999999999,1.975,2.25
14-01-24,6.0,0.0,92.5,14.325,1.425,1.375
15-01-24,2.0,0.0,87.25,15.399999999999999,5.125,2.325
16-01-24,5.0,0.0,89.75,15.275,4.7749999999999995,1.0
17-01-24,6.0,0.0,87.5,16.475,5.175,1.25
18-01-24,9.0,0.0,90.25,16.924999999999997,0.05,1.25
19-01-24,0.0,3.75,84.25,19.025,5.975,1.75
20-01-24,5.0,0.0,85.0,17.674999999999997,6.1499999999999995,2.25
21-01-24,10.0,0.0,85.5,17.9,1.8499999999999999,1.5
22-01-24,10.0,0.0,85.0,15.05,5.75,2.175
23-01-24,4.0,0.0,87.25,15.175,5.55,1.625
24-01-24,1.0,0.0,86.0,18.099999999999998,2.575,1.5
25-01-24,4.0,4.0,87.0,17.725,1.275,0.5
26-01-24,0.0,0.25,82.5,17.225,4.625,2.25
27-01-24,8.0,0.0,76.0,15.774999999999999,7.300000000000001,1.25
28-01-24,1.0,0.0,74.0,16.7,8.174999999999999,2.375
29-01-24,3.0,0.0,72.75,17.15,7.675,1.5
30-01-24,2.0,0.0,77.75,18.7,7.4,0.875
31-01-24,3.0,0.0,82.75,19.8,1.9,1.25
01-02-24,3.0,0.0,88.75,20.450000000000003,1.575,0.75
02-02-24,0.0,8.75,87.5,21.775000000000002,2.7,3.15
03-02-24,1.0,1.25,79.5,21.1,7.15,2.0
04-02-24,5.0,0.0,81.25,20.674999999999997,6.975,3.5
05-02-24,2.0,0.0,80.25,21.8,6.75,1.5
06-02-24,2.0,0.0,88.75,23.025000000000002,1.35,2.0
07-02-24,2.0,0.0,80.5,20.975,2.7249999999999996,2.75
08-02-24,2.0,0.0,71.25,18.8,8.825,2.75
09-02-24,0.0,0.0,69.25,18.125,9.05,3.25
10-02-24,0.0,0.0,75.25,18.900000000000002,8.525,3.1500000000000004
11-02-24,3.0,0.0,76.25,19.974999999999998,8.5,2.125
12-02-24,1.0,0.0,74.75,20.924999999999997,6.2,1.0
13-02-24,2.0,0.0,72.25,21.599999999999998,7.225,1.5
14-02-24,4.0,0.0,74.75,22.0,5.725,1.5
15-02-24,0.0,0.0,72.5,22.974999999999998,6.9750000000000005,2.0
16-02-24,0.0,0.0,79.25,22.599999999999998,7.3999999999999995,2.5
17-02-24,3.0,0.0,73.0,21.425,8.45,2.5
18-02-24,0.0,0.0,73.0,21.525,8.5,2.25
19-02-24,1.0,0.0,75.25,23.299999999999997,8.05,1.5
20-02-24,2.0,0.0,82.25,25.1,3.6750000000000003,2.325
21-02-24,0.0,0.0,84.75,25.625,5.175000000000001,2.8
22-02-24,2.0,0.75,85.0,25.85,4.225,3.825
23-02-24,0.0,0.0,81.0,23.974999999999998,2.125,2.075
24-02-24,6.0,0.5,80.75,24.175,4.2,1.25
25-02-24,2.0,0.25,73.5,21.924999999999997,5.949999999999999,5.95
26-02-24,0.0,0.0,64.25,22.825,8.9,3.2
27-02-24,3.0,0.0,63.25,22.875,8.0,2.0
28-02-24,2.0,0.0,67.0,23.95,7.9,1.875
29-02-24,2.0,0.0,72.5,23.849999999999998,5.475,1.625
01-03-24,2.0,0.0,70.5,23.575000000000003,9.450000000000001,2.375
02-03-24,2.0,0.0,69.0,23.775,9.575,2.075
03-03-24,2.0,0.0,73.75,24.8,8.9,3.0
04-03-24,1.0,0.0,73.5,24.775000000000002,6.375,1.625
05-03-24,0.0,0.0,75.75,25.175,9.175,3.45
06-03-24,2.0,0.0,69.5,23.675,9.825,2.2
07-03-24,0.0,0.0,65.5,23.8,8.075,2.175
08-03-24,0.0,0.0,64.5,23.525000000000002,9.775,1.5
09-03-24,1.0,0.0,63.75,23.35,10.0,3.5
10-03-24,0.0,0.0,63.75,23.049999999999997,10.05,2.55
11-03-24,2.0,0.0,67.25,23.049999999999997,10.075,2.45
12-03-24,0.0,0.0,77.75,26.750000000000004,7.275,2.45
13-03-24,0.0,0.0,79.0,28.05,6.45,1.875
14-03-24,1.0,0.0,84.25,27.175,3.5,2.125
15-03-24,0.0,0.0,82.25,27.475,5.075,2.325
16-03-24,2.0,5.25,80.75,27.175,6.975,1.575
17-03-24,1.0,0.0,75.75,26.85,7.575000000000001,1.625
18-03-24,1.0,0.0,77.25,26.825000000000003,3.625,1.25
19-03-24,1.0,0.0,80.5,26.450000000000003,0.625,1.25
20-03-24,2.0,0.5,78.75,24.7,5.225,3.9749999999999996
21-03-24,2.0,0.5,82.25,22.575000000000003,2.325,2.25
22-03-24,0.0,6.5,80.5,24.65,5.975,1.375
23-03-24,0.0,0.0,81.5,26.7,8.25,2.075
24-03-24,3.0,0.0,80.25,27.55,8.3,3.95
25-03-24,0.0,2.75,80.0,27.9,7.925000000000001,2.625
26-03-24,0.0,0.0,73.75,27.825000000000003,9.425,2.45
27-03-24,3.0,0.0,81.5,28.174999999999997,8.024999999999999,2.5
28-03-24,0.0,0.75,81.5,27.75,5.475,2.3
29-03-24,0.0,0.0,84.0,28.8,5.875,1.9
30-03-24,0.0,1.5,84.5,29.3,5.85,2.675
31-03-24,0.0,0.0,83.5,28.75,7.1,2.6
01-04-24,5.0,2.5,80.75,30.425,8.8,3.4499999999999997
02-04-24,0.0,0.0,85.0,29.525,4.2,2.575
03-04-24,0.0,0.0,81.25,29.775000000000002,6.949999999999999,2.55
04-04-24,2.0,0.0,79.0,29.9,6.9,2.6
05-04-24,0.0,0.0,83.25,29.925,7.175000000000001,2.35
06-04-24,3.0,0.0,80.25,30.450000000000003,6.95,2.45
07-04-24,1.0,0.0,85.25,27.200000000000003,2.8,3.425
08-04-24,0.0,10.5,71.0,28.825,7.3,4.0
09-04-24,1.0,0.0,73.5,28.55,7.799999999999999,1.25
10-04-24,0.0,0.0,72.75,28.925,5.85,1.875
11-04-24,3.0,0.0,65.25,29.425,5.675000000000001,2.25
12-04-24,0.0,0.0,62.75,30.3,7.875,1.825
13-04-24,1.0,0.0,67.0,30.275000000000002,9.200000000000001,1.5
14-04-24,0.0,0.0,70.5,30.150000000000002,7.324999999999999,1.5
15-04-24,0.0,0.0,66.25,30.85,7.699999999999999,1.625
16-04-24,10.0,0.0,73.75,30.85,8.875,2.8
17-04-24,0.0,1.25,81.0,30.75,7.825,2.825
18-04-24,1.0,3.5,82.5,31.125,8.325,2.2
19-04-24,0.0,0.75,77.75,31.575,9.8,3.525
20-04-24,0.0,0.0,77.5,31.8,9.425,4.0
21-04-24,5.0,0.0,80.0,31.625,8.1,4.375
22-04-24,2.0,0.0,81.5,31.55,6.3,2.95
23-04-24,1.0,0.0,73.75,32.25,9.4,1.8499999999999999
24-04-24,0.0,0.0,71.25,32.45,10.075000000000001,2.8249999999999997
25-04-24,3.0,0.0,79.25,31.849999999999998,10.200000000000001,2.625
26-04-24,0.0,0.0,79.5,31.775,9.45,3.125
27-04-24,2.0,0.0,80.5,31.6,8.875,2.7249999999999996
28-04-24,2.0,0.0,78.5,32.150000000000006,8.5,3.125
29-04-24,9.0,0.0,79.0,32.4,9.524999999999999,3.05
30-04-24,11.0,0.0,79.5,32.225,9.399999999999999,5.199999999999999
01-05-24,0.0,0.0,75.75,32.550000000000004,9.25,4.4
02-05-24,1.0,0.0,77.25,31.775,7.475,5.075
03-05-24,2.0,0.0,77.75,31.700000000000003,8.325000000000001,3.9
04-05-24,2.0,8.0,75.0,31.75,8.3,3.0999999999999996
05-05-24,2.0,0.0,75.75,31.525000000000002,9.450000000000001,4.975
06-05-24,10.0,0.0,84.5,27.150000000000002,6.300000000000001,5.925000000000001
07-05-24,6.0,67.25,81.5,27.700000000000003,6.15,1.55
08-05-24,7.0,22.5,85.5,25.6,2.2750000000000004,1.625
09-05-24,13.0,8.75,76.5,28.75,7.2,2.125
10-05-24,2.0,0.0,76.25,29.1,8.024999999999999,2.325
11-05-24,6.0,0.5,89.0,26.525,3.925,2.5
12-05-24,4.0,25.25,87.75,27.425000000000004,3.95,2.5
13-05-24,10.0,11.0,80.5,29.475,7.8,3.0
14-05-24,5.0,5.0,76.5,30.6,9.925,1.5
15-05-24,5.0,0.0,76.25,31.075000000000003,10.2,1.0
16-05-24,3.0,0.0,76.25,31.7,7.375,1.75
17-05-24,0.0,0.0,76.75,31.8,10.6,2.375
18-05-24,6.0,0.0,82.25,29.825,5.225,2.325
19-05-24,8.0,2.5,86.5,29.225,3.9499999999999997,2.375
20-05-24,5.0,9.0,90.75,27.5,4.075,2.475
21-05-24,9.0,45.0,82.75,30.225,8.6,1.25
22-05-24,0.0,18.75,81.5,30.875000000000004,8.275,2.0
23-05-24,11.0,0.25,77.25,31.424999999999997,9.675,1.0
24-05-24,3.0,0.0,75.25,32.349999999999994,11.350000000000001,1.375
25-05-24,0.0,0.0,78.25,31.349999999999998,9.350000000000001,3.425
26-05-24,5.0,20.75,88.5,28.7,0.4,14.850000000000001
27-05-24,0.0,53.0,93.0,27.75,0.0,13.175
28-05-24,0.0,118.0,89.0,30.0,0.1,3.2
29-05-24,4.0,5.5,86.5,31.25,2.75,3.4250000000000003
30-05-24,4.0,0.0,83.5,31.4,7.025,3.25
31-05-24,2.0,1.75,82.5,30.725,3.0,2.375
01-06-24,2.0,0.0,80.75,31.924999999999997,9.525,2.05
02-06-24,4.0,0.0,81.75,31.5,7.725,2.5
03-06-24,1.0,0.25,84.5,30.65,4.6,4.05
04-06-24,2.0,5.25,84.25,31.025,7.0249999999999995,2.25
05-06-24,5.0,2.5,82.5,31.65,7.775,2.525
06-06-24,2.0,0.5,80.5,32.175,6.4,2.0
07-06-24,2.0,2.75,77.75,32.175,6.9,2.65
08-06-24,1.0,0.0,77.0,32.3,7.699999999999999,2.8499999999999996
09-06-24,6.0,0.0,79.75,31.975,4.575,2.575
10-06-24,11.0,0.0,79.75,32.199999999999996,5.1,2.2750000000000004
11-06-24,4.0,0.0,78.0,32.25,6.8,2.475
12-06-24,2.0,0.0,82.25,31.525000000000002,1.7249999999999999,2.05
13-06-24,6.0,0.0,81.75,31.049999999999997,1.6,2.5500000000000003
14-06-24,1.0,0.0,84.5,31.225,0.3,2.5500000000000003
15-06-24,1.0,0.0,81.75,31.725,3.375,3.175
16-06-24,0.0,0.0,81.25,32.0,4.6,2.725
17-06-24,0.0,0.0,80.25,32.150000000000006,2.6,3.825
18-06-24,0.0,0.0,82.0,31.924999999999997,0.175,2.875
19-06-24,6.0,2.25,93.25,26.975,0.0,3.25
20-06-24,5.0,49.75,94.5,27.2,0.0,1.875
21-06-24,0.0,29.25,86.5,29.424999999999997,1.3250000000000002,0.75
22-06-24,8.0,0.75,85.5,29.975,4.074999999999999,1.75
23-06-24,8.0,8.25,82.25,30.625,5.8999999999999995,1.6
24-06-24,2.0,0.0,83.25,30.6,5.6499999999999995,1.8
25-06-24,9.0,2.5,83.25,30.575,4.875,1.875
26-06-24,3.0,4.0,86.5,30.225,1.75,1.0
27-06-24,1.0,10.5,87.0,29.6,5.375,4.175
28-06-24,0.0,7.75,90.25,29.425,1.475,2.45
29-06-24,1.0,19.0,89.5,29.424999999999997,1.25,2.875
30-06-24,3.0,13.0,91.75,28.8,0.825,2.625
01-07-24,3.0,34.0,94.75,28.150000000000002,0.0,1.0
02-07-24,7.0,52.25,94.0,28.075,0.05,2.875
03-07-24,7.0,36.75,91.25,28.1,0.35,1.575
04-07-24,4.0,8.0,92.75,28.275,0.825,1.875
05-07-24,0.0,25.5,97.0,26.65,0.0,0.75
06-07-24,4.0,96.75,91.25,28.9,4.15,2.175
07-07-24,12.0,19.5,86.5,29.775,6.5,1.75
08-07-24,6.0,6.0,86.75,29.725,3.2750000000000004,1.75
09-07-24,8.0,0.25,88.0,29.550000000000004,0.775,2.0
10-07-24,2.0,1.75,83.75,30.450000000000003,5.999999999999999,1.9
11-07-24,10.0,4.75,87.5,29.875,2.675,1.625
12-07-24,0.0,10.0,93.25,28.05,0.325,1.875
13-07-24,7.0,16.25,83.25,30.299999999999997,7.7749999999999995,1.875
14-07-24,11.0,0.0,82.5,30.424999999999997,8.375,3.0
15-07-24,6.0,2.75,83.25,30.15,6.025,4.225
16-07-24,11.0,3.0,86.0,30.049999999999997,6.35,2.0
17-07-24,3.0,1.5,82.0,30.9,9.25,2.25
18-07-24,3.0,0.0,79.0,31.25,8.55,2.475
19-07-24,3.0,0.0,83.25,30.049999999999997,8.15,3.125
20-07-24,3.0,7.5,85.25,29.799999999999997,6.075,2.7
21-07-24,3.0,8.0,91.0,28.799999999999997,2.6499999999999995,2.175
22-07-24,3.0,22.0,92.75,28.349999999999998,0.6749999999999999,2.175
23-07-24,3.0,31.0,88.5,29.475,4.65,2.325
24-07-24,34.0,33.25,88.5,29.6,3.5,1.875
25-07-24,23.0,23.5,86.25,29.925,7.3500000000000005,2.1
26-07-24,0.0,12.0,88.75,29.725,3.225,2.7
27-07-24,18.0,28.5,87.5,29.724999999999998,5.324999999999999,2.2
28-07-24,28.0,11.75,89.5,29.299999999999997,3.4000000000000004,2.45
29-07-24,34.0,16.25,87.25,29.625,4.225,2.925
30-07-24,29.0,4.25,92.25,29.174999999999997,0.025,1.75
31-07-24,19.0,11.5,91.75,28.799999999999997,1.7999999999999998,1.5
01-08-24,27.0,73.75,97.25,26.75,0.0,2.8249999999999997
02-08-24,27.0,187.5,93.5,28.1,0.125,3.0
03-08-24,13.0,44.75,94.5,27.85,0.025,1.7
04-08-24,0.0,35.25,93.5,28.225,0.25,1.375
05-08-24,0.0,12.75,93.0,27.950000000000003,1.025,2.375
06-08-24,18.0,28.75,90.75,28.400000000000002,3.55,1.7
07-08-24,27.0,22.5,91.5,28.225,1.425,2.0
08-08-24,14.0,12.75,93.75,27.674999999999997,0.875,2.25
09-08-24,0.0,34.25,92.75,28.05,1.6749999999999998,2.425
10-08-24,0.0,31.5,94.25,28.025000000000002,0.075,2.125
11-08-24,0.0,21.5,92.5,28.375,0.85,2.375
12-08-24,71.0,45.25,91.25,28.974999999999998,1.575,1.675
13-08-24,22.0,4.25,88.5,29.300000000000004,5.949999999999999,1.675
14-08-24,31.0,23.25,87.5,29.425,4.675000000000001,1.625
15-08-24,42.0,5.5,87.75,29.1,4.25,2.05
16-08-24,0.0,15.5,96.75,26.9,0.025,1.55
17-08-24,0.0,43.75,93.0,27.25,0.5,2.5
18-08-24,68.0,25.0,90.25,28.475,1.025,1.5
19-08-24,35.0,23.75,95.25,27.625,0.0,2.175
20-08-24,19.0,88.25,95.25,27.799999999999997,0.275,2.15
21-08-24,28.0,48.5,94.0,28.825,0.0,2.75
22-08-24,24.0,14.25,96.25,27.375,0.0,1.625
23-08-24,0.0,49.75,93.5,27.525,0.75,1.0
24-08-24,30.0,26.5,88.75,28.35,3.95,1.0
25-08-24,37.0,18.0,96.75,26.25,0.0,1.95
26-08-24,2.0,77.25,94.75,26.725,0.125,1.0
27-08-24,32.0,39.75,90.5,28.425,3.825,2.5
28-08-24,17.0,1.25,91.25,28.2,1.5,0.75
29-08-24,25.0,1.5,82.75,30.025,10.024999999999999,2.075
30-08-24,0.0,0.0,79.75,30.575,9.675,1.925
31-08-24,0.0,0.25,84.5,29.575000000000003,6.9,2.625
01-09-24,94.0,2.5,87.5,29.275,4.3,2.075
02-09-24,14.0,9.0,89.0,29.275,4.3,1.25
03-09-24,39.0,16.0,85.5,29.65,6.325,1.325
04-09-24,44.0,3.5,84.25,30.3,8.0,1.25
05-09-24,36.0,0.0,83.75,30.1,5.1,1.25
06-09-24,0.0,2.25,86.25,29.875000000000004,5.124999999999999,1.0
07-09-24,0.0,6.5,83.5,30.175,6.9,2.0
08-09-24,54.0,5.5,81.5,30.45,8.9,2.6
09-09-24,24.0,6.25,83.0,30.125,9.3,2.5
10-09-24,37.0,3.0,83.75,30.300000000000004,7.45,2.25
11-09-24,45.0,1.0,88.5,30.1,3.15,0.75
12-09-24,36.0,40.25,93.5,27.874999999999996,0.95,2.625
13-09-24,0.0,93.0,96.25,26.675000000000004,0.0,3.375
14-09-24,55.0,61.75,97.5,26.35,0.0,6.0
15-09-24,46.0,180.75,93.0,27.25,0.0,4.1
16-09-24,0.0,35.25,88.0,29.125000000000004,3.325,3.45
17-09-24,80.0,0.25,84.75,29.725,9.05,1.375
18-09-24,46.0,0.0,83.5,30.7,7.7,0.25
19-09-24,49.0,0.75,84.5,31.225,6.65,0.75
20-09-24,5.0,0.0,83.25,31.474999999999998,8.350000000000001,3.375
21-09-24,71.0,23.0,91.75,27.45,0.125,1.25
22-09-24,65.0,5.75,83.0,30.45,9.575,2.125
23-09-24,55.0,0.0,89.25,29.875,0.825,1.0
24-09-24,55.0,4.25,87.25,28.95,3.775,3.2
25-09-24,55.0,33.25,96.5,27.05,0.0,2.575
26-09-24,71.0,40.75,95.25,27.174999999999997,0.0,2.425
27-09-24,6.0,24.25,88.5,28.75,6.2,2.825
28-09-24,101.0,4.25,86.25,29.5,8.3,1.625
29-09-24,74.0,2.0,85.25,30.3,7.800000000000001,2.275
30-09-24,70.0,0.75,84.25,30.95,9.525,2.5
01-10-24,99.0,0.25,88.0,29.975,2.7249999999999996,2.25
02-10-24,76.0,7.0,91.25,28.9,0.2,0.825
03-10-24,93.0,24.0,93.0,27.275,0.0,1.8
04-10-24,5.0,27.0,89.25,28.5,1.3,2.475
05-10-24,102.0,36.25,94.25,27.125,0.0,1.25
06-10-24,87.0,32.0,91.75,27.799999999999997,3.6999999999999997,2.125
07-10-24,102.0,36.25,88.5,28.85,3.7749999999999995,0.75
08-10-24,93.0,1.25,84.75,29.325,7.0,0.5
09-10-24,86.0,1.25,85.75,28.675,6.6,1.875
10-10-24,62.0,2.0,84.0,29.25,7.2,1.5
11-10-24,27.0,0.0,83.0,29.775,8.775,1.625
12-10-24,108.0,0.75,82.25,30.075,8.899999999999999,0.75
13-10-24,32.0,0.0,87.25,29.225,5.525,0.5
14-10-24,96.0,9.75,84.5,29.424999999999997,7.375,0.875
15-10-24,101.0,0.0,82.75,29.4,6.950000000000001,0.5
16-10-24,95.0,0.0,84.0,29.35,4.074999999999999,0.0
17-10-24,121.0,0.25,88.0,28.15,2.8,0.5
18-10-24,18.0,19.0,87.0,28.5,6.25,1.0
19-10-24,146.0,2.75,91.5,26.975,3.675,0.5
20-10-24,83.0,5.5,86.5,27.549999999999997,7.7,2.0
21-10-24,77.0,0.0,84.75,27.625,8.175,1.25
22-10-24,88.0,0.0,81.25,29.5,9.225,1.0
23-10-24,104.0,0.25,90.75,27.0,0.0,1.0
24-10-24,88.0,22.0,95.75,25.549999999999997,0.0,2.125
25-10-24,25.0,58.25,86.0,28.425,4.725,4.825
26-10-24,94.0,1.5,86.25,28.575,8.375,2.0
27-10-24,111.0,0.25,85.0,28.575000000000003,7.875,0.5
28-10-24,82.0,0.0,85.25,28.725,8.524999999999999,0.75
29-10-24,118.0,0.0,85.0,28.55,8.225,0.5
30-10-24,94.0,0.0,84.75,28.825,7.5,0.25
31-10-24,105.0,0.0,83.5,29.025,8.200000000000001,0.875
01-11-24,12.0,0.25,86.0,27.95,6.875,1.0
02-11-24,125.0,4.5,83.25,27.8,8.575,0.75
03-11-24,118.0,0.0,84.0,27.450000000000003,8.375,0.5
04-11-24,89.0,0.0,84.5,27.425,7.925000000000001,0.5
05-11-24,122.0,0.0,83.0,27.475,4.775,1.0
06-11-24,107.0,2.0,84.5,25.300000000000004,4.975,9.25
07-11-24,138.0,1.0,84.0,25.999999999999996,9.299999999999999,0.5
08-11-24,6.0,0.0,81.0,26.15,9.325000000000001,1.5
09-11-24,131.0,0.0,81.5,26.075,9.225,1.25
10-11-24,101.0,0.0,81.5,26.875,8.375,0.5
11-11-24,88.0,0.0,82.0,27.275,5.875,1.25
12-11-24,108.0,0.0,78.5,27.025,7.550000000000001,1.5
13-11-24,95.0,0.0,79.25,25.7,9.15,2.075
14-11-24,81.0,0.0,82.0,24.675,8.2,2.0
15-11-24,2.0,0.0,82.5,24.174999999999997,7.575,1.75
16-11-24,119.0,0.0,82.5,23.425,7.275,1.25
17-11-24,123.0,0.0,78.5,22.225,8.25,1.25
18-11-24,84.0,0.0,79.5,22.225,8.225,1.0
19-11-24,85.0,0.0,79.0,22.375,7.250000000000001,1.0
20-11-24,111.0,0.0,80.25,22.275,8.875,1.375
21-11-24,82.0,0.0,79.25,22.7,8.950000000000001,1.0
22-11-24,20.0,0.0,80.0,22.475,7.875,0.625
23-11-24,144.0,0.0,83.0,22.525,6.675000000000001,1.0
24-11-24,97.0,0.0,82.5,21.700000000000003,5.875,1.0
25-11-24,61.0,0.0,82.75,21.25,3.7,1.375
26-11-24,81.0,0.0,82.5,20.799999999999997,5.975,1.0
27-11-24,50.0,0.0,83.25,21.45,7.025,0.5
28-11-24,72.0,0.0,81.25,23.174999999999997,5.3999999999999995,1.575
29-11-24,4.0,0.0,77.5,25.025,4.9,1.25
30-11-24,98.0,0.0,81.0,23.950000000000003,2.225,1.675
01-12-24,67.0,0.0,78.25,24.124999999999996,7.1499999999999995,1.5
02-12-24,60.0,0.0,77.0,23.4,2.675,1.5
03-12-24,55.0,0.0,79.25,22.825000000000003,8.825000000000001,2.75
04-12-24,55.0,0.0,78.0,21.424999999999997,8.55,2.125
05-12-24,54.0,0.0,80.25,21.25,7.325,1.0
06-12-24,4.0,0.0,78.75,20.45,8.025,0.875
07-12-24,53.0,0.0,76.5,19.4,8.425,2.625
08-12-24,31.0,0.0,77.25,18.974999999999998,7.875,2.625
09-12-24,35.0,0.0,82.0,20.225,5.925,0.5
10-12-24,29.0,0.0,84.0,20.575,3.55,1.0
11-12-24,23.0,0.0,78.75,18.625,6.525,2.875
12-12-24,41.0,0.0,82.25,17.425,7.275,2.5
13-12-24,9.0,0.0,89.0,17.825,5.699999999999999,2.45
14-12-24,40.0,0.0,85.5,18.049999999999997,6.8,3.325
15-12-24,36.0,0.0,83.25,18.075,7.5,2.925
16-12-24,2.0,0.0,81.5,18.825,8.225000000000001,2.0
17-12-24,51.0,0.0,79.25,21.175,3.175,1.0
18-12-24,33.0,0.0,79.25,21.150000000000002,5.225,1.75
19-12-24,28.0,0.0,80.25,20.125,6.9,1.0
20-12-24,1.0,0.0,78.75,20.8,4.0,2.0
21-12-24,13.0,0.5,93.0,19.4,1.9,0.5
22-12-24,35.0,1.75,81.0,20.4,7.675000000000001,1.175
23-12-24,17.0,0.0,79.75,19.475,7.7749999999999995,1.75
24-12-24,14.0,0.0,79.25,20.975,4.1,0.75
25-12-24,2.0,0.0,79.5,20.8,0.55,1.0
26-12-24,30.0,0.0,76.0,21.0,8.075,1.5
27-12-24,0.0,0.0,77.0,19.875,8.7,3.75
28-12-24,13.0,0.0,80.25,19.625,8.475000000000001,1.625
29-12-24,14.0,0.0,81.25,20.05,7.6,1.25
30-12-24,15.0,0.0,78.75,20.725,7.875,1.5
31-12-24,13.0,0.0,83.25,18.849999999999998,7.025,1.75
