Date,effected-chittagong,Rainfall,Humidity,Temparature,Windspeed,Sunshine
01-01-22,1.0,0.0,71.45454545454545,19.983333333333334,1.8,8.483333333333333
02-01-22,0.0,0.0,77.81818181818181,19.366666666666667,1.6416666666666666,7.4750000000000005
03-01-22,25.0,0.0,81.72727272727273,19.075,1.5416666666666667,6.991666666666667
04-01-22,0.0,0.0,78.72727272727273,19.34166666666667,2.15,7.783333333333335
05-01-22,2.0,0.0,81.54545454545455,18.983333333333334,1.9166666666666667,7.116666666666667
06-01-22,6.0,0.0,78.72727272727273,19.083333333333332,1.5166666666666666,7.166666666666665
07-01-22,0.0,0.0,75.63636363636364,20.275000000000002,1.8499999999999999,8.641666666666667
08-01-22,0.0,0.0,75.18181818181819,20.750000000000004,1.625,8.916666666666666
09-01-22,3.0,0.0,76.0,21.099999999999998,1.5999999999999999,8.375
10-01-22,1.0,0.0,75.81818181818181,21.15,2.225,7.983333333333333
11-01-22,0.0,0.0,76.45454545454545,21.558333333333334,1.7083333333333333,7.641666666666667
12-01-22,12.0,0.0,83.0909090909091,20.858333333333338,2.0,1.3
13-01-22,0.0,1.5833333333333333,81.45454545454545,20.941666666666666,1.5916666666666668,2.325
14-01-22,0.0,0.0,81.36363636363636,19.991666666666667,1.9083333333333332,0.30833333333333335
15-01-22,1.0,0.4166666666666667,79.0,19.5,2.058333333333333,0.39999999999999997
16-01-22,0.0,0.08333333333333333,74.36363636363636,19.466666666666665,3.216666666666667,8.208333333333334
17-01-22,0.0,0.0,76.9090909090909,19.433333333333334,2.4583333333333335,8.291666666666666
18-01-22,1.0,0.0,77.0,19.633333333333333,1.425,7.233333333333334
19-01-22,2.0,0.0,77.18181818181819,19.266666666666666,1.6666666666666667,6.916666666666667
20-01-22,0.0,0.0,79.63636363636364,18.650000000000002,1.6166666666666665,3.875
21-01-22,0.0,0.0,75.63636363636364,18.75,1.5416666666666667,6.808333333333334
22-01-22,0.0,0.0,76.45454545454545,19.35,1.0833333333333333,3.1333333333333333
23-01-22,0.0,0.0,70.36363636363636,20.8,1.8333333333333333,5.95
24-01-22,1.0,1.4166666666666667,82.81818181818181,19.51666666666667,1.825,0.3416666666666666
25-01-22,0.0,2.0833333333333335,77.27272727272727,21.241666666666664,2.275,7.675
26-01-22,0.0,0.4166666666666667,82.81818181818181,20.28333333333333,1.7166666666666668,1.2999999999999998
27-01-22,0.0,0.6666666666666666,81.81818181818181,19.316666666666666,1.8416666666666668,2.0166666666666666
28-01-22,0.0,0.9166666666666666,64.18181818181819,17.941666666666666,3.441666666666667,8.0
29-01-22,0.0,0.0,66.36363636363636,16.933333333333334,2.6,7.733333333333333
30-01-22,0.0,0.0,71.45454545454545,16.85833333333333,3.158333333333333,7.283333333333331
31-01-22,1.0,0.0,75.54545454545455,17.383333333333333,1.375,7.2749999999999995
01-02-22,0.0,0.0,73.27272727272727,20.05,2.416666666666667,7.158333333333334
02-02-22,0.0,0.0,79.72727272727273,20.816666666666666,2.5833333333333335,7.158333333333332
03-02-22,0.0,0.0,78.54545454545455,20.675,2.725,7.041666666666667
04-02-22,0.0,0.0,73.45454545454545,20.416666666666664,3.125,7.091666666666668
05-02-22,0.0,14.0,81.18181818181819,19.525000000000002,3.141666666666667,3.1333333333333333
06-02-22,0.0,1.5,66.36363636363636,18.166666666666668,2.4166666666666665,9.241666666666667
07-02-22,0.0,0.0,75.45454545454545,17.4,2.8333333333333335,8.625
08-02-22,0.0,0.0,69.0909090909091,18.35,3.466666666666667,8.95
09-02-22,0.0,0.0,70.45454545454545,19.349999999999998,2.45,8.75
10-02-22,0.0,0.0,68.18181818181819,20.425,2.575,6.516666666666667
11-02-22,0.0,0.0,71.72727272727273,20.63333333333333,2.316666666666667,8.091666666666667
12-02-22,1.0,0.0,65.0,19.524999999999995,3.266666666666667,8.6
13-02-22,0.0,0.0,67.27272727272727,19.849999999999998,2.8833333333333333,9.358333333333333
14-02-22,0.0,0.0,67.18181818181819,20.033333333333335,2.2333333333333334,9.399999999999999
15-02-22,0.0,0.0,68.54545454545455,19.900000000000002,1.5416666666666667,9.208333333333334
16-02-22,0.0,0.0,67.72727272727273,19.974999999999998,2.625,8.891666666666667
17-02-22,0.0,0.0,65.18181818181819,20.558333333333334,2.4166666666666665,9.100000000000001
18-02-22,0.0,0.0,61.72727272727273,20.758333333333333,3.6916666666666664,9.208333333333334
19-02-22,0.0,0.0,62.27272727272727,20.275000000000002,3.6166666666666667,9.216666666666667
20-02-22,0.0,0.0,65.27272727272727,21.241666666666667,2.025,6.916666666666665
21-02-22,0.0,2.75,75.72727272727273,21.441666666666666,3.1,8.316666666666668
22-02-22,1.0,0.0,75.27272727272727,21.541666666666668,2.0416666666666665,8.258333333333333
23-02-22,0.0,0.0,74.0,22.099999999999998,2.566666666666667,8.200000000000001
24-02-22,0.0,0.0,73.63636363636364,23.2,1.7833333333333332,8.350000000000001
25-02-22,0.0,0.0,67.45454545454545,23.833333333333332,2.2333333333333334,9.033333333333333
26-02-22,0.0,0.0,66.9090909090909,24.28333333333333,2.9166666666666665,9.433333333333332
27-02-22,0.0,0.0,64.81818181818181,24.375000000000004,2.5083333333333333,9.15
28-02-22,0.0,0.08333333333333333,66.72727272727273,24.591666666666665,2.341666666666667,8.500000000000002
01-03-22,0.0,0.0,59.36363636363637,24.65833333333333,3.1833333333333336,9.525
02-03-22,0.0,0.0,59.54545454545455,23.858333333333334,3.85,9.766666666666667
03-03-22,0.0,0.0,60.81818181818182,24.241666666666674,3.2916666666666665,9.758333333333333
04-03-22,0.0,0.0,59.27272727272727,24.3,3.258333333333333,9.483333333333333
05-03-22,0.0,0.0,61.0,24.766666666666666,2.8083333333333336,6.216666666666668
06-03-22,2.0,0.0,57.72727272727273,24.925,3.6750000000000003,9.658333333333333
07-03-22,0.0,0.0,68.9090909090909,24.925,2.7916666666666665,9.383333333333333
08-03-22,0.0,0.0,68.45454545454545,25.583333333333332,2.091666666666667,9.033333333333333
09-03-22,0.0,0.0,70.9090909090909,25.74166666666667,2.8166666666666664,8.491666666666665
10-03-22,0.0,0.0,65.81818181818181,26.191666666666666,2.8333333333333335,9.3
11-03-22,0.0,0.0,61.36363636363637,26.14166666666667,2.75,9.383333333333335
12-03-22,0.0,0.0,60.18181818181818,26.299999999999997,2.975,8.891666666666666
13-03-22,0.0,0.0,59.0,26.7,3.1166666666666667,9.525
14-03-22,0.0,0.0,64.18181818181819,26.741666666666664,2.8416666666666663,9.008333333333333
15-03-22,0.0,0.0,68.9090909090909,26.883333333333336,2.775,8.666666666666666
16-03-22,0.0,0.0,69.9090909090909,27.025000000000006,2.441666666666667,8.8
17-03-22,0.0,0.0,67.9090909090909,27.283333333333335,2.5833333333333335,8.6
18-03-22,0.0,0.0,68.72727272727273,27.425,2.566666666666667,8.641666666666667
19-03-22,0.0,0.0,67.72727272727273,27.591666666666665,2.625,8.758333333333335
20-03-22,0.0,0.0,67.27272727272727,26.891666666666666,2.4499999999999997,9.791666666666666
21-03-22,0.0,0.0,72.36363636363636,26.425,2.6166666666666667,9.266666666666666
22-03-22,0.0,0.0,75.0,26.88333333333333,2.3916666666666666,8.458333333333334
23-03-22,0.0,0.0,75.45454545454545,28.191666666666674,2.841666666666667,8.041666666666666
24-03-22,1.0,0.0,78.45454545454545,27.74166666666667,4.258333333333333,7.1499999999999995
25-03-22,0.0,0.0,77.0,28.0,4.25,7.266666666666667
26-03-22,0.0,0.0,81.18181818181819,27.85833333333333,3.983333333333334,0.5583333333333333
27-03-22,0.0,0.08333333333333333,80.63636363636364,28.083333333333332,3.0916666666666663,2.4833333333333334
28-03-22,0.0,1.0,79.72727272727273,28.266666666666666,2.5500000000000003,6.575
29-03-22,1.0,0.4166666666666667,79.0909090909091,28.28333333333333,3.7416666666666667,6.916666666666665
30-03-22,0.0,0.4166666666666667,79.81818181818181,28.308333333333337,3.1833333333333336,6.849999999999999
31-03-22,0.0,0.0,78.81818181818181,28.3,3.591666666666667,8.1
01-04-22,0.0,0.0,78.0,28.45,3.6833333333333336,8.191666666666666
02-04-22,0.0,0.0,78.45454545454545,28.441666666666666,3.4250000000000003,5.8500000000000005
03-04-22,0.0,0.0,77.72727272727273,28.516666666666666,3.933333333333333,7.291666666666667
04-04-22,0.0,0.0,76.45454545454545,28.724999999999998,3.3666666666666667,7.783333333333334
05-04-22,0.0,0.08333333333333333,75.36363636363636,28.925,3.091666666666667,8.683333333333334
06-04-22,0.0,0.0,76.0909090909091,28.799999999999997,3.25,9.216666666666667
07-04-22,0.0,0.0,75.54545454545455,28.8,2.6333333333333333,8.991666666666665
08-04-22,0.0,0.0,75.9090909090909,28.608333333333334,2.7833333333333337,8.866666666666665
09-04-22,0.0,0.0,74.45454545454545,28.875,3.516666666666667,9.1
10-04-22,0.0,0.0,73.18181818181819,29.400000000000002,3.591666666666667,8.85
11-04-22,0.0,0.08333333333333333,75.63636363636364,29.275000000000002,3.5749999999999997,7.366666666666666
12-04-22,0.0,0.08333333333333333,75.54545454545455,29.34166666666667,4.083333333333333,7.041666666666668
13-04-22,1.0,0.0,75.27272727272727,29.36666666666666,3.733333333333334,7.900000000000001
14-04-22,0.0,0.0,75.72727272727273,29.541666666666668,4.533333333333333,4.566666666666667
15-04-22,0.0,0.0,78.81818181818181,29.21666666666667,4.925000000000001,3.266666666666666
16-04-22,1.0,0.25,77.81818181818181,29.450000000000003,4.358333333333333,6.45
17-04-22,0.0,0.0,77.36363636363636,29.591666666666665,4.316666666666666,7.75
18-04-22,0.0,0.0,76.81818181818181,29.741666666666664,3.7000000000000006,8.816666666666668
19-04-22,0.0,0.0,75.63636363636364,29.90833333333333,3.9000000000000004,9.575
20-04-22,0.0,1.25,86.0909090909091,23.816666666666663,3.6666666666666665,3.0833333333333326
21-04-22,1.0,42.916666666666664,79.72727272727273,27.71666666666667,1.8416666666666668,6.325
22-04-22,0.0,0.25,79.36363636363636,28.016666666666666,3.533333333333333,8.116666666666669
23-04-22,0.0,14.416666666666666,79.36363636363636,29.183333333333334,2.7416666666666667,7.849999999999999
24-04-22,0.0,0.0,78.18181818181819,29.991666666666664,3.358333333333334,9.016666666666667
25-04-22,0.0,0.0,79.0,30.116666666666664,3.2166666666666663,8.333333333333332
26-04-22,0.0,0.0,78.18181818181819,30.21666666666667,2.9333333333333336,8.275
27-04-22,0.0,0.16666666666666666,77.36363636363636,30.158333333333335,3.3166666666666664,9.049999999999999
28-04-22,0.0,0.0,77.36363636363636,30.266666666666666,2.7583333333333333,8.608333333333333
29-04-22,0.0,0.0,76.63636363636364,30.166666666666668,3.4833333333333343,8.55
30-04-22,0.0,0.0,76.54545454545455,29.89166666666667,3.658333333333333,6.908333333333332
01-05-22,0.0,2.5833333333333335,73.0909090909091,29.983333333333334,3.5833333333333335,9.283333333333331
02-05-22,0.0,2.9166666666666665,75.18181818181819,29.366666666666664,3.225,6.224999999999999
03-05-22,0.0,0.8333333333333334,85.0,26.48333333333333,4.6000000000000005,2.9583333333333335
04-05-22,0.0,8.833333333333334,85.0909090909091,26.5,2.325,2.183333333333333
05-05-22,0.0,23.75,81.0909090909091,27.26666666666667,2.6,5.9750000000000005
06-05-22,0.0,16.0,75.63636363636364,29.058333333333334,3.108333333333333,8.366666666666669
07-05-22,0.0,1.4166666666666667,74.27272727272727,30.108333333333334,2.225,9.008333333333335
08-05-22,0.0,0.0,74.81818181818181,30.16666666666666,2.558333333333333,8.308333333333334
09-05-22,0.0,14.0,89.9090909090909,26.70833333333334,2.3333333333333335,0.024999999999999998
10-05-22,0.0,27.833333333333332,85.9090909090909,27.724999999999994,2.8249999999999997,1.3
11-05-22,0.0,9.833333333333334,85.72727272727273,27.858333333333334,3.35,2.191666666666667
12-05-22,0.0,23.0,82.18181818181819,28.66666666666667,4.525,4.6000000000000005
13-05-22,0.0,8.583333333333334,82.45454545454545,29.25833333333333,5.5,3.7083333333333335
14-05-22,0.0,5.5,78.0,30.141666666666666,5.825,7.258333333333333
15-05-22,0.0,0.9166666666666666,79.18181818181819,30.416666666666668,6.016666666666667,8.675
16-05-22,0.0,3.1666666666666665,78.72727272727273,30.64166666666667,5.175,9.383333333333335
17-05-22,0.0,1.5833333333333333,79.0909090909091,30.691666666666666,5.05,8.483333333333333
18-05-22,0.0,6.833333333333333,79.81818181818181,30.5,4.050000000000001,8.000000000000002
19-05-22,0.0,3.5833333333333335,79.54545454545455,30.208333333333332,4.2,8.983333333333334
20-05-22,0.0,17.5,78.9090909090909,28.241666666666664,3.8000000000000003,5.983333333333333
21-05-22,0.0,6.583333333333333,82.0,26.791666666666668,4.475,4.041666666666667
22-05-22,0.0,31.0,76.54545454545455,29.608333333333334,4.85,9.05
23-05-22,1.0,13.666666666666666,79.54545454545455,28.566666666666663,2.3833333333333333,4.941666666666666
24-05-22,0.0,2.0833333333333335,78.0909090909091,29.208333333333332,2.4166666666666665,3.683333333333334
25-05-22,0.0,15.416666666666666,81.0,28.26666666666667,2.1583333333333337,6.241666666666666
26-05-22,0.0,8.916666666666666,79.0909090909091,29.0,3.0666666666666664,7.983333333333334
27-05-22,0.0,13.75,84.54545454545455,26.924999999999997,2.9166666666666665,3.1
28-05-22,0.0,17.666666666666668,80.9090909090909,28.35000000000001,2.6666666666666665,4.133333333333333
29-05-22,0.0,1.4166666666666667,84.54545454545455,26.941666666666663,3.3000000000000003,2.2833333333333337
30-05-22,0.0,24.333333333333332,86.36363636363636,27.299999999999997,2.325,0.4666666666666666
31-05-22,0.0,16.0,83.0,28.54166666666666,3.0083333333333333,4.0
01-06-22,0.0,8.916666666666666,81.27272727272727,28.566666666666663,3.1750000000000003,4.3999999999999995
02-06-22,0.0,6.75,85.18181818181819,28.033333333333335,2.6416666666666666,0.4583333333333333
03-06-22,0.0,8.75,87.36363636363636,27.441666666666663,3.3000000000000007,1.375
04-06-22,0.0,21.916666666666668,84.0909090909091,27.816666666666663,2.966666666666667,0.7500000000000001
05-06-22,1.0,10.5,80.54545454545455,29.63333333333333,3.6750000000000007,7.291666666666665
06-06-22,0.0,0.8333333333333334,79.45454545454545,30.166666666666668,3.266666666666667,8.491666666666669
07-06-22,0.0,0.3333333333333333,80.45454545454545,30.2,2.9166666666666665,7.425000000000001
08-06-22,0.0,6.166666666666667,82.36363636363636,29.766666666666662,2.8833333333333333,2.4916666666666667
09-06-22,2.0,2.0,86.27272727272727,26.933333333333334,3.6583333333333328,1.5083333333333335
10-06-22,0.0,31.25,79.72727272727273,28.933333333333337,3.25,3.8666666666666667
11-06-22,0.0,0.0,78.54545454545455,29.73333333333333,3.375,6.358333333333334
12-06-22,1.0,0.0,79.0,30.033333333333335,3.983333333333333,5.833333333333333
13-06-22,5.0,0.25,81.81818181818181,29.36666666666667,3.9250000000000003,3.9166666666666665
14-06-22,0.0,16.75,84.45454545454545,28.083333333333332,3.4166666666666665,2.566666666666667
15-06-22,0.0,16.083333333333332,85.27272727272727,28.474999999999998,3.4,1.1583333333333332
16-06-22,0.0,23.5,88.54545454545455,26.624999999999996,3.558333333333333,0.8000000000000002
17-06-22,0.0,37.166666666666664,93.0909090909091,26.183333333333337,3.091666666666667,0.0
18-06-22,1.0,87.58333333333333,91.36363636363636,26.90833333333333,3.1916666666666664,0.10833333333333334
19-06-22,0.0,37.666666666666664,93.81818181818181,26.183333333333337,3.3000000000000003,0.10833333333333334
20-06-22,0.0,124.25,90.54545454545455,26.491666666666664,3.0666666666666664,0.39166666666666666
21-06-22,0.0,26.75,88.18181818181819,27.13333333333333,2.7083333333333335,1.7583333333333335
22-06-22,0.0,36.416666666666664,81.63636363636364,27.89999999999999,3.3249999999999997,5.774999999999999
23-06-22,0.0,2.1666666666666665,80.9090909090909,28.583333333333332,2.9333333333333336,6.8
24-06-22,3.0,2.75,82.36363636363636,28.15833333333333,2.65,5.175
25-06-22,0.0,3.25,80.72727272727273,28.666666666666668,3.491666666666667,6.4750000000000005
26-06-22,1.0,3.1666666666666665,77.18181818181819,29.566666666666666,3.5,8.95
27-06-22,0.0,1.5833333333333333,77.63636363636364,29.816666666666666,2.8666666666666667,9.158333333333333
28-06-22,0.0,2.9166666666666665,80.45454545454545,28.983333333333334,3.3083333333333336,5.708333333333333
29-06-22,1.0,4.583333333333333,85.9090909090909,27.88333333333334,2.541666666666667,1.3166666666666667
30-06-22,0.0,19.75,85.72727272727273,28.09166666666667,2.5833333333333335,1.4416666666666667
01-07-22,3.0,13.0,83.18181818181819,28.375,2.9583333333333335,3.75
02-07-22,1.0,2.5,80.72727272727273,28.55,3.1583333333333337,6.5666666666666655
03-07-22,5.0,4.583333333333333,80.54545454545455,29.166666666666668,2.641666666666667,6.433333333333333
04-07-22,3.0,1.8333333333333333,78.63636363636364,29.75,3.0666666666666664,9.15
05-07-22,0.0,19.416666666666668,79.63636363636364,29.308333333333334,3.15,5.708333333333333
06-07-22,0.0,6.333333333333333,78.0,29.474999999999998,2.725,6.308333333333334
07-07-22,0.0,1.4166666666666667,78.0909090909091,29.716666666666665,3.2833333333333337,8.891666666666667
08-07-22,0.0,6.333333333333333,78.54545454545455,29.583333333333332,2.883333333333333,7.2250000000000005
09-07-22,0.0,1.0833333333333333,76.0909090909091,29.925,3.3416666666666663,9.633333333333335
10-07-22,0.0,0.4166666666666667,75.27272727272727,29.883333333333336,3.5500000000000003,10.066666666666668
11-07-22,0.0,4.25,76.27272727272727,29.466666666666665,4.116666666666666,7.616666666666667
12-07-22,29.0,0.4166666666666667,73.36363636363636,30.099999999999998,3.3416666666666672,10.55
13-07-22,11.0,4.75,73.54545454545455,30.258333333333336,4.008333333333334,10.424999999999999
14-07-22,8.0,0.0,73.45454545454545,30.433333333333334,3.483333333333333,10.691666666666668
15-07-22,0.0,2.6666666666666665,74.9090909090909,30.099999999999998,3.283333333333333,8.625000000000002
16-07-22,0.0,1.0833333333333333,73.0,30.200000000000003,3.525,9.774999999999997
17-07-22,16.0,7.75,74.0909090909091,30.008333333333336,4.0,9.275
18-07-22,14.0,1.6666666666666667,80.9090909090909,29.15833333333333,2.975,4.025
19-07-22,10.0,9.833333333333334,81.54545454545455,29.091666666666672,3.141666666666667,6.758333333333334
20-07-22,12.0,33.25,86.72727272727273,27.95,3.1166666666666667,1.0916666666666668
21-07-22,14.0,32.083333333333336,78.81818181818181,29.400000000000002,2.6,8.625
22-07-22,0.0,3.5833333333333335,79.0909090909091,29.758333333333336,2.433333333333333,5.900000000000001
23-07-22,2.0,6.166666666666667,85.72727272727273,28.03333333333333,2.558333333333333,1.3416666666666668
24-07-22,3.0,25.0,88.27272727272727,26.483333333333334,2.058333333333333,0.325
25-07-22,19.0,24.583333333333332,83.63636363636364,27.78333333333333,1.9916666666666665,0.8333333333333331
26-07-22,22.0,10.416666666666666,82.81818181818181,27.833333333333332,1.7666666666666666,4.341666666666667
27-07-22,22.0,5.666666666666667,75.72727272727273,29.791666666666668,2.5,9.55
28-07-22,3.0,0.3333333333333333,82.27272727272727,29.325,2.2083333333333335,3.5083333333333333
29-07-22,14.0,4.166666666666667,79.63636363636364,29.850000000000005,2.3916666666666666,7.558333333333334
30-07-22,11.0,6.083333333333333,76.81818181818181,30.29166666666667,2.2083333333333335,8.516666666666667
31-07-22,20.0,3.0,78.63636363636364,30.108333333333334,3.1916666666666664,7.183333333333334
01-08-22,17.0,4.333333333333333,81.72727272727273,29.45,2.4083333333333337,4.066666666666666
02-08-22,14.0,7.083333333333333,79.81818181818181,29.88333333333333,2.5833333333333335,6.408333333333334
03-08-22,17.0,32.833333333333336,82.63636363636364,29.141666666666666,2.433333333333333,3.6999999999999997
04-08-22,19.0,6.25,79.27272727272727,29.59166666666667,2.3499999999999996,6.791666666666667
05-08-22,0.0,4.0,78.63636363636364,29.78333333333333,2.6166666666666667,8.366666666666667
06-08-22,0.0,5.083333333333333,80.63636363636364,29.133333333333336,2.441666666666667,5.800000000000001
07-08-22,14.0,6.166666666666667,78.0909090909091,29.71666666666667,2.375,9.133333333333331
08-08-22,18.0,7.166666666666667,80.72727272727273,28.766666666666666,3.1333333333333333,5.7749999999999995
09-08-22,0.0,5.25,78.0,28.541666666666668,4.55,7.000000000000001
10-08-22,18.0,3.5833333333333335,80.36363636363636,27.650000000000006,5.366666666666667,1.1083333333333332
11-08-22,13.0,11.5,82.0,27.816666666666663,3.9166666666666674,4.908333333333334
12-08-22,0.0,11.5,80.9090909090909,28.724999999999998,3.3166666666666664,6.675
13-08-22,0.0,3.5833333333333335,80.18181818181819,28.474999999999998,4.0,2.808333333333333
14-08-22,39.0,4.0,82.27272727272727,28.091666666666658,4.483333333333333,1.4749999999999996
15-08-22,24.0,6.0,81.9090909090909,28.99166666666667,3.4416666666666664,5.366666666666667
16-08-22,16.0,7.5,81.27272727272727,29.516666666666666,2.4583333333333335,6.724999999999999
17-08-22,14.0,3.0833333333333335,79.18181818181819,30.64166666666667,2.8166666666666664,8.383333333333335
18-08-22,8.0,0.08333333333333333,77.63636363636364,30.500000000000004,3.9583333333333335,8.25
19-08-22,5.0,24.5,79.0,28.666666666666668,4.333333333333333,1.4000000000000001
20-08-22,13.0,2.9166666666666665,79.81818181818181,29.308333333333337,3.191666666666667,8.508333333333333
21-08-22,17.0,3.5,78.9090909090909,29.891666666666666,2.891666666666666,9.491666666666669
22-08-22,11.0,2.9166666666666665,81.72727272727273,29.549999999999997,2.091666666666667,6.741666666666667
23-08-22,43.0,31.166666666666668,79.27272727272727,29.01666666666667,3.0250000000000004,6.641666666666666
24-08-22,29.0,3.0,81.27272727272727,28.133333333333336,3.266666666666667,5.875
25-08-22,31.0,4.583333333333333,77.54545454545455,29.791666666666668,2.275,9.541666666666666
26-08-22,0.0,0.16666666666666666,80.9090909090909,29.366666666666664,2.5416666666666665,2.283333333333333
27-08-22,12.0,1.9166666666666667,86.27272727272727,27.466666666666665,2.575,0.21666666666666667
28-08-22,26.0,11.666666666666666,80.9090909090909,28.708333333333332,3.1333333333333333,6.108333333333333
29-08-22,47.0,7.416666666666667,77.9090909090909,29.78333333333333,2.3249999999999997,8.6
30-08-22,32.0,0.0,77.0909090909091,29.975000000000005,2.4,8.766666666666666
31-08-22,33.0,0.0,77.36363636363636,30.150000000000006,2.025,8.466666666666667
01-09-22,17.0,6.0,80.9090909090909,29.600000000000005,2.3000000000000003,4.3500000000000005
02-09-22,11.0,13.833333333333334,84.54545454545455,28.333333333333332,2.566666666666667,3.241666666666666
03-09-22,25.0,24.25,81.9090909090909,29.05,2.6083333333333334,6.8999999999999995
04-09-22,28.0,17.583333333333332,85.18181818181819,28.34166666666667,2.9333333333333336,2.8749999999999996
05-09-22,32.0,19.583333333333332,86.54545454545455,28.099999999999998,2.2416666666666667,1.225
06-09-22,33.0,16.25,81.63636363636364,29.383333333333336,2.283333333333333,5.8999999999999995
07-09-22,47.0,1.9166666666666667,81.81818181818181,29.708333333333332,2.0416666666666665,6.208333333333332
08-09-22,40.0,12.083333333333334,77.81818181818181,30.46666666666667,2.6166666666666667,8.874999999999998
09-09-22,0.0,23.333333333333332,80.81818181818181,29.16666666666666,2.6666666666666665,7.441666666666666
10-09-22,33.0,8.416666666666666,85.18181818181819,28.016666666666666,2.8083333333333336,4.033333333333333
11-09-22,88.0,24.833333333333332,85.18181818181819,27.25,3.233333333333333,2.3666666666666667
12-09-22,52.0,18.5,89.0909090909091,26.46666666666667,2.875,0.225
13-09-22,53.0,28.75,91.9090909090909,26.025000000000002,2.6416666666666666,0.008333333333333333
14-09-22,57.0,58.166666666666664,89.81818181818181,26.433333333333334,2.658333333333333,0.05833333333333333
15-09-22,49.0,6.666666666666667,84.36363636363636,27.700000000000006,2.5166666666666666,5.633333333333334
16-09-22,7.0,6.5,83.45454545454545,28.358333333333334,2.25,4.008333333333334
17-09-22,14.0,3.75,80.27272727272727,29.400000000000002,2.4,7.708333333333332
18-09-22,49.0,18.666666666666668,82.0909090909091,28.991666666666664,2.7583333333333333,6.358333333333333
19-09-22,57.0,17.333333333333332,78.72727272727273,28.883333333333336,3.283333333333333,7.708333333333333
20-09-22,50.0,1.9166666666666667,77.72727272727273,28.65833333333333,3.633333333333333,7.633333333333333
21-09-22,34.0,2.0,79.81818181818181,29.016666666666666,3.091666666666667,8.175
22-09-22,55.0,4.333333333333333,79.63636363636364,29.158333333333335,2.783333333333333,8.4
23-09-22,16.0,5.166666666666667,82.72727272727273,28.724999999999998,2.6,4.058333333333334
24-09-22,67.0,10.5,83.18181818181819,28.391666666666666,2.35,3.1166666666666667
25-09-22,42.0,6.166666666666667,83.72727272727273,28.366666666666664,2.2083333333333335,3.6500000000000004
26-09-22,44.0,5.083333333333333,84.18181818181819,28.349999999999998,1.75,3.516666666666667
27-09-22,42.0,8.0,82.0,28.99166666666667,2.0833333333333335,6.691666666666666
28-09-22,58.0,3.25,81.45454545454545,29.808333333333334,1.8333333333333333,6.050000000000001
29-09-22,45.0,1.0833333333333333,79.45454545454545,30.399999999999995,2.6666666666666665,8.366666666666667
30-09-22,36.0,0.4166666666666667,83.54545454545455,29.3,2.0416666666666665,3.033333333333333
01-10-22,42.0,17.583333333333332,83.27272727272727,28.675,2.8166666666666664,3.6750000000000003
02-10-22,69.0,18.916666666666668,86.18181818181819,27.691666666666666,2.475,2.5833333333333335
03-10-22,60.0,32.166666666666664,82.0,28.075000000000003,3.0499999999999994,5.5
04-10-22,33.0,20.75,80.0,28.608333333333334,2.5333333333333337,7.383333333333334
05-10-22,21.0,10.416666666666666,77.9090909090909,28.95,2.65,9.083333333333334
06-10-22,90.0,0.16666666666666666,77.0909090909091,28.808333333333337,2.5166666666666666,8.641666666666666
07-10-22,0.0,1.0,77.0,29.558333333333337,2.6416666666666666,9.708333333333332
08-10-22,102.0,0.08333333333333333,76.63636363636364,29.65833333333333,2.375,8.075000000000001
09-10-22,18.0,0.25,78.54545454545455,29.325000000000003,2.275,7.083333333333333
10-10-22,90.0,10.833333333333334,80.45454545454545,28.183333333333337,2.0083333333333333,5.0
11-10-22,83.0,1.25,79.18181818181819,28.666666666666668,3.091666666666667,7.741666666666667
12-10-22,75.0,6.583333333333333,80.0909090909091,28.475000000000005,3.0416666666666665,7.4416666666666655
13-10-22,87.0,0.8333333333333334,80.72727272727273,28.51666666666667,2.283333333333333,7.641666666666667
14-10-22,26.0,4.916666666666667,78.0,29.183333333333334,2.0500000000000003,8.716666666666667
15-10-22,96.0,0.16666666666666666,75.18181818181819,29.149999999999995,3.1,8.625
16-10-22,115.0,0.0,74.9090909090909,28.941666666666666,2.408333333333333,9.475
17-10-22,88.0,0.5,79.18181818181819,28.666666666666668,2.6083333333333334,7.966666666666668
18-10-22,123.0,2.8333333333333335,79.0909090909091,28.141666666666662,1.8833333333333335,7.141666666666667
19-10-22,96.0,3.75,78.63636363636364,28.275000000000006,2.525,8.15
20-10-22,97.0,0.5833333333333334,77.0909090909091,28.549999999999997,2.9,9.391666666666666
21-10-22,20.0,0.0,76.72727272727273,28.766666666666666,2.7916666666666665,9.366666666666667
22-10-22,120.0,0.0,76.27272727272727,29.633333333333336,2.275,9.574999999999998
23-10-22,145.0,0.0,88.27272727272727,27.03333333333333,3.591666666666667,0.024999999999999998
24-10-22,110.0,29.75,89.9090909090909,24.75,10.083333333333334,0.03333333333333333
25-10-22,96.0,49.333333333333336,83.63636363636364,24.849999999999998,4.041666666666667,5.9750000000000005
26-10-22,127.0,0.16666666666666666,79.0909090909091,25.799999999999997,2.3833333333333333,9.250000000000002
27-10-22,153.0,0.0,75.27272727272727,25.783333333333335,2.725,9.35
28-10-22,48.0,0.0,76.63636363636364,25.791666666666668,2.1750000000000003,9.291666666666666
29-10-22,158.0,0.0,78.18181818181819,26.849999999999998,2.125,9.383333333333335
30-10-22,143.0,0.0,76.72727272727273,27.400000000000002,2.158333333333333,9.174999999999999
31-10-22,148.0,0.0,77.27272727272727,28.458333333333332,2.3249999999999997,9.283333333333333
01-11-22,102.0,0.0,77.27272727272727,28.674999999999997,2.5,9.266666666666667
02-11-22,140.0,0.0,75.9090909090909,28.066666666666666,2.1750000000000003,8.991666666666667
03-11-22,127.0,0.0,76.18181818181819,27.058333333333334,2.558333333333333,6.408333333333334
04-11-22,44.0,0.0,77.18181818181819,26.125000000000004,2.3333333333333335,7.358333333333333
05-11-22,153.0,0.0,78.0,26.883333333333336,2.025,8.866666666666665
06-11-22,102.0,0.0,77.54545454545455,26.541666666666668,2.3333333333333335,8.9
07-11-22,92.0,0.0,75.63636363636364,26.433333333333337,2.158333333333333,8.758333333333335
08-11-22,111.0,0.0,76.54545454545455,25.675,2.225,8.658333333333333
09-11-22,129.0,0.0,77.63636363636364,25.141666666666666,1.8666666666666665,8.641666666666666
10-11-22,169.0,0.0,74.54545454545455,24.88333333333333,2.1666666666666665,9.233333333333333
11-11-22,38.0,0.0,73.18181818181819,25.166666666666668,1.5083333333333335,8.458333333333334
12-11-22,149.0,0.0,74.18181818181819,24.833333333333332,2.025,8.841666666666667
13-11-22,200.0,0.0,73.72727272727273,24.366666666666664,2.658333333333333,8.849999999999998
14-11-22,123.0,0.0,74.9090909090909,24.058333333333334,1.8833333333333335,9.016666666666666
15-11-22,112.0,0.0,74.9090909090909,24.28333333333333,1.9166666666666667,8.508333333333335
16-11-22,95.0,0.0,75.9090909090909,24.13333333333333,2.4250000000000003,9.249999999999998
17-11-22,139.0,0.0,73.45454545454545,24.291666666666668,2.6,9.208333333333332
18-11-22,21.0,0.0,71.27272727272727,23.866666666666664,2.858333333333334,9.283333333333333
19-11-22,114.0,0.08333333333333333,73.72727272727273,24.61666666666667,2.0,8.408333333333333
20-11-22,130.0,0.16666666666666666,71.9090909090909,25.86666666666667,2.2583333333333333,7.941666666666667
21-11-22,172.0,0.0,68.81818181818181,25.491666666666664,2.9500000000000006,9.125000000000002
22-11-22,90.0,0.08333333333333333,69.81818181818181,23.76666666666667,2.9083333333333337,9.091666666666667
23-11-22,100.0,0.0,73.0,22.958333333333332,2.5,8.95
24-11-22,124.0,0.0,74.0,23.033333333333335,2.6750000000000003,8.975000000000001
25-11-22,30.0,0.0,77.81818181818181,23.78333333333333,2.0,8.891666666666667
26-11-22,96.0,0.0,77.0909090909091,24.183333333333334,2.0083333333333333,8.841666666666669
27-11-22,95.0,0.0,76.18181818181819,24.358333333333334,2.1666666666666665,6.699999999999999
28-11-22,86.0,0.08333333333333333,74.27272727272727,25.875,1.9416666666666667,4.933333333333333
29-11-22,74.0,0.0,76.27272727272727,26.633333333333336,1.9833333333333334,6.475000000000001
30-11-22,96.0,0.3333333333333333,74.72727272727273,26.858333333333334,1.5666666666666667,7.425
01-12-22,59.0,0.0,70.81818181818181,25.516666666666666,2.2666666666666666,8.125000000000002
02-12-22,29.0,0.0,73.27272727272727,24.116666666666664,2.058333333333333,8.874999999999998
03-12-22,68.0,0.0,73.9090909090909,23.674999999999997,2.275,8.683333333333334
04-12-22,108.0,0.0,72.72727272727273,23.375,2.3833333333333333,8.858333333333334
05-12-22,84.0,0.0,74.0909090909091,23.333333333333332,2.0833333333333335,8.850000000000001
06-12-22,73.0,0.0,73.9090909090909,22.51666666666667,2.15,8.483333333333333
07-12-22,54.0,0.0,73.9090909090909,22.200000000000003,1.8583333333333334,8.15
08-12-22,47.0,0.0,74.81818181818181,22.283333333333342,2.2083333333333335,8.291666666666666
09-12-22,12.0,0.0,74.0,22.5,1.866666666666667,8.525
10-12-22,79.0,0.0,73.9090909090909,22.391666666666662,2.0416666666666665,6.858333333333333
11-12-22,45.0,0.0,73.9090909090909,22.241666666666664,2.3,8.541666666666666
12-12-22,45.0,0.0,74.27272727272727,21.624999999999996,2.15,8.158333333333333
13-12-22,68.0,0.0,76.0909090909091,21.658333333333335,1.1916666666666667,7.325
14-12-22,51.0,0.0,76.27272727272727,21.566666666666666,1.5333333333333332,6.641666666666667
15-12-22,37.0,0.0,76.0909090909091,20.758333333333336,2.216666666666667,4.566666666666666
16-12-22,10.0,0.0,78.0,20.291666666666664,2.0749999999999997,5.141666666666667
17-12-22,28.0,0.0,78.36363636363636,20.333333333333332,2.341666666666667,6.183333333333333
18-12-22,40.0,0.0,78.72727272727273,21.216666666666665,1.9583333333333333,7.2749999999999995
19-12-22,19.0,0.0,75.81818181818181,20.9,2.191666666666667,7.266666666666666
20-12-22,17.0,0.0,76.81818181818181,20.5,2.1666666666666665,7.075
21-12-22,27.0,0.0,77.0,20.541666666666668,1.8333333333333333,6.658333333333334
22-12-22,20.0,0.0,77.45454545454545,20.883333333333333,2.05,6.400000000000001
23-12-22,3.0,0.0,74.81818181818181,20.691666666666666,2.35,6.866666666666667
24-12-22,19.0,0.0,74.9090909090909,19.833333333333332,1.825,7.541666666666667
25-12-22,10.0,0.0,74.54545454545455,20.458333333333332,2.125,7.5
26-12-22,36.0,0.0,75.18181818181819,21.475000000000005,1.9583333333333333,6.816666666666667
27-12-22,18.0,0.0,81.18181818181819,21.566666666666666,1.9583333333333333,3.8000000000000003
28-12-22,18.0,7.333333333333333,82.9090909090909,21.124999999999996,1.8916666666666666,2.3833333333333333
29-12-22,19.0,2.1666666666666665,76.63636363636364,18.908333333333335,2.466666666666667,6.1000000000000005
30-12-22,5.0,0.0,76.81818181818181,17.8,2.6166666666666667,5.749999999999999
31-12-22,11.0,0.0,76.0,18.200000000000003,1.425,7.391666666666665
01-01-23,4.0,0.0,74.36363636363636,18.791666666666668,1.875,7.724999999999999
02-01-23,8.0,0.0,73.0909090909091,19.041666666666668,2.158333333333333,7.141666666666667
03-01-23,16.0,0.0,73.18181818181819,19.166666666666668,2.0,7.516666666666666
04-01-23,15.0,0.0,77.63636363636364,18.59166666666667,3.016666666666667,6.3500000000000005
05-01-23,4.0,0.0,83.9090909090909,17.724999999999998,3.0666666666666664,4.141666666666667
06-01-23,2.0,0.0,87.72727272727273,16.749999999999996,2.2666666666666666,1.5083333333333335
07-01-23,12.0,0.0,87.63636363636364,16.666666666666668,2.1916666666666664,2.2416666666666667
08-01-23,8.0,0.0,86.81818181818181,18.10833333333333,1.9333333333333333,3.6666666666666665
09-01-23,4.0,0.08333333333333333,81.0,20.308333333333337,2.1,6.633333333333333
10-01-23,13.0,0.0,73.45454545454545,20.78333333333333,2.891666666666667,8.658333333333333
11-01-23,13.0,0.0,70.0909090909091,19.84166666666667,2.0916666666666663,7.966666666666666
12-01-23,0.0,0.0,71.18181818181819,18.14166666666667,2.35,8.466666666666667
13-01-23,5.0,0.0,71.54545454545455,18.883333333333333,2.275,8.958333333333334
14-01-23,0.0,0.0,78.72727272727273,20.375,1.9000000000000001,6.024999999999999
15-01-23,10.0,0.0,77.36363636363636,20.474999999999998,2.2916666666666665,4.458333333333333
16-01-23,3.0,0.0,67.27272727272727,19.95,2.5666666666666664,6.158333333333334
17-01-23,5.0,0.0,68.81818181818181,19.35,2.75,7.083333333333333
18-01-23,2.0,0.0,70.27272727272727,18.725000000000005,2.4333333333333336,4.025
19-01-23,3.0,0.0,67.36363636363636,18.041666666666668,2.9333333333333336,8.108333333333334
20-01-23,0.0,0.0,67.18181818181819,18.366666666666667,2.8166666666666664,8.608333333333334
21-01-23,2.0,0.0,69.36363636363636,19.158333333333335,2.6416666666666666,8.616666666666669
22-01-23,1.0,0.0,68.72727272727273,20.183333333333334,2.4666666666666663,8.441666666666666
23-01-23,3.0,0.0,68.72727272727273,20.683333333333334,2.0833333333333335,7.233333333333333
24-01-23,3.0,0.0,66.0909090909091,21.600000000000005,2.3333333333333335,8.349999999999998
25-01-23,2.0,0.0,69.45454545454545,21.900000000000002,2.9416666666666664,7.825
26-01-23,2.0,0.0,74.0909090909091,22.2,2.475,3.891666666666666
27-01-23,0.0,0.0,72.18181818181819,22.75833333333333,3.0500000000000003,6.533333333333334
28-01-23,1.0,0.0,73.0,22.64166666666667,3.1833333333333336,8.008333333333331
29-01-23,4.0,0.0,73.0,21.166666666666668,3.0500000000000003,7.808333333333334
30-01-23,0.0,0.0,70.72727272727273,21.5,1.6500000000000001,8.6
31-01-23,2.0,0.0,72.81818181818181,22.100000000000005,1.9500000000000002,7.7250000000000005
01-02-23,0.0,0.08333333333333333,71.9090909090909,22.908333333333335,3.6,5.058333333333333
02-02-23,2.0,0.0,65.0,21.583333333333332,3.5999999999999996,7.775000000000001
03-02-23,0.0,0.0,72.0909090909091,20.6,2.975,8.016666666666666
04-02-23,3.0,0.0,72.18181818181819,20.816666666666666,3.1166666666666667,7.558333333333333
05-02-23,2.0,0.0,72.0909090909091,20.575,2.75,7.724999999999999
06-02-23,4.0,0.0,71.81818181818181,20.508333333333333,3.0833333333333335,7.699999999999999
07-02-23,2.0,0.0,73.72727272727273,21.566666666666666,2.7916666666666665,7.366666666666667
08-02-23,3.0,0.0,76.81818181818181,22.358333333333334,2.2666666666666666,7.966666666666668
09-02-23,0.0,0.0,79.0,22.608333333333334,1.625,6.491666666666667
10-02-23,0.0,0.0,75.36363636363636,22.208333333333332,3.3166666666666664,7.149999999999999
11-02-23,2.0,0.0,68.36363636363636,22.583333333333332,1.8916666666666666,8.608333333333333
12-02-23,0.0,0.0,79.27272727272727,22.90833333333333,2.1666666666666665,6.25
13-02-23,2.0,0.0,60.27272727272727,21.758333333333336,3.275,8.85
14-02-23,4.0,0.0,58.81818181818182,20.475,4.483333333333333,8.883333333333335
15-02-23,2.0,0.0,63.81818181818182,20.50833333333333,2.8083333333333336,8.799999999999999
16-02-23,2.0,0.0,67.63636363636364,21.075000000000003,2.9166666666666665,7.7250000000000005
17-02-23,0.0,0.0,66.27272727272727,22.299999999999997,2.35,8.133333333333333
18-02-23,2.0,0.0,69.54545454545455,23.166666666666668,1.3499999999999999,6.858333333333333
19-02-23,0.0,0.0,74.27272727272727,23.600000000000005,1.8833333333333335,5.691666666666667
20-02-23,2.0,0.0,77.9090909090909,23.650000000000002,2.1416666666666666,4.95
21-02-23,0.0,0.0,81.0909090909091,23.758333333333336,2.0,3.6
22-02-23,3.0,0.0,79.18181818181819,24.658333333333335,2.8333333333333335,6.333333333333333
23-02-23,0.0,0.0,77.9090909090909,24.908333333333335,3.3083333333333336,6.708333333333333
24-02-23,2.0,0.0,75.63636363636364,25.441666666666666,2.9,6.608333333333333
25-02-23,0.0,0.0,72.45454545454545,25.083333333333332,2.566666666666667,7.608333333333333
26-02-23,2.0,0.0,57.36363636363637,24.883333333333336,2.6083333333333334,8.899999999999999
27-02-23,1.0,0.0,58.45454545454545,25.066666666666666,2.4666666666666663,8.566666666666666
28-02-23,1.0,0.0,66.72727272727273,24.808333333333334,2.375,8.641666666666667
01-03-23,1.0,0.0,60.36363636363637,25.24166666666667,3.6,9.058333333333332
02-03-23,4.0,0.0,61.09090909090909,25.325,3.533333333333333,9.158333333333333
03-03-23,0.0,0.0,62.09090909090909,25.933333333333337,2.091666666666667,8.950000000000001
04-03-23,0.0,0.0,64.72727272727273,26.00833333333333,2.733333333333333,8.541666666666666
05-03-23,0.0,0.0,67.27272727272727,26.099999999999994,2.725,8.908333333333331
06-03-23,2.0,0.0,68.18181818181819,25.883333333333336,3.3333333333333335,8.391666666666667
07-03-23,0.0,0.0,61.45454545454545,26.20833333333334,2.2166666666666663,9.033333333333333
08-03-23,0.0,0.0,58.36363636363637,26.116666666666664,2.875,5.758333333333333
09-03-23,0.0,0.0,61.54545454545455,26.10833333333333,3.0583333333333336,5.8
10-03-23,0.0,0.0,58.18181818181818,26.158333333333335,2.75,3.341666666666667
11-03-23,0.0,0.0,57.0,27.03333333333333,3.558333333333333,8.116666666666667
12-03-23,1.0,0.0,56.0,27.391666666666666,3.7083333333333335,8.866666666666667
13-03-23,0.0,0.0,55.63636363636363,26.96666666666667,2.933333333333333,9.516666666666667
14-03-23,0.0,0.0,71.81818181818181,26.300000000000008,2.8666666666666667,6.125
15-03-23,1.0,0.0,78.27272727272727,26.075000000000003,3.4666666666666672,3.025
16-03-23,0.0,0.25,78.72727272727273,26.316666666666674,2.6333333333333333,2.7083333333333335
17-03-23,0.0,0.08333333333333333,74.81818181818181,25.88333333333333,2.733333333333333,1.2916666666666667
18-03-23,0.0,0.0,74.0,25.433333333333334,2.6833333333333336,1.2
19-03-23,1.0,0.25,82.36363636363636,23.433333333333334,2.908333333333333,0.3333333333333333
20-03-23,1.0,8.25,82.9090909090909,22.808333333333334,3.0916666666666663,1.95
21-03-23,1.0,13.25,82.81818181818181,22.875,3.0500000000000003,4.199999999999999
22-03-23,0.0,20.75,80.0,23.641666666666666,2.9583333333333335,6.1000000000000005
23-03-23,0.0,5.916666666666667,79.18181818181819,24.53333333333333,3.1,6.908333333333334
24-03-23,0.0,1.9166666666666667,74.0,25.65833333333333,2.8333333333333335,8.566666666666668
25-03-23,1.0,0.3333333333333333,74.18181818181819,26.524999999999995,2.8166666666666664,8.283333333333333
26-03-23,0.0,0.9166666666666666,75.18181818181819,26.758333333333336,3.1750000000000003,7.825
27-03-23,0.0,0.5833333333333334,80.18181818181819,26.041666666666668,2.1083333333333334,3.1833333333333336
28-03-23,1.0,1.0,78.0909090909091,27.033333333333335,2.85,6.891666666666667
29-03-23,0.0,1.5833333333333333,81.63636363636364,25.049999999999997,3.016666666666667,4.6
30-03-23,3.0,11.0,79.36363636363636,26.3,3.75,6.075
31-03-23,0.0,11.416666666666666,77.27272727272727,26.608333333333338,3.4416666666666664,4.091666666666666
01-04-23,0.0,5.916666666666667,86.72727272727273,23.616666666666674,3.0833333333333335,0.49166666666666664
02-04-23,1.0,22.416666666666668,73.9090909090909,26.183333333333337,3.341666666666667,9.108333333333334
03-04-23,0.0,5.916666666666667,74.27272727272727,26.783333333333335,3.266666666666667,8.416666666666666
04-04-23,0.0,0.75,77.54545454545455,28.125,3.1166666666666667,9.066666666666666
05-04-23,0.0,0.0,79.63636363636364,27.233333333333334,3.8250000000000006,5.941666666666666
06-04-23,1.0,6.666666666666667,77.0,27.53333333333333,3.0,8.441666666666666
07-04-23,0.0,1.1666666666666667,67.54545454545455,28.316666666666666,2.2916666666666665,8.858333333333333
08-04-23,0.0,0.0,65.9090909090909,28.775000000000006,2.6666666666666665,9.9
09-04-23,0.0,2.0,66.36363636363636,29.275000000000006,3.2083333333333335,9.125000000000002
10-04-23,1.0,0.0,69.0909090909091,29.816666666666666,2.9583333333333335,9.225
11-04-23,1.0,0.0,69.63636363636364,30.083333333333332,2.6333333333333333,9.000000000000002
12-04-23,2.0,0.0,69.36363636363636,30.258333333333336,2.4166666666666665,9.65
13-04-23,0.0,0.0,69.0,29.79166666666667,2.433333333333333,9.35
14-04-23,0.0,0.0,69.45454545454545,30.575000000000003,2.183333333333333,9.916666666666666
15-04-23,0.0,0.0,71.0909090909091,31.0,2.3666666666666667,9.241666666666665
16-04-23,1.0,0.0,76.9090909090909,30.72500000000001,2.6916666666666664,8.541666666666668
17-04-23,2.0,0.0,80.36363636363636,30.25833333333333,3.108333333333333,7.066666666666667
18-04-23,6.0,0.0,77.63636363636364,30.525000000000002,2.8083333333333336,7.1000000000000005
19-04-23,0.0,0.0,78.36363636363636,30.433333333333334,3.408333333333333,7.466666666666668
20-04-23,0.0,0.0,77.27272727272727,30.591666666666665,4.058333333333333,7.883333333333334
21-04-23,0.0,0.3333333333333333,79.27272727272727,28.408333333333335,3.741666666666667,3.566666666666667
22-04-23,0.0,6.25,74.72727272727273,29.13333333333333,3.3166666666666664,8.058333333333335
23-04-23,0.0,0.0,72.27272727272727,27.98333333333333,3.741666666666667,4.058333333333334
24-04-23,3.0,0.8333333333333334,65.9090909090909,28.71666666666667,3.0749999999999997,7.908333333333332
25-04-23,2.0,0.0,63.27272727272727,29.599999999999994,3.1666666666666665,9.991666666666665
26-04-23,1.0,0.0,62.90909090909091,30.033333333333335,2.7083333333333335,10.208333333333332
27-04-23,2.0,0.0,65.45454545454545,29.266666666666662,3.491666666666667,9.825000000000001
28-04-23,0.0,2.8333333333333335,66.81818181818181,29.058333333333337,2.5166666666666666,8.191666666666665
29-04-23,5.0,0.16666666666666666,66.18181818181819,29.916666666666668,3.7999999999999994,8.825
30-04-23,5.0,0.5,65.18181818181819,30.216666666666665,3.1,7.5249999999999995
01-05-23,0.0,0.0,66.0909090909091,30.108333333333338,4.041666666666667,6.0
02-05-23,3.0,0.08333333333333333,63.27272727272727,30.475000000000005,2.6583333333333337,8.308333333333334
03-05-23,3.0,0.0,69.18181818181819,28.749999999999996,2.6416666666666666,2.558333333333333
04-05-23,0.0,4.166666666666667,72.0,28.441666666666663,2.0416666666666665,1.3833333333333335
05-05-23,0.0,0.16666666666666666,73.0909090909091,28.991666666666664,2.566666666666667,7.4333333333333345
06-05-23,1.0,5.666666666666667,76.27272727272727,29.38333333333333,2.4583333333333335,6.891666666666668
07-05-23,1.0,2.5,71.54545454545455,30.541666666666668,3.1750000000000003,9.191666666666666
08-05-23,2.0,0.0,69.54545454545455,31.458333333333332,3.25,9.799999999999999
09-05-23,2.0,0.0,69.9090909090909,31.725000000000005,2.7916666666666665,9.075000000000001
10-05-23,0.0,0.0,73.72727272727273,31.150000000000002,3.225,9.966666666666667
11-05-23,2.0,0.0,71.9090909090909,30.974999999999998,2.9166666666666665,9.041666666666668
12-05-23,0.0,0.0,71.0909090909091,30.36666666666667,3.8333333333333335,6.075
13-05-23,6.0,1.6666666666666667,81.72727272727273,27.191666666666663,3.125,0.8416666666666668
14-05-23,3.0,5.166666666666667,83.63636363636364,24.38333333333333,6.050000000000001,0.625
15-05-23,2.0,9.666666666666666,75.54545454545455,27.84166666666667,3.625,9.333333333333332
16-05-23,1.0,12.0,74.54545454545455,28.349999999999998,5.1000000000000005,9.366666666666665
17-05-23,2.0,18.416666666666668,81.54545454545455,25.34166666666667,3.808333333333333,5.300000000000001
18-05-23,1.0,19.083333333333332,85.18181818181819,24.258333333333336,3.383333333333333,3.808333333333333
19-05-23,0.0,16.833333333333332,78.0909090909091,28.933333333333334,3.816666666666667,8.883333333333335
20-05-23,0.0,0.0,74.63636363636364,29.375,3.641666666666667,8.033333333333333
21-05-23,1.0,0.75,77.0909090909091,29.39166666666667,4.0,8.608333333333333
22-05-23,2.0,8.0,77.54545454545455,29.766666666666666,3.5833333333333335,9.891666666666664
23-05-23,3.0,0.0,80.45454545454545,27.89166666666667,3.591666666666667,6.941666666666666
24-05-23,2.0,17.0,91.54545454545455,23.78333333333333,3.125,1.2999999999999998
25-05-23,8.0,35.916666666666664,79.54545454545455,28.40833333333333,3.35,6.1000000000000005
26-05-23,0.0,6.916666666666667,78.54545454545455,28.541666666666668,2.8249999999999997,7.483333333333333
27-05-23,6.0,4.333333333333333,80.18181818181819,28.341666666666665,3.5833333333333335,7.283333333333332
28-05-23,4.0,2.5,75.45454545454545,29.650000000000002,2.658333333333333,8.933333333333334
29-05-23,7.0,0.0,70.27272727272727,30.858333333333334,2.8249999999999997,9.45
30-05-23,10.0,0.0,69.36363636363636,31.566666666666666,3.016666666666667,9.341666666666667
31-05-23,9.0,0.0,72.0909090909091,31.400000000000002,3.375,8.766666666666667
01-06-23,8.0,5.583333333333333,76.72727272727273,30.53333333333333,2.6666666666666665,7.408333333333334
02-06-23,0.0,0.3333333333333333,76.72727272727273,31.09166666666667,2.8499999999999996,8.966666666666669
03-06-23,8.0,0.0,76.0,31.23333333333333,2.3,8.008333333333331
04-06-23,3.0,0.0,75.63636363636364,31.049999999999997,2.4833333333333334,7.508333333333333
05-06-23,7.0,1.75,73.45454545454545,31.25,3.2999999999999994,7.999999999999999
06-06-23,3.0,1.4166666666666667,74.0909090909091,30.775000000000002,3.0666666666666664,6.2
07-06-23,12.0,9.416666666666666,81.36363636363636,29.666666666666668,2.716666666666667,0.4583333333333333
08-06-23,6.0,15.166666666666666,89.18181818181819,28.274999999999995,3.408333333333333,0.4666666666666666
09-06-23,0.0,31.5,86.9090909090909,27.84166666666667,2.375,1.0833333333333333
10-06-23,2.0,23.75,93.36363636363636,26.14166666666667,2.5166666666666666,0.075
11-06-23,19.0,36.75,89.27272727272727,26.175,1.9749999999999999,0.7333333333333333
12-06-23,20.0,26.666666666666668,83.72727272727273,28.3,3.0749999999999997,3.233333333333334
13-06-23,14.0,9.166666666666666,81.54545454545455,29.849999999999998,4.108333333333333,5.908333333333332
14-06-23,7.0,2.8333333333333335,80.54545454545455,30.608333333333334,5.199999999999999,4.808333333333334
15-06-23,25.0,0.5,85.63636363636364,29.266666666666662,4.808333333333333,0.7583333333333334
16-06-23,2.0,14.333333333333334,84.18181818181819,29.458333333333332,4.55,1.2083333333333333
17-06-23,31.0,4.916666666666667,87.45454545454545,27.350000000000005,3.6916666666666664,0.9
18-06-23,20.0,32.916666666666664,83.18181818181819,28.508333333333336,3.1833333333333336,3.7416666666666667
19-06-23,19.0,18.666666666666668,88.36363636363636,27.525000000000002,2.8333333333333335,2.1166666666666667
20-06-23,28.0,25.333333333333332,82.36363636363636,29.241666666666664,4.1,6.133333333333333
21-06-23,21.0,5.833333333333333,82.18181818181819,29.608333333333334,3.7916666666666665,7.083333333333333
22-06-23,56.0,6.416666666666667,83.63636363636364,28.733333333333334,3.2083333333333335,3.6583333333333337
23-06-23,0.0,10.666666666666666,82.36363636363636,28.96666666666667,4.3,4.208333333333333
24-06-23,19.0,19.25,82.81818181818181,28.424999999999997,4.033333333333334,3.0749999999999997
25-06-23,46.0,5.833333333333333,77.63636363636364,29.216666666666665,4.908333333333333,7.483333333333333
26-06-23,50.0,1.5,86.81818181818181,27.424999999999997,4.3,0.9083333333333333
27-06-23,15.0,25.5,89.0,27.24166666666667,4.0249999999999995,0.08333333333333333
28-06-23,16.0,30.666666666666668,85.18181818181819,28.849999999999998,3.9249999999999994,3.5666666666666664
29-06-23,9.0,15.833333333333334,84.36363636363636,28.791666666666668,4.108333333333333,4.833333333333333
30-06-23,16.0,25.25,86.36363636363636,28.916666666666668,3.4250000000000003,4.6000000000000005
01-07-23,20.0,20.0,83.18181818181819,29.566666666666663,3.241666666666667,4.841666666666667
02-07-23,127.0,3.4166666666666665,81.0909090909091,30.224999999999998,3.8000000000000003,6.383333333333333
03-07-23,101.0,2.5,80.0909090909091,30.300000000000008,2.783333333333333,6.708333333333333
04-07-23,91.0,0.16666666666666666,79.81818181818181,30.25,3.275,8.6
05-07-23,84.0,7.5,80.45454545454545,29.349999999999998,4.708333333333333,8.35
06-07-23,92.0,12.833333333333334,83.54545454545455,28.61666666666667,4.333333333333333,3.608333333333333
07-07-23,35.0,9.25,82.81818181818181,28.566666666666666,5.125,4.366666666666667
08-07-23,41.0,5.916666666666667,79.54545454545455,29.2,3.5500000000000003,6.741666666666666
09-07-23,117.0,3.8333333333333335,83.18181818181819,29.433333333333334,2.9333333333333336,4.316666666666667
10-07-23,147.0,8.916666666666666,85.18181818181819,28.533333333333328,2.3416666666666663,0.975
11-07-23,123.0,22.833333333333332,82.45454545454545,28.941666666666666,3.158333333333333,3.0
12-07-23,185.0,3.3333333333333335,82.36363636363636,28.849999999999998,3.908333333333333,3.308333333333333
13-07-23,148.0,6.333333333333333,83.54545454545455,28.599999999999998,3.016666666666667,3.5749999999999997
14-07-23,65.0,17.083333333333332,86.63636363636364,27.841666666666665,3.8166666666666664,2.6666666666666665
15-07-23,144.0,21.083333333333332,82.81818181818181,28.24166666666667,3.783333333333333,5.891666666666667
16-07-23,187.0,4.333333333333333,81.9090909090909,28.74166666666666,2.9499999999999997,5.166666666666667
17-07-23,260.0,4.25,78.45454545454545,29.650000000000002,3.0750000000000006,5.291666666666667
18-07-23,229.0,2.9166666666666665,78.54545454545455,29.816666666666666,3.533333333333333,8.233333333333333
19-07-23,266.0,3.3333333333333335,76.18181818181819,30.183333333333337,3.508333333333333,10.691666666666668
20-07-23,230.0,0.6666666666666666,75.81818181818181,30.24166666666667,3.808333333333333,9.158333333333333
21-07-23,88.0,0.6666666666666666,77.54545454545455,29.975000000000005,3.691666666666667,7.275000000000001
22-07-23,269.0,1.6666666666666667,75.18181818181819,30.29166666666666,3.15,9.666666666666668
23-07-23,331.0,0.08333333333333333,75.81818181818181,30.48333333333333,2.9583333333333335,9.408333333333333
24-07-23,298.0,0.25,76.0909090909091,30.608333333333334,1.9333333333333333,9.166666666666666
25-07-23,335.0,1.4166666666666667,77.0909090909091,30.141666666666666,4.208333333333334,8.725
26-07-23,336.0,3.0833333333333335,80.54545454545455,29.316666666666666,4.333333333333334,7.233333333333334
27-07-23,280.0,6.083333333333333,85.36363636363636,28.925,3.608333333333333,3.0
28-07-23,61.0,12.333333333333334,82.27272727272727,29.399999999999995,3.241666666666667,6.050000000000001
29-07-23,390.0,8.75,80.81818181818181,29.850000000000005,3.2416666666666667,6.808333333333334
30-07-23,415.0,0.75,77.0909090909091,30.775000000000006,3.3333333333333335,9.866666666666665
31-07-23,362.0,13.333333333333334,82.36363636363636,29.908333333333335,2.5500000000000003,6.358333333333334
01-08-23,375.0,26.0,81.81818181818181,28.85833333333333,6.066666666666666,2.8833333333333333
02-08-23,420.0,20.25,89.81818181818181,27.76666666666667,3.6583333333333337,0.5333333333333333
03-08-23,338.0,44.5,89.45454545454545,28.266666666666666,2.9333333333333336,0.9583333333333334
04-08-23,227.0,49.0,91.18181818181819,27.808333333333334,3.6833333333333336,0.016666666666666666
05-08-23,472.0,42.5,89.81818181818181,27.483333333333334,3.275,1.075
06-08-23,378.0,88.91666666666667,93.81818181818181,26.808333333333334,4.341666666666667,0.0
07-08-23,346.0,164.91666666666666,93.54545454545455,26.974999999999994,3.775,0.25
08-08-23,364.0,59.5,92.9090909090909,26.775000000000002,2.4250000000000003,0.0
09-08-23,413.0,41.666666666666664,89.0,27.408333333333335,2.4166666666666665,1.275
10-08-23,397.0,12.833333333333334,87.54545454545455,27.791666666666668,2.375,0.4583333333333333
11-08-23,350.0,5.833333333333333,86.36363636363636,27.941666666666666,2.4166666666666665,2.5749999999999997
12-08-23,391.0,15.0,87.81818181818181,27.583333333333332,2.7166666666666663,0.7166666666666667
13-08-23,400.0,19.666666666666668,90.81818181818181,27.125000000000004,2.4583333333333335,0.5916666666666667
14-08-23,376.0,21.0,86.54545454545455,28.38333333333334,2.6,3.133333333333333
15-08-23,325.0,10.333333333333334,86.54545454545455,28.691666666666666,1.9583333333333333,2.208333333333333
16-08-23,352.0,15.0,83.54545454545455,29.483333333333338,2.525,2.4
17-08-23,334.0,15.083333333333334,81.54545454545455,29.51666666666667,2.3916666666666666,8.825
18-08-23,212.0,2.0833333333333335,76.18181818181819,29.625,4.283333333333333,8.833333333333334
19-08-23,291.0,2.0,79.45454545454545,29.458333333333332,3.3083333333333336,8.833333333333334
20-08-23,341.0,1.0833333333333333,79.72727272727273,29.908333333333335,2.741666666666667,7.408333333333334
21-08-23,322.0,0.9166666666666666,80.63636363636364,29.308333333333334,2.0500000000000003,3.35
22-08-23,394.0,12.5,85.63636363636364,27.658333333333328,3.283333333333333,0.2916666666666667
23-08-23,336.0,18.666666666666668,86.18181818181819,27.60833333333333,3.0749999999999997,1.3000000000000003
24-08-23,262.0,7.083333333333333,85.63636363636364,28.124999999999996,3.308333333333333,2.6166666666666667
25-08-23,232.0,36.416666666666664,89.81818181818181,27.516666666666662,3.3083333333333336,1.6166666666666665
26-08-23,341.0,34.833333333333336,89.63636363636364,27.575,2.4916666666666667,0.375
27-08-23,394.0,55.583333333333336,92.0909090909091,26.59166666666667,2.6749999999999994,0.08333333333333333
28-08-23,316.0,41.833333333333336,85.63636363636364,28.433333333333334,2.875,3.766666666666667
29-08-23,367.0,7.333333333333333,81.0909090909091,30.083333333333332,2.125,7.866666666666666
30-08-23,364.0,5.583333333333333,81.27272727272727,29.924999999999994,1.825,6.641666666666666
31-08-23,354.0,11.25,83.27272727272727,29.708333333333332,3.091666666666667,5.225
01-09-23,281.0,5.25,84.36363636363636,29.583333333333332,2.1666666666666665,3.016666666666667
02-09-23,364.0,6.083333333333333,85.0,29.475000000000005,2.15,2.591666666666667
03-09-23,375.0,29.833333333333332,83.72727272727273,29.08333333333333,2.841666666666667,5.391666666666667
04-09-23,404.0,5.833333333333333,80.63636363636364,30.016666666666666,1.9916666666666665,4.8
05-09-23,352.0,4.833333333333333,82.36363636363636,30.03333333333333,2.3249999999999997,3.7083333333333335
06-09-23,305.0,6.583333333333333,80.81818181818181,29.63333333333333,2.7166666666666663,4.825000000000001
07-09-23,423.0,4.666666666666667,83.18181818181819,28.941666666666666,4.2,4.541666666666667
08-09-23,256.0,26.916666666666668,90.81818181818181,27.04166666666666,2.3000000000000003,0.08333333333333333
09-09-23,380.0,31.083333333333332,80.0,29.691666666666666,2.1083333333333334,8.358333333333333
10-09-23,477.0,2.5833333333333335,83.81818181818181,29.59166666666667,2.558333333333333,5.216666666666667
11-09-23,403.0,23.916666666666668,85.45454545454545,28.849999999999998,1.9916666666666665,4.616666666666667
12-09-23,462.0,18.666666666666668,82.0,29.358333333333338,3.108333333333333,7.366666666666667
13-09-23,468.0,4.166666666666667,79.81818181818181,29.075000000000003,3.0,7.058333333333333
14-09-23,380.0,2.4166666666666665,84.9090909090909,28.041666666666668,3.141666666666667,1.9583333333333333
15-09-23,350.0,7.666666666666667,80.0,29.608333333333334,2.658333333333333,7.741666666666667
16-09-23,374.0,2.0,80.36363636363636,30.033333333333335,2.2916666666666665,7.933333333333334
17-09-23,416.0,3.3333333333333335,82.63636363636364,29.724999999999998,1.9749999999999999,7.791666666666667
18-09-23,470.0,48.5,86.0,28.066666666666674,3.0583333333333336,3.025
19-09-23,450.0,20.75,81.27272727272727,28.725000000000005,3.483333333333333,4.225
20-09-23,454.0,4.333333333333333,86.72727272727273,27.70833333333334,3.8833333333333333,2.6416666666666666
21-09-23,547.0,19.916666666666668,84.18181818181819,28.225000000000005,3.0416666666666665,5.175000000000001
22-09-23,299.0,11.416666666666666,85.0909090909091,28.26666666666667,3.5666666666666664,5.183333333333333
23-09-23,465.0,5.833333333333333,84.0,28.95833333333334,2.475,6.866666666666666
24-09-23,455.0,6.0,83.0909090909091,29.058333333333334,2.983333333333333,7.758333333333333
25-09-23,508.0,3.75,80.81818181818181,29.658333333333335,2.316666666666667,8.458333333333334
26-09-23,432.0,1.0833333333333333,80.0909090909091,30.11666666666666,3.283333333333333,8.775
27-09-23,441.0,14.583333333333334,84.0909090909091,28.850000000000005,2.3333333333333335,4.908333333333334
28-09-23,366.0,11.166666666666666,82.0,30.316666666666666,2.8666666666666667,4.633333333333333
29-09-23,314.0,5.25,86.0909090909091,28.71666666666667,2.8250000000000006,2.2833333333333337
30-09-23,372.0,7.083333333333333,81.63636363636364,28.649999999999995,4.3500000000000005,5.341666666666666
01-10-23,372.0,4.166666666666667,80.54545454545455,29.09166666666667,2.6749999999999994,8.925
02-10-23,397.0,4.833333333333333,83.18181818181819,28.25,3.3666666666666667,4.416666666666667
03-10-23,418.0,8.25,88.9090909090909,26.60833333333333,3.058333333333333,1.3666666666666665
04-10-23,420.0,30.0,88.36363636363636,27.016666666666666,3.4749999999999996,1.5166666666666666
05-10-23,337.0,38.166666666666664,90.81818181818181,27.375000000000004,3.391666666666666,0.5916666666666667
06-10-23,287.0,31.083333333333332,88.72727272727273,27.924999999999997,3.5500000000000003,0.44166666666666665
07-10-23,401.0,13.25,84.72727272727273,28.633333333333336,2.5166666666666666,5.008333333333334
08-10-23,385.0,1.5,83.9090909090909,28.458333333333332,2.65,4.858333333333333
09-10-23,382.0,6.25,83.36363636363636,29.05,2.0083333333333333,7.183333333333334
10-10-23,309.0,0.0,83.0909090909091,29.174999999999997,2.6,6.041666666666667
11-10-23,358.0,0.0,83.63636363636364,28.925,1.6416666666666666,4.583333333333333
12-10-23,316.0,1.0833333333333333,85.0909090909091,27.725000000000005,1.6666666666666667,2.1166666666666667
13-10-23,186.0,2.8333333333333335,83.0,28.241666666666664,1.9749999999999999,6.441666666666667
14-10-23,276.0,0.0,81.0909090909091,28.150000000000002,2.558333333333333,6.783333333333334
15-10-23,313.0,0.08333333333333333,79.45454545454545,28.191666666666666,1.4833333333333334,7.108333333333333
16-10-23,300.0,0.0,77.45454545454545,28.200000000000003,5.333333333333333,8.841666666666667
17-10-23,321.0,0.0,78.0909090909091,28.400000000000002,1.7666666666666666,9.066666666666668
18-10-23,340.0,0.0,76.0909090909091,28.275000000000002,1.9583333333333333,8.433333333333334
19-10-23,294.0,0.0,76.27272727272727,28.049999999999997,2.2083333333333335,8.866666666666667
20-10-23,198.0,0.0,75.27272727272727,27.850000000000005,2.716666666666667,8.783333333333333
21-10-23,265.0,0.0,74.81818181818181,28.25833333333333,2.8250000000000006,9.458333333333334
22-10-23,260.0,0.0,77.9090909090909,28.058333333333326,2.0083333333333333,5.958333333333335
23-10-23,242.0,5.583333333333333,88.54545454545455,25.933333333333334,1.7083333333333333,0.03333333333333333
24-10-23,213.0,8.25,90.63636363636364,24.75833333333333,3.1583333333333337,0.0
25-10-23,199.0,33.583333333333336,84.54545454545455,26.24166666666667,2.7083333333333335,5.441666666666667
26-10-23,229.0,1.4166666666666667,80.9090909090909,27.25,1.9416666666666667,7.525000000000001
27-10-23,144.0,0.0,79.0909090909091,27.250000000000004,2.1083333333333334,8.716666666666667
28-10-23,180.0,0.0,76.18181818181819,26.90833333333333,1.7666666666666666,8.941666666666666
29-10-23,217.0,0.0,74.27272727272727,26.375,1.9416666666666667,8.65
30-10-23,191.0,0.0,72.18181818181819,26.700000000000003,1.75,9.066666666666666
31-10-23,209.0,0.0,74.45454545454545,27.808333333333337,2.2333333333333334,8.091666666666667
01-11-23,189.0,0.0,76.0909090909091,28.558333333333334,2.5083333333333333,9.200000000000001
02-11-23,197.0,0.0,75.72727272727273,28.174999999999997,2.6583333333333337,8.575000000000001
03-11-23,108.0,0.0,74.45454545454545,27.699999999999992,2.7000000000000006,9.025
04-11-23,179.0,0.0,77.0,27.05,2.3916666666666666,6.266666666666666
05-11-23,250.0,0.0,74.0909090909091,26.724999999999998,2.966666666666667,6.533333333333334
06-11-23,194.0,0.0,73.45454545454545,26.008333333333336,2.766666666666667,8.416666666666666
07-11-23,206.0,0.0,73.45454545454545,24.849999999999994,2.2583333333333333,7.8
08-11-23,221.0,0.0,76.45454545454545,24.849999999999998,2.308333333333333,7.324999999999999
09-11-23,220.0,0.0,76.45454545454545,24.916666666666668,2.6666666666666665,8.533333333333333
10-11-23,141.0,0.0,77.0909090909091,25.05,2.55,8.841666666666667
11-11-23,186.0,0.0,75.63636363636364,25.308333333333337,2.0166666666666666,8.983333333333333
12-11-23,187.0,0.0,74.45454545454545,25.55,2.2916666666666665,8.708333333333334
13-11-23,167.0,0.0,77.0909090909091,25.849999999999998,2.3333333333333335,8.783333333333333
14-11-23,184.0,0.0,75.72727272727273,26.575,2.2333333333333334,7.450000000000002
15-11-23,182.0,0.0,76.45454545454545,27.400000000000002,1.8,6.016666666666667
16-11-23,173.0,0.16666666666666666,89.72727272727273,24.575,2.4166666666666665,0.0
17-11-23,120.0,36.5,91.36363636363636,22.958333333333332,7.916666666666668,0.225
18-11-23,76.0,72.0,84.63636363636364,23.724999999999998,2.6916666666666664,2.4833333333333334
19-11-23,147.0,0.08333333333333333,81.63636363636364,25.716666666666672,1.8333333333333333,8.241666666666667
20-11-23,132.0,0.0,81.63636363636364,26.358333333333334,1.95,6.433333333333334
21-11-23,125.0,0.0,85.54545454545455,24.633333333333336,1.7666666666666666,0.9166666666666665
22-11-23,128.0,0.0,78.72727272727273,24.25,2.275,7.875000000000001
23-11-23,127.0,0.0,77.63636363636364,23.349999999999998,1.9333333333333333,7.916666666666665
24-11-23,87.0,0.0,77.0,23.13333333333333,2.058333333333333,8.325000000000001
25-11-23,79.0,0.0,74.36363636363636,23.258333333333336,2.433333333333333,7.983333333333334
26-11-23,102.0,0.0,77.81818181818181,24.400000000000002,2.0083333333333333,8.825
27-11-23,111.0,0.0,76.36363636363636,25.316666666666666,1.0416666666666667,8.85
28-11-23,125.0,0.0,75.54545454545455,25.058333333333334,1.8083333333333333,8.275
29-11-23,118.0,0.0,81.54545454545455,23.883333333333336,1.5833333333333333,2.9166666666666665
30-11-23,113.0,0.0,76.45454545454545,24.341666666666665,1.875,8.575000000000001
01-12-23,62.0,0.0,75.72727272727273,24.608333333333334,2.0083333333333333,8.691666666666666
02-12-23,70.0,0.0,76.0909090909091,24.891666666666666,1.9916666666666665,6.349999999999999
03-12-23,95.0,0.0,75.72727272727273,25.291666666666668,2.1750000000000003,6.366666666666667
04-12-23,78.0,0.0,78.36363636363636,25.00833333333333,1.8916666666666666,1.7583333333333335
05-12-23,79.0,0.0,75.63636363636364,24.533333333333335,2.2333333333333334,0.09166666666666666
06-12-23,64.0,0.0,78.54545454545455,24.841666666666665,2.0416666666666665,1.2416666666666665
07-12-23,72.0,1.25,87.27272727272727,23.58333333333334,2.5083333333333333,1.5999999999999999
08-12-23,55.0,11.916666666666666,84.63636363636364,23.666666666666668,2.6750000000000003,1.9000000000000001
09-12-23,52.0,1.25,79.27272727272727,22.883333333333336,3.7416666666666667,6.641666666666667
10-12-23,70.0,0.0,79.81818181818181,21.091666666666665,2.35,5.583333333333333
11-12-23,64.0,0.0,83.18181818181819,20.374999999999996,2.341666666666667,5.341666666666666
12-12-23,63.0,0.0,85.45454545454545,20.14166666666667,2.0166666666666666,3.3333333333333335
13-12-23,64.0,0.0,78.0,20.558333333333334,2.0749999999999997,6.4750000000000005
14-12-23,41.0,0.0,72.36363636363636,19.874999999999996,3.1916666666666664,7.9333333333333345
15-12-23,28.0,0.0,75.81818181818181,19.51666666666667,2.4,8.05
16-12-23,24.0,0.0,78.36363636363636,19.733333333333334,2.3916666666666666,7.533333333333334
17-12-23,61.0,0.0,76.45454545454545,19.866666666666664,2.1166666666666667,8.158333333333335
18-12-23,39.0,0.0,76.36363636363636,20.191666666666666,2.191666666666667,8.174999999999999
19-12-23,42.0,0.0,73.72727272727273,20.316666666666666,2.5416666666666665,8.233333333333333
20-12-23,33.0,0.0,75.72727272727273,19.941666666666663,2.058333333333333,8.591666666666667
21-12-23,31.0,0.0,79.0909090909091,20.30833333333333,1.5833333333333333,6.7
22-12-23,29.0,0.0,80.0909090909091,20.375,1.75,5.675
23-12-23,34.0,0.0,81.0,21.541666666666668,1.8333333333333333,5.5
24-12-23,35.0,0.0,82.0,21.825,2.1333333333333333,6.75
25-12-23,31.0,0.0,81.63636363636364,21.516666666666666,1.375,6.058333333333334
26-12-23,26.0,0.0,82.9090909090909,21.283333333333335,1.3166666666666667,5.641666666666666
27-12-23,22.0,0.0,80.54545454545455,21.316666666666666,1.5,6.416666666666665
28-12-23,20.0,0.0,81.18181818181819,20.933333333333334,1.2666666666666666,5.550000000000001
29-12-23,15.0,0.0,77.45454545454545,21.116666666666667,1.8166666666666667,8.033333333333333
30-12-23,13.0,0.0,76.45454545454545,21.608333333333334,2.1666666666666665,8.566666666666666
31-12-23,14.0,0.0,76.54545454545455,21.816666666666663,2.6,7.841666666666666
01-01-24,19.0,0.0,80.36363636363636,20.983333333333334,2.3666666666666667,6.333333333333335
02-01-24,20.0,0.0,79.81818181818181,20.19166666666667,2.5666666666666664,6.858333333333333
03-01-24,12.0,0.0,85.45454545454545,18.841666666666665,1.9166666666666667,4.866666666666666
04-01-24,17.0,0.0,87.0909090909091,18.633333333333336,2.1083333333333334,5.449999999999999
05-01-24,11.0,0.0,82.0909090909091,18.700000000000003,2.325,6.733333333333334
06-01-24,6.0,0.0,79.18181818181819,19.474999999999998,2.5500000000000003,7.133333333333333
07-01-24,3.0,0.0,74.18181818181819,20.375,2.6916666666666664,7.800000000000001
08-01-24,12.0,0.0,75.36363636363636,20.39166666666667,2.725,7.675000000000001
09-01-24,10.0,0.0,79.63636363636364,19.35,2.883333333333333,5.616666666666666
10-01-24,12.0,0.0,82.63636363636364,18.258333333333333,2.2666666666666666,6.133333333333333
11-01-24,15.0,0.0,74.63636363636364,19.091666666666665,3.0583333333333336,6.533333333333334
12-01-24,3.0,0.0,81.27272727272727,16.425,2.8249999999999997,3.8499999999999996
13-01-24,6.0,0.0,81.27272727272727,16.916666666666668,2.2333333333333334,3.6500000000000004
14-01-24,10.0,0.0,87.0909090909091,16.358333333333334,2.0416666666666665,2.991666666666667
15-01-24,14.0,0.0,82.36363636363636,16.658333333333335,1.4583333333333333,5.25
16-01-24,10.0,0.0,82.0,16.45,1.95,5.15
17-01-24,9.0,0.0,78.9090909090909,17.03333333333333,1.7333333333333334,5.891666666666667
18-01-24,9.0,0.0,76.81818181818181,18.51666666666667,1.6666666666666667,3.275
19-01-24,10.0,0.8333333333333334,74.72727272727273,20.008333333333333,2.525,6.833333333333335
20-01-24,3.0,0.4166666666666667,74.45454545454545,18.866666666666667,2.441666666666667,7.183333333333334
21-01-24,2.0,0.0,75.18181818181819,18.816666666666666,2.625,4.4
22-01-24,10.0,0.0,75.36363636363636,17.150000000000002,2.841666666666667,5.408333333333334
23-01-24,7.0,0.0,81.36363636363636,15.700000000000001,2.35,4.691666666666667
24-01-24,10.0,0.0,79.81818181818181,17.616666666666664,1.9249999999999998,1.6666666666666667
25-01-24,7.0,2.8333333333333335,84.0909090909091,18.333333333333332,1.7750000000000001,1.7999999999999998
26-01-24,6.0,1.1666666666666667,75.45454545454545,19.375000000000004,2.325,6.991666666666666
27-01-24,8.0,0.0,73.36363636363636,17.883333333333336,4.841666666666666,4.316666666666667
28-01-24,9.0,0.0,68.0,18.333333333333332,3.0999999999999996,7.841666666666668
29-01-24,3.0,0.0,68.81818181818181,18.025,2.466666666666667,7.016666666666666
30-01-24,7.0,0.0,70.54545454545455,19.291666666666664,2.066666666666667,7.5
31-01-24,4.0,0.0,78.54545454545455,18.933333333333334,1.3916666666666666,1.3583333333333334
01-02-24,7.0,0.0,79.0,19.916666666666668,1.7083333333333333,2.0000000000000004
02-02-24,3.0,1.25,83.18181818181819,20.416666666666668,1.6500000000000001,2.875
03-02-24,2.0,0.5833333333333334,78.72727272727273,20.80833333333333,2.8333333333333335,5.549999999999998
04-02-24,7.0,0.0,75.72727272727273,20.033333333333335,1.9916666666666665,7.508333333333334
05-02-24,2.0,0.0,74.81818181818181,21.166666666666668,2.4166666666666665,6.899999999999999
06-02-24,13.0,0.0,80.54545454545455,21.425,2.408333333333333,4.091666666666668
07-02-24,8.0,0.0,78.0909090909091,21.35833333333333,2.3916666666666666,1.3583333333333332
08-02-24,7.0,0.0,63.90909090909091,20.000000000000004,2.475,7.850000000000001
09-02-24,1.0,0.0,61.81818181818182,19.683333333333334,3.366666666666667,7.95
10-02-24,0.0,0.0,68.9090909090909,19.741666666666667,2.9499999999999997,8.825000000000001
11-02-24,1.0,0.0,70.81818181818181,20.650000000000002,2.758333333333333,7.958333333333332
12-02-24,1.0,0.0,71.63636363636364,20.900000000000002,1.95,6.5249999999999995
13-02-24,3.0,0.0,64.63636363636364,22.108333333333338,2.4833333333333334,7.266666666666666
14-02-24,3.0,0.0,65.0,22.48333333333333,2.191666666666667,6.091666666666666
15-02-24,4.0,0.0,65.0909090909091,23.71666666666667,2.6,6.391666666666668
16-02-24,0.0,0.25,69.63636363636364,23.400000000000002,2.875,7.808333333333334
17-02-24,3.0,0.0,70.27272727272727,22.275000000000002,2.5916666666666663,7.441666666666666
18-02-24,2.0,0.0,67.45454545454545,21.78333333333333,2.3666666666666667,8.6
19-02-24,1.0,0.0,69.0,22.108333333333334,2.5500000000000003,7.55
20-02-24,4.0,0.0,77.81818181818181,23.63333333333333,2.7833333333333337,5.433333333333334
21-02-24,2.0,0.0,82.63636363636364,24.516666666666666,2.716666666666667,2.6333333333333333
22-02-24,10.0,2.5833333333333335,81.72727272727273,24.825000000000003,3.6666666666666665,4.6
23-02-24,2.0,1.25,82.0909090909091,23.725000000000005,3.0749999999999997,1.5333333333333334
24-02-24,0.0,2.5833333333333335,74.36363636363636,24.61666666666667,2.466666666666667,4.091666666666668
25-02-24,12.0,0.0,65.0,23.083333333333332,3.9250000000000003,4.941666666666666
26-02-24,1.0,0.0,58.45454545454545,24.0,3.6333333333333333,8.266666666666666
27-02-24,7.0,0.0,57.0,23.61666666666667,3.3166666666666664,7.8500000000000005
28-02-24,2.0,0.0,63.45454545454545,23.575000000000003,2.883333333333333,7.7
29-02-24,2.0,0.0,65.45454545454545,24.033333333333335,3.216666666666667,7.383333333333334
01-03-24,1.0,0.0,60.90909090909091,24.058333333333334,3.35,9.408333333333333
02-03-24,2.0,0.0,62.09090909090909,23.90833333333333,2.4666666666666663,9.075000000000001
03-03-24,4.0,0.0,64.9090909090909,24.441666666666666,1.9500000000000002,8.841666666666667
04-03-24,2.0,0.0,67.81818181818181,24.325000000000003,2.65,6.525000000000001
05-03-24,0.0,0.0,67.54545454545455,25.099999999999998,2.9083333333333337,8.675
06-03-24,7.0,0.0,60.54545454545455,24.008333333333336,3.091666666666667,9.241666666666667
07-03-24,3.0,0.0,55.27272727272727,24.066666666666666,2.9,9.058333333333334
08-03-24,4.0,0.0,56.36363636363637,24.375,2.9416666666666664,9.450000000000001
09-03-24,2.0,0.0,54.72727272727273,23.875,3.616666666666666,8.924999999999999
10-03-24,7.0,0.0,54.27272727272727,23.674999999999997,3.0,9.808333333333332
11-03-24,2.0,0.0,61.09090909090909,23.70833333333333,3.233333333333333,9.266666666666667
12-03-24,2.0,0.0,64.72727272727273,25.0,2.7000000000000006,8.691666666666668
13-03-24,2.0,0.0,75.9090909090909,26.591666666666665,2.55,6.483333333333333
14-03-24,5.0,0.0,81.63636363636364,25.375,2.6416666666666666,2.7083333333333326
15-03-24,0.0,10.166666666666666,77.18181818181819,26.575,1.8916666666666666,6.866666666666667
16-03-24,1.0,0.6666666666666666,69.36363636363636,27.59166666666667,2.066666666666667,8.200000000000001
17-03-24,7.0,0.0,64.9090909090909,27.466666666666665,2.6916666666666664,8.6
18-03-24,10.0,0.0,64.45454545454545,27.766666666666666,2.3333333333333335,6.383333333333334
19-03-24,10.0,0.0,68.0909090909091,27.116666666666664,2.2416666666666667,1.25
20-03-24,6.0,0.25,67.45454545454545,26.441666666666663,3.5500000000000003,8.1
21-03-24,3.0,0.75,82.0909090909091,21.483333333333334,3.608333333333333,1.4083333333333334
22-03-24,2.0,5.166666666666667,77.18181818181819,23.383333333333336,2.0833333333333335,6.441666666666666
23-03-24,0.0,1.75,75.36363636363636,25.466666666666665,2.9916666666666667,8.008333333333333
24-03-24,5.0,2.1666666666666665,78.54545454545455,25.683333333333334,3.0083333333333333,8.108333333333334
25-03-24,4.0,10.416666666666666,77.9090909090909,26.91666666666666,2.391666666666666,7.308333333333334
26-03-24,1.0,0.0,73.0,27.5,2.3916666666666666,8.941666666666666
27-03-24,7.0,0.0,76.54545454545455,27.358333333333338,2.358333333333333,7.908333333333334
28-03-24,3.0,1.9166666666666667,83.36363636363636,26.000000000000004,2.341666666666667,4.158333333333333
29-03-24,0.0,10.666666666666666,83.36363636363636,27.100000000000005,2.4166666666666665,1.9749999999999999
30-03-24,0.0,0.08333333333333333,80.0,28.099999999999998,2.7750000000000004,6.208333333333333
31-03-24,10.0,0.0,81.36363636363636,27.5,3.3416666666666672,5.441666666666666
01-04-24,3.0,6.916666666666667,79.27272727272727,28.84166666666667,4.391666666666667,7.608333333333333
02-04-24,3.0,0.0,80.45454545454545,28.975000000000005,3.725,5.133333333333334
03-04-24,4.0,0.0,77.9090909090909,29.35833333333333,3.4250000000000003,8.183333333333332
04-04-24,3.0,0.0,76.9090909090909,29.316666666666666,2.9250000000000003,8.216666666666667
05-04-24,0.0,0.0,78.81818181818181,29.208333333333332,3.5833333333333326,4.391666666666667
06-04-24,0.0,0.0,77.18181818181819,29.76666666666667,3.0583333333333336,8.975
07-04-24,5.0,0.0,81.27272727272727,27.291666666666668,2.433333333333333,1.5833333333333333
08-04-24,0.0,7.25,67.27272727272727,28.441666666666666,3.35,8.416666666666666
09-04-24,12.0,0.0,65.0,28.95833333333334,1.9416666666666667,8.233333333333333
10-04-24,0.0,0.0,62.90909090909091,29.499999999999996,2.966666666666667,7.366666666666666
11-04-24,12.0,0.0,59.0,30.20833333333334,2.2416666666666667,6.108333333333333
12-04-24,0.0,0.0,59.81818181818182,29.899999999999995,2.3583333333333334,6.258333333333333
13-04-24,0.0,0.0,59.27272727272727,30.758333333333336,2.391666666666667,8.816666666666666
14-04-24,0.0,0.0,62.09090909090909,30.53333333333333,2.3833333333333333,8.683333333333332
15-04-24,14.0,0.0,65.63636363636364,30.73333333333333,2.9166666666666665,9.2
16-04-24,15.0,0.0,70.0909090909091,30.25833333333334,2.6583333333333337,8.266666666666664
17-04-24,7.0,4.0,78.0909090909091,30.14166666666667,4.008333333333334,6.341666666666666
18-04-24,13.0,1.6666666666666667,78.9090909090909,29.675,3.5083333333333333,6.708333333333333
19-04-24,0.0,5.666666666666667,75.72727272727273,30.675,4.299999999999999,8.89166666666667
20-04-24,1.0,0.0,76.72727272727273,30.850000000000005,5.1499999999999995,8.516666666666667
21-04-24,0.0,0.0,78.63636363636364,30.783333333333335,4.433333333333334,6.133333333333333
22-04-24,22.0,0.0,79.54545454545455,30.858333333333334,3.4583333333333335,5.441666666666667
23-04-24,0.0,0.0,76.45454545454545,30.916666666666668,3.508333333333333,8.399999999999999
24-04-24,10.0,0.0,75.27272727272727,30.99166666666667,2.775,9.025
25-04-24,9.0,0.0,76.27272727272727,31.008333333333336,3.5500000000000003,9.674999999999999
26-04-24,0.0,0.0,75.81818181818181,31.058333333333334,3.483333333333334,8.65
27-04-24,1.0,0.0,74.72727272727273,31.141666666666666,3.5416666666666665,8.599999999999998
28-04-24,13.0,0.0,75.36363636363636,31.40833333333333,3.516666666666667,7.383333333333333
29-04-24,14.0,0.0,76.18181818181819,31.558333333333334,3.5,7.616666666666666
30-04-24,4.0,0.0,76.0,31.391666666666666,5.066666666666666,8.191666666666668
01-05-24,5.0,0.16666666666666666,76.0,31.5,4.291666666666666,6.816666666666667
02-05-24,8.0,2.6666666666666665,80.27272727272727,29.716666666666665,4.683333333333334,5.1000000000000005
03-05-24,0.0,18.333333333333332,76.9090909090909,29.900000000000002,3.858333333333333,8.083333333333334
04-05-24,0.0,13.75,74.54545454545455,30.233333333333334,2.908333333333333,8.066666666666665
05-05-24,13.0,3.75,75.45454545454545,29.091666666666665,4.3166666666666655,8.325
06-05-24,4.0,17.416666666666668,82.36363636363636,24.974999999999998,4.7250000000000005,4.858333333333333
07-05-24,2.0,68.5,74.72727272727273,27.125000000000004,2.441666666666667,5.250000000000001
08-05-24,5.0,1.0,82.18181818181819,25.541666666666668,3.341666666666667,1.9583333333333337
09-05-24,3.0,5.166666666666667,71.9090909090909,28.51666666666667,2.8333333333333335,8.225
10-05-24,0.0,0.0,73.72727272727273,28.625,2.8833333333333333,7.175
11-05-24,0.0,0.3333333333333333,80.36363636363636,27.058333333333337,2.9499999999999997,5.25
12-05-24,23.0,8.416666666666666,78.36363636363636,28.208333333333332,2.65,6.258333333333334
13-05-24,14.0,3.3333333333333335,72.72727272727273,30.016666666666666,2.191666666666667,9.633333333333335
14-05-24,3.0,0.08333333333333333,71.72727272727273,30.600000000000005,2.4583333333333335,10.4
15-05-24,3.0,0.0,71.0,31.183333333333334,2.625,9.433333333333332
16-05-24,1.0,0.0,71.45454545454545,31.700000000000003,2.3916666666666666,7.949999999999999
17-05-24,0.0,0.0,73.54545454545455,31.49166666666667,2.8333333333333335,9.383333333333333
18-05-24,0.0,0.0,80.0909090909091,29.599999999999998,2.858333333333333,4.658333333333333
19-05-24,12.0,5.166666666666667,84.36363636363636,28.183333333333334,2.316666666666667,3.5333333333333337
20-05-24,6.0,14.666666666666666,81.45454545454545,28.708333333333332,2.9416666666666664,4.341666666666668
21-05-24,2.0,7.666666666666667,71.45454545454545,30.883333333333336,2.8333333333333335,8.816666666666666
22-05-24,0.0,0.0,71.27272727272727,31.066666666666663,2.5416666666666665,9.566666666666666
23-05-24,11.0,0.0,70.0,31.816666666666666,3.0250000000000004,8.758333333333333
24-05-24,3.0,4.833333333333333,70.27272727272727,31.558333333333337,2.3583333333333334,9.858333333333334
25-05-24,5.0,0.0,76.18181818181819,30.391666666666662,3.108333333333333,7.1499999999999995
26-05-24,11.0,12.583333333333334,82.36363636363636,28.758333333333336,7.216666666666668,2.066666666666667
27-05-24,6.0,41.333333333333336,91.72727272727273,27.658333333333335,11.516666666666667,0.9
28-05-24,2.0,160.41666666666666,87.36363636363636,29.083333333333332,5.3,1.1166666666666667
29-05-24,3.0,24.083333333333332,82.63636363636364,30.89166666666667,5.45,4.325
30-05-24,3.0,0.08333333333333333,80.18181818181819,31.099999999999998,3.6666666666666665,5.224999999999999
31-05-24,7.0,2.5833333333333335,82.45454545454545,30.424999999999994,3.1,4.208333333333334
01-06-24,1.0,5.75,77.63636363636364,31.424999999999997,2.8833333333333333,9.516666666666667
02-06-24,15.0,0.08333333333333333,77.54545454545455,31.241666666666664,3.683333333333333,8.158333333333333
03-06-24,3.0,4.5,82.27272727272727,29.350000000000005,3.141666666666667,6.308333333333334
04-06-24,8.0,31.166666666666668,84.72727272727273,28.88333333333333,2.8250000000000006,3.016666666666667
05-06-24,3.0,11.833333333333334,79.0909090909091,30.95,2.5500000000000003,8.649999999999999
06-06-24,2.0,1.6666666666666667,80.0909090909091,30.883333333333336,2.8416666666666663,4.175
07-06-24,1.0,9.083333333333334,84.45454545454545,28.733333333333334,3.0749999999999997,1.1916666666666667
08-06-24,0.0,19.833333333333332,82.54545454545455,29.416666666666668,2.733333333333333,2.583333333333333
09-06-24,7.0,4.333333333333333,84.18181818181819,29.808333333333334,2.591666666666667,2.9916666666666667
10-06-24,2.0,6.166666666666667,82.54545454545455,29.674999999999997,2.191666666666667,4.016666666666666
11-06-24,3.0,3.3333333333333335,78.36363636363636,31.441666666666663,3.266666666666666,7.008333333333334
12-06-24,10.0,2.25,86.0,29.049999999999997,3.033333333333333,0.44166666666666665
13-06-24,6.0,12.583333333333334,83.27272727272727,28.916666666666668,3.108333333333333,0.9333333333333332
14-06-24,0.0,36.75,84.45454545454545,28.958333333333332,3.3333333333333335,0.06666666666666667
15-06-24,0.0,0.08333333333333333,83.27272727272727,29.591666666666665,3.9250000000000003,2.1666666666666665
16-06-24,0.0,12.333333333333334,82.36363636363636,30.38333333333333,3.625,2.8333333333333335
17-06-24,0.0,3.1666666666666665,83.54545454545455,29.683333333333334,3.725,0.4583333333333333
18-06-24,2.0,5.583333333333333,85.54545454545455,28.808333333333337,3.6916666666666664,0.725
19-06-24,21.0,51.583333333333336,88.9090909090909,26.66666666666667,3.308333333333333,0.0
20-06-24,7.0,15.5,86.81818181818181,28.066666666666666,2.975,0.7416666666666667
21-06-24,0.0,10.916666666666666,85.0909090909091,28.900000000000002,2.058333333333333,2.3333333333333335
22-06-24,8.0,7.0,83.27272727272727,29.675,2.6916666666666664,6.5666666666666655
23-06-24,7.0,2.5833333333333335,81.54545454545455,30.258333333333336,3.0,4.8999999999999995
24-06-24,16.0,2.75,82.72727272727273,29.833333333333332,2.9499999999999997,3.6999999999999997
25-06-24,13.0,8.916666666666666,80.72727272727273,30.316666666666674,2.1666666666666665,5.2
26-06-24,5.0,1.25,84.0909090909091,29.53333333333333,2.4916666666666667,2.5749999999999997
27-06-24,12.0,14.083333333333334,79.0909090909091,29.36666666666667,3.641666666666666,5.875000000000001
28-06-24,2.0,3.0833333333333335,83.36363636363636,28.966666666666665,4.191666666666667,3.3833333333333333
29-06-24,18.0,15.666666666666666,88.54545454545455,28.308333333333334,3.9999999999999996,0.8083333333333335
30-06-24,24.0,48.083333333333336,92.0,28.066666666666666,3.941666666666666,0.1416666666666667
01-07-24,17.0,44.833333333333336,93.9090909090909,27.308333333333334,3.283333333333333,0.0
02-07-24,17.0,83.16666666666667,93.36363636363636,27.333333333333332,2.658333333333333,0.21666666666666667
03-07-24,25.0,48.5,90.36363636363636,27.35833333333333,2.7999999999999994,0.4166666666666667
04-07-24,6.0,21.083333333333332,89.72727272727273,27.516666666666666,3.0666666666666664,0.6916666666666668
05-07-24,1.0,33.083333333333336,90.63636363636364,27.116666666666664,2.483333333333333,0.525
06-07-24,0.0,28.416666666666668,83.81818181818181,28.75,2.475,5.691666666666666
07-07-24,25.0,0.25,82.54545454545455,29.674999999999997,3.0,6.833333333333333
08-07-24,23.0,3.8333333333333335,84.0909090909091,29.25,2.5416666666666665,2.516666666666666
09-07-24,29.0,7.166666666666667,85.9090909090909,28.724999999999994,3.5250000000000004,1.875
10-07-24,17.0,23.5,86.9090909090909,28.599999999999998,2.6750000000000003,1.666666666666667
11-07-24,23.0,27.5,90.18181818181819,27.774999999999995,2.733333333333333,1.5
12-07-24,3.0,77.5,87.72727272727273,27.741666666666664,2.808333333333333,1.3666666666666665
13-07-24,0.0,22.333333333333332,84.0909090909091,29.11666666666667,2.9,5.716666666666666
14-07-24,65.0,0.9166666666666666,80.0,30.099999999999998,2.7416666666666667,8.9
15-07-24,33.0,1.3333333333333333,76.18181818181819,30.375000000000004,3.6749999999999994,8.208333333333334
16-07-24,26.0,0.3333333333333333,79.18181818181819,30.08333333333333,3.1666666666666665,5.816666666666666
17-07-24,2.0,1.75,78.81818181818181,30.425,2.4,7.05
18-07-24,2.0,0.25,78.18181818181819,30.958333333333332,2.558333333333333,7.741666666666667
19-07-24,2.0,0.8333333333333334,74.72727272727273,30.349999999999998,3.6833333333333336,8.833333333333334
20-07-24,2.0,1.0,77.36363636363636,30.075,3.625,7.191666666666667
21-07-24,2.0,3.4166666666666665,84.0,28.975000000000005,3.583333333333334,4.316666666666666
22-07-24,2.0,21.25,90.72727272727273,27.53333333333333,3.1666666666666674,0.6083333333333333
23-07-24,2.0,70.16666666666667,90.45454545454545,27.91666666666666,3.7833333333333337,1.2666666666666664
24-07-24,53.0,34.25,88.63636363636364,28.741666666666664,2.625,3.733333333333334
25-07-24,55.0,10.083333333333334,81.63636363636364,29.458333333333332,2.9416666666666664,6.691666666666666
26-07-24,118.0,4.5,82.9090909090909,29.425,3.3000000000000007,4.808333333333333
27-07-24,6.0,7.25,79.9090909090909,29.83333333333333,3.4000000000000004,6.633333333333332
28-07-24,135.0,1.6666666666666667,80.27272727272727,29.741666666666664,3.016666666666666,5.6499999999999995
29-07-24,69.0,1.0833333333333333,86.27272727272727,28.808333333333334,3.2249999999999996,3.4416666666666664
30-07-24,50.0,36.166666666666664,90.0909090909091,28.058333333333326,2.566666666666667,0.6249999999999999
31-07-24,63.0,44.5,90.72727272727273,27.74166666666667,2.9916666666666667,1.6416666666666666
01-08-24,53.0,72.25,95.27272727272727,26.200000000000003,3.516666666666667,0.075
02-08-24,2.0,132.75,94.36363636363636,27.066666666666666,3.7166666666666663,0.125
03-08-24,0.0,66.83333333333333,89.81818181818181,27.724999999999998,3.483333333333333,0.8833333333333333
04-08-24,90.0,81.75,88.27272727272727,28.09166666666667,2.658333333333333,2.5083333333333333
05-08-24,0.0,19.333333333333332,86.18181818181819,28.174999999999997,3.141666666666667,2.275
06-08-24,118.0,11.25,85.54545454545455,28.566666666666663,3.291666666666666,4.2
07-08-24,40.0,8.333333333333334,85.36363636363636,28.266666666666666,3.2916666666666665,3.5750000000000006
08-08-24,52.0,16.75,88.72727272727273,27.53333333333333,3.041666666666666,1.8833333333333337
09-08-24,8.0,17.0,89.45454545454545,27.45,2.9500000000000006,2.858333333333333
10-08-24,69.0,24.583333333333332,90.27272727272727,27.524999999999995,2.75,1.1500000000000001
11-08-24,71.0,56.583333333333336,91.63636363636364,27.649999999999995,2.3333333333333335,0.40833333333333327
12-08-24,62.0,37.416666666666664,89.54545454545455,28.03333333333333,2.4166666666666665,1.5166666666666666
13-08-24,60.0,14.083333333333334,84.18181818181819,29.208333333333332,2.275,6.858333333333333
14-08-24,69.0,3.4166666666666665,82.0,29.450000000000003,3.1500000000000004,7.741666666666667
15-08-24,50.0,4.166666666666667,82.0909090909091,29.200000000000003,3.116666666666666,8.008333333333333
16-08-24,9.0,1.75,91.72727272727273,26.858333333333334,3.258333333333333,0.9083333333333332
17-08-24,72.0,83.25,93.54545454545455,26.36666666666667,3.5583333333333336,0.7416666666666667
18-08-24,91.0,65.83333333333333,93.0,26.85833333333333,3.141666666666667,0.8166666666666665
19-08-24,58.0,69.91666666666667,95.0,26.441666666666663,3.625,0.10833333333333334
20-08-24,78.0,88.16666666666667,93.0909090909091,27.275000000000002,3.4916666666666667,1.2249999999999999
21-08-24,95.0,77.91666666666667,94.18181818181819,27.325,3.391666666666667,0.49999999999999994
22-08-24,55.0,115.25,95.0,26.325000000000003,2.65,0.625
23-08-24,12.0,89.5,86.72727272727273,27.84166666666667,2.983333333333333,2.65
24-08-24,92.0,2.4166666666666665,85.18181818181819,28.125000000000004,2.9500000000000006,3.908333333333333
25-08-24,68.0,26.583333333333332,92.45454545454545,26.049999999999997,3.883333333333333,1.1583333333333334
26-08-24,15.0,54.083333333333336,88.54545454545455,27.00833333333333,2.9749999999999996,2.0166666666666666
27-08-24,82.0,11.416666666666666,86.0,28.099999999999998,2.733333333333333,3.025
28-08-24,102.0,8.833333333333334,86.0,28.258333333333336,2.4,4.374999999999999
29-08-24,11.0,11.416666666666666,81.0,29.508333333333336,2.0083333333333333,7.1000000000000005
30-08-24,51.0,5.75,78.63636363636364,30.191666666666663,3.1166666666666667,9.433333333333334
31-08-24,102.0,4.25,79.72727272727273,29.516666666666666,3.125,7.2250000000000005
01-09-24,103.0,1.1666666666666667,80.45454545454545,29.549999999999997,2.8000000000000003,7.133333333333334
02-09-24,75.0,12.833333333333334,84.0,29.241666666666664,2.1083333333333334,5.5249999999999995
03-09-24,87.0,23.0,83.18181818181819,29.3,2.35,5.808333333333334
04-09-24,96.0,1.25,79.54545454545455,30.249999999999996,3.0833333333333335,9.216666666666667
05-09-24,69.0,0.75,81.9090909090909,29.675,2.275,5.483333333333334
06-09-24,7.0,27.75,83.54545454545455,29.358333333333338,2.4499999999999997,5.891666666666667
07-09-24,92.0,17.333333333333332,81.72727272727273,30.141666666666666,2.275,7.55
08-09-24,91.0,6.166666666666667,78.81818181818181,30.333333333333332,2.7083333333333335,9.333333333333332
09-09-24,94.0,3.75,79.36363636363636,30.141666666666666,3.0583333333333336,8.191666666666668
10-09-24,113.0,3.25,82.9090909090909,29.65833333333333,2.7916666666666665,4.883333333333334
11-09-24,106.0,14.666666666666666,83.45454545454545,29.558333333333326,3.2166666666666663,5.166666666666667
12-09-24,61.0,30.25,85.0909090909091,28.999999999999996,3.25,3.7083333333333326
13-09-24,33.0,59.333333333333336,88.72727272727273,26.84166666666667,7.25,0.31666666666666665
14-09-24,24.0,107.08333333333333,92.63636363636364,26.14166666666667,5.366666666666666,0.0
15-09-24,79.0,49.0,85.9090909090909,27.491666666666664,4.575,0.15833333333333333
16-09-24,9.0,12.833333333333334,81.0909090909091,28.933333333333337,3.683333333333334,7.074999999999999
17-09-24,224.0,0.75,80.18181818181819,29.458333333333332,2.6750000000000003,8.85
18-09-24,145.0,0.5,81.72727272727273,30.09166666666667,2.191666666666667,4.866666666666666
19-09-24,149.0,14.166666666666666,79.36363636363636,30.783333333333335,2.2333333333333334,8.674999999999999
20-09-24,10.0,1.25,79.45454545454545,30.616666666666664,2.9083333333333328,8.516666666666667
21-09-24,193.0,20.666666666666668,83.9090909090909,27.733333333333334,3.2416666666666667,1.4749999999999999
22-09-24,151.0,10.25,81.45454545454545,30.325,2.0833333333333335,7.999999999999999
23-09-24,121.0,9.583333333333334,83.63636363636364,29.53333333333333,2.375,3.891666666666666
24-09-24,126.0,4.916666666666667,80.63636363636364,29.125000000000004,2.8833333333333333,5.0249999999999995
25-09-24,98.0,10.916666666666666,89.36363636363636,26.683333333333334,2.6666666666666674,0.9583333333333331
26-09-24,91.0,25.75,83.81818181818181,28.066666666666666,2.6166666666666667,4.008333333333333
27-09-24,19.0,9.333333333333334,80.45454545454545,28.99166666666667,2.9499999999999997,7.891666666666667
28-09-24,164.0,3.1666666666666665,80.81818181818181,29.258333333333336,2.4,8.083333333333334
29-09-24,183.0,2.9166666666666665,82.18181818181819,29.608333333333334,2.341666666666667,6.341666666666666
30-09-24,233.0,2.0833333333333335,84.54545454545455,29.224999999999998,2.2416666666666667,3.7999999999999994
01-10-24,144.0,10.0,84.63636363636364,29.400000000000006,1.3083333333333333,2.1
02-10-24,150.0,5.75,89.81818181818181,27.158333333333335,2.6833333333333336,0.6833333333333335
03-10-24,143.0,62.5,87.72727272727273,26.85833333333333,2.516666666666667,0.3583333333333334
04-10-24,38.0,12.916666666666666,86.36363636363636,27.11666666666667,2.875,1.1083333333333334
05-10-24,49.0,25.833333333333332,85.45454545454545,27.608333333333334,2.891666666666667,2.475
06-10-24,169.0,20.416666666666668,82.63636363636364,28.583333333333343,2.0166666666666666,6.016666666666667
07-10-24,221.0,1.8333333333333333,82.0909090909091,28.999999999999996,1.6916666666666667,5.625
08-10-24,160.0,1.5,81.27272727272727,28.708333333333332,1.9083333333333332,6.691666666666666
09-10-24,131.0,5.166666666666667,80.45454545454545,28.84166666666667,2.058333333333333,8.049999999999999
10-10-24,22.0,6.75,83.45454545454545,28.458333333333332,1.4166666666666667,4.666666666666667
11-10-24,59.0,1.6666666666666667,80.27272727272727,29.13333333333333,1.5666666666666667,6.258333333333333
12-10-24,197.0,3.9166666666666665,81.36363636363636,29.216666666666665,2.525,5.441666666666666
13-10-24,57.0,0.0,79.45454545454545,29.38333333333333,1.7666666666666666,7.0249999999999995
14-10-24,209.0,0.16666666666666666,77.63636363636364,28.975000000000005,2.275,7.741666666666666
15-10-24,160.0,0.0,77.63636363636364,29.099999999999998,1.75,7.691666666666667
16-10-24,136.0,0.0,79.54545454545455,29.233333333333334,1.3499999999999999,4.675
17-10-24,148.0,0.0,80.36363636363636,29.041666666666668,1.2333333333333334,2.908333333333333
18-10-24,47.0,1.5833333333333333,80.0909090909091,29.13333333333333,1.4333333333333333,5.8
19-10-24,149.0,1.25,85.18181818181819,27.00833333333334,2.025,2.7083333333333335
20-10-24,196.0,13.916666666666666,80.63636363636364,27.974999999999998,2.175,7.333333333333332
21-10-24,149.0,0.0,79.54545454545455,28.325,2.058333333333333,7.091666666666668
22-10-24,177.0,0.16666666666666666,77.9090909090909,29.166666666666668,1.9916666666666665,7.566666666666667
23-10-24,154.0,6.666666666666667,86.54545454545455,27.33333333333333,1.9333333333333333,0.725
24-10-24,143.0,12.75,85.45454545454545,26.691666666666666,2.458333333333333,2.75
25-10-24,39.0,10.75,80.0,28.38333333333333,2.4833333333333334,6.116666666666666
26-10-24,141.0,0.3333333333333333,79.9090909090909,28.474999999999998,2.6916666666666664,8.275
27-10-24,207.0,0.25,80.36363636363636,28.53333333333333,2.2916666666666665,7.541666666666667
28-10-24,140.0,0.0,78.9090909090909,28.94166666666666,2.9083333333333337,8.858333333333333
29-10-24,189.0,0.0,78.0,28.541666666666668,2.0833333333333335,7.441666666666666
30-10-24,132.0,0.0,80.45454545454545,28.625000000000004,1.6916666666666667,7.3500000000000005
31-10-24,143.0,1.25,81.0,28.766666666666666,1.5833333333333333,6.608333333333334
01-11-24,63.0,0.8333333333333334,82.18181818181819,28.066666666666674,1.55,5.666666666666667
02-11-24,71.0,1.8333333333333333,79.54545454545455,27.71666666666667,2.275,6.75
03-11-24,214.0,0.0,79.54545454545455,27.608333333333334,1.925,8.708333333333334
04-11-24,185.0,0.0,79.54545454545455,28.14166666666667,1.8250000000000002,7.833333333333332
05-11-24,144.0,0.3333333333333333,77.45454545454545,27.583333333333332,2.6916666666666664,6.558333333333334
06-11-24,166.0,2.5833333333333335,79.54545454545455,25.625,3.2916666666666665,4.516666666666667
07-11-24,160.0,0.4166666666666667,78.81818181818181,26.258333333333336,2.1333333333333333,8.1
08-11-24,50.0,0.0,77.0909090909091,26.25,1.575,9.191666666666665
09-11-24,163.0,0.0,75.54545454545455,26.54166666666667,1.9166666666666667,9.433333333333332
10-11-24,162.0,0.0,75.27272727272727,27.599999999999994,1.7666666666666666,6.691666666666666
11-11-24,145.0,0.16666666666666666,76.54545454545455,28.15833333333333,1.6916666666666667,8.550000000000002
12-11-24,139.0,0.0,74.18181818181819,27.858333333333334,2.1666666666666665,8.091666666666667
13-11-24,123.0,0.0,71.45454545454545,26.775000000000002,2.525,9.216666666666667
14-11-24,117.0,0.0,72.18181818181819,25.774999999999995,2.6166666666666667,8.783333333333333
15-11-24,61.0,0.0,73.27272727272727,25.28333333333333,2.375,9.025
16-11-24,65.0,0.0,73.72727272727273,25.075,2.7000000000000006,8.033333333333335
17-11-24,172.0,0.0,74.0,24.349999999999998,2.275,7.5
18-11-24,107.0,0.0,72.72727272727273,23.88333333333333,2.0833333333333335,8.475
19-11-24,137.0,0.0,73.45454545454545,24.158333333333335,1.8333333333333333,9.208333333333334
20-11-24,128.0,0.0,75.9090909090909,24.46666666666667,1.9166666666666667,7.883333333333334
21-11-24,94.0,0.0,74.27272727272727,24.058333333333334,2.3583333333333334,8.750000000000002
22-11-24,62.0,0.0,74.0909090909091,23.566666666666663,1.875,8.066666666666668
23-11-24,69.0,0.0,75.45454545454545,23.016666666666666,2.558333333333333,7.474999999999999
24-11-24,133.0,0.0,75.9090909090909,22.883333333333336,2.0749999999999997,6.033333333333334
25-11-24,119.0,0.0,75.0909090909091,22.491666666666664,2.8166666666666664,6.908333333333332
26-11-24,103.0,0.0,75.45454545454545,22.41666666666667,2.5833333333333335,7.149999999999999
27-11-24,80.0,0.0,74.54545454545455,22.691666666666663,2.0,7.95
28-11-24,85.0,0.0,75.18181818181819,24.308333333333337,1.9000000000000001,5.225
29-11-24,38.0,0.0,75.18181818181819,25.891666666666662,1.7166666666666668,5.058333333333334
30-11-24,72.0,0.0,75.0,25.825000000000003,3.375,4.783333333333333
01-12-24,141.0,0.5833333333333334,74.63636363636364,25.36666666666667,2.1750000000000003,7.266666666666667
02-12-24,73.0,0.0,73.9090909090909,24.33333333333334,1.9166666666666667,1.6833333333333336
03-12-24,54.0,0.0,71.27272727272727,24.25,2.6666666666666665,7.550000000000001
04-12-24,61.0,0.0,69.36363636363636,22.883333333333336,2.3916666666666666,8.083333333333332
05-12-24,47.0,0.0,73.72727272727273,21.60833333333333,1.9166666666666667,5.7
06-12-24,5.0,0.0,67.36363636363636,21.099999999999998,2.6999999999999997,6.983333333333333
07-12-24,78.0,0.0,67.9090909090909,20.216666666666665,2.766666666666667,7.658333333333332
08-12-24,67.0,0.0,71.81818181818181,20.433333333333334,1.9666666666666668,7.383333333333333
09-12-24,41.0,0.0,75.0,21.025000000000002,2.1416666666666666,6.091666666666666
10-12-24,57.0,0.0,73.18181818181819,21.59166666666667,2.091666666666667,5.133333333333334
11-12-24,73.0,0.0,71.63636363636364,20.008333333333333,3.2416666666666667,6.8500000000000005
12-12-24,51.0,0.0,82.18181818181819,18.933333333333337,2.975,4.108333333333333
13-12-24,21.0,0.0,83.27272727272727,18.791666666666664,2.1,3.8666666666666667
14-12-24,47.0,0.0,81.45454545454545,18.45,2.8833333333333333,5.083333333333333
15-12-24,34.0,0.0,77.45454545454545,18.958333333333332,2.0,6.75
16-12-24,25.0,0.0,76.0,20.45,2.0833333333333335,7.3999999999999995
17-12-24,40.0,0.0,71.9090909090909,22.73333333333333,1.9333333333333333,4.366666666666667
18-12-24,41.0,0.0,70.72727272727273,22.724999999999998,2.15,5.300000000000001
19-12-24,30.0,0.0,73.27272727272727,21.841666666666665,1.9833333333333334,5.433333333333334
20-12-24,7.0,0.0,71.81818181818181,21.425,2.2083333333333335,4.2250000000000005
21-12-24,12.0,0.0,76.36363636363636,20.025,2.5500000000000003,0.8749999999999999
22-12-24,21.0,0.4166666666666667,69.27272727272727,21.116666666666667,2.3333333333333335,6.283333333333332
23-12-24,17.0,0.0,71.36363636363636,20.716666666666665,2.2666666666666666,6.925
24-12-24,8.0,0.0,72.27272727272727,20.991666666666664,1.6916666666666667,5.1499999999999995
25-12-24,20.0,0.0,71.63636363636364,21.25,2.1666666666666665,1.366666666666667
26-12-24,13.0,0.0,69.18181818181819,22.124999999999996,2.908333333333333,5.841666666666668
27-12-24,12.0,0.0,70.72727272727273,21.224999999999998,2.625,6.7250000000000005
28-12-24,7.0,0.0,75.63636363636364,20.808333333333337,1.6083333333333334,6.891666666666667
29-12-24,27.0,0.0,76.27272727272727,20.999999999999996,1.5583333333333333,5.675000000000001
30-12-24,11.0,0.0,74.81818181818181,21.3,2.1166666666666667,6.075
31-12-24,21.0,0.0,74.18181818181819,20.116666666666667,2.6250000000000004,6.3500000000000005
