Date,R_Dhaka,R_Tangail,R_Faridpur,R_Madaripur,R_Gopalganj,RH_Dhaka,RH_Tangail,RH_Faridpur,RH_Madaripur,RH_Gopalganj,Tavg_Dhaka,Tavg_Tangail,Tavg_Faridpur,Tavg_Madaripur,Tavg_Gopalganj,S_Dhaka,S_Tangail,S_Faridpur,S_Madaripur,S_Gopalganj
1/1/2022,0,0,0,0,0,71,79,78,80,79,20,18.6,18.8,18.4,17.6,5.8,7.3,9,5.6,7.1
2/1/2022,0,0,0,0,0,83,87,88,91,91,18.3,16.6,16.6,16.4,15.3,4.7,3.1,8.7,0.3,1
3/1/2022,0,0,0,0,0,74,85,78,85,80,19.1,16.8,17.8,17,17.4,4.2,7,8.7,5.2,6.5
4/1/2022,0,0,0,0,0,76,88,81,85,80,18.9,15.6,17,17.5,16.9,4.4,4.7,8.2,5.7,7.3
5/1/2022,0,0,0,0,0,83,91,89,87,82,18,15,16.5,16.6,16.4,3.9,2.6,8.6,3.3,6.4
6/1/2022,0,0,0,0,0,76,84,80,86,84,19.2,16.8,18.2,17.3,16.8,4.4,6.9,8.8,4.3,6.4
7/1/2022,0,0,0,0,0,71,79,78,82,80,21.1,18.6,19.9,18.6,18.5,4.9,7.5,6.6,6,6.9
8/1/2022,0,0,0,0,0,65,78,77,80,79,21.9,19.3,20.3,19.9,19.2,5.8,8,7.2,5.2,7.3
9/1/2022,0,0,0,0,0,67,79,74,81,79,22.2,19.4,20.7,19.1,19.2,5,7.6,6,6,7.5
10/1/2022,0,0,0,0,0,66,79,75,79,79,22.3,20,20.9,19.6,19.7,3.9,6.2,3.1,5.8,5.1
11/1/2022,0,0,0,0,0,67,78,75,79,73,22.3,20.5,21.5,20.8,21.6,3.9,2,0.8,0,5.1
12/1/2022,1,8,1,0,0,77,85,84,88,86,21.2,19.8,20.2,19.2,19.5,0.5,0,4.1,5.5,0
13-01-22,0,7,0,0,0,73,83,82,85,84,21.3,18.8,20,19.7,19.5,4.4,6.9,0,3.4,3.7
14-01-22,0,0,0,0,0,72,85,83,86,80,19.6,17.9,18.5,18.3,18.5,0,0,0,0,0
15-01-22,0,0,1,1,0,74,84,82,84,82,19.5,17.8,18.6,17.6,18,1.2,3.8,6.2,1.2,2.6
16-01-22,0,0,0,0,1,65,75,69,78,72,19,16.8,17.7,17.4,16.3,6.2,8,1.5,6.3,7.8
17-01-22,0,0,0,0,0,66,80,76,80,77,20,17.2,17.8,17.6,16.9,6.4,8.2,0,5.9,7.5
18-01-22,0,0,0,0,0,73,81,78,83,80,19.5,17.5,18.1,17.5,17.1,3.2,6.7,3.9,4.1,6.6
19-01-22,0,0,0,0,0,77,82,80,83,80,18.7,16.6,17.6,17.5,16.8,4.6,5.1,0,5.3,6.5
20-01-22,0,0,0,0,0,75,81,78,80,80,18.1,16,16.9,17.8,16,4.7,5.8,0,4.2,5.9
21-01-22,0,0,0,0,0,72,81,79,81,77,18.8,17.2,17.4,17.6,17.6,3.1,3.3,5.9,5.1,3.8
22-01-22,0,0,0,0,0,73,81,81,91,91,19.7,18.7,18.8,16.8,17.3,0,0.5,3,0,0
23-01-22,0,0,0,0,0,73,89,85,87,84,19.8,18,18.8,18.6,19,0,0,3,1.3,0
24-01-22,7,0,5,5,6,81,81,84,90,89,19.8,19,19.1,18,17.8,1.9,3.6,2.4,0,0
25-01-22,0,0,0,0,0,79,79,82,85,83,21.1,19.5,20.3,19.3,20.4,2.5,5.3,6.2,3.1,5.2
26-01-22,0,0,0,0,0,81,89,81,88,81,20.5,18.2,19.8,19.6,20.3,2.3,0,5.2,0.4,1.8
27-01-22,4,1,0,12,4,58,72,70,80,75,19,16.6,17.3,17,17.1,5.1,7.6,7.2,4.6,5.8
28-01-22,0,0,0,0,0,56,69,69,80,72,17.3,14.9,15.5,15.7,14.9,5.7,5.9,5.9,6.4,6.7
29-01-22,0,0,0,0,0,65,75,72,80,79,16.8,14.8,15.3,15.6,14,5.6,7.6,4.6,5.7,6.3
30-01-22,0,0,0,0,0,71,77,75,81,77,16.8,15.4,15.6,15.3,15.1,6.6,7.4,1.6,6.1,6.3
31-01-22,0,0,0,0,0,68,77,73,80,74,18.1,16.4,17.2,16.7,17.1,3.3,6.2,7.8,5.7,6.7
1/2/2022,0,0,0,0,0,72,81,77,80,77,20.1,18,19.1,19.5,18.8,5.2,6.5,5.8,5.7,7.2
2/2/2022,0,0,0,0,0,63,67,70,78,76,21.2,19,19.9,19.4,20,7.1,7.8,7.7,5.9,7
3/2/2022,0,0,0,0,0,77,80,84,85,81,22,19.9,21.2,20.3,21.7,1.9,4.1,9,2,2.7
4/2/2022,0,4,0,0,0,87,92,89,92,91,18.6,16.3,18.4,17.7,17.9,0.6,0,8.8,3.1,1.3
5/2/2022,16,32,18,55,60,73,85,74,83,78,18.4,16.8,17.6,16.9,16.8,7.2,6.6,9.5,5.7,7.7
6/2/2022,0,0,0,0,0,72,81,75,78,75,17.4,15.5,16.4,16.8,15.7,7.2,8.5,9,7.2,8.2
7/2/2022,0,0,0,0,0,71,77,75,81,78,17.7,15.8,16.4,16.4,16.3,7.9,9.3,5.2,6.8,7.7
8/2/2022,0,0,0,0,0,68,76,75,81,77,18.6,16.7,17.6,17,17.8,7,8.2,8.8,6.2,7.9
9/2/2022,0,0,0,0,0,67,75,78,78,76,20.3,18.5,18.9,18.1,19.5,6.2,7.9,9.6,6,6.8
10/2/2022,0,0,0,0,0,80,91,89,86,88,18.6,17.2,17.7,18,18.2,0,0,7.9,0,0
11/2/2022,0,4,0,0,0,72,83,83,83,82,20.3,17.8,18.7,18.6,18.3,2.4,3.7,2.6,2.9,1.6
12/2/2022,0,0,0,0,0,52,68,66,79,67,19.9,17.2,17.6,17.3,17.2,8.5,9.3,1.2,7.2,7.9
13-02-22,0,0,0,0,0,54,70,64,75,69,20.8,18.1,19.3,18.6,18,8.2,9.4,7.1,7.7,8.5
14-02-22,0,0,0,0,0,53,72,68,75,69,21.3,18.4,19.2,18.6,18.4,9,9.4,7.2,7.4,8.4
15-02-22,0,0,0,0,0,52,69,66,75,71,21.4,19.4,19.2,18.6,17.9,8.5,9.1,5.5,7.4,8.6
16-02-22,0,0,0,0,0,46,70,66,72,69,21.9,18.8,19.1,19.2,18.1,8.3,9,6.7,7.5,8.4
17-02-22,0,0,0,0,0,54,72,67,74,71,21.6,18.9,19.8,18.4,18.9,8.1,8.8,1.2,7.2,8.1
18-02-22,0,0,0,0,0,45,64,62,78,69,21.9,19.7,19.7,18.2,18.6,7.6,8.8,8.3,8.4,8.4
19-02-22,0,0,0,0,0,47,61,59,70,65,21.2,19.4,19.7,19.1,18.7,8.7,9,2.5,7.8,8.6
20-02-22,0,0,0,0,0,63,69,77,79,74,20.8,19.7,19.4,19,20.2,4.2,3.4,0,5.3,4.5
21-02-22,4,0,9,2,4,59,68,74,74,72,21.4,19.7,20.4,20.5,20.5,6.4,7.9,9.4,7.2,7.8
22-02-22,0,0,0,0,0,60,67,68,76,74,22.5,21,22.5,22.1,21.7,7,6.8,9.2,0,7.2
23-02-22,0,0,0,0,0,68,66,74,80,80,22.6,22,22.3,21.8,22.6,5,8.2,8.6,5.5,5.8
24-02-22,0,0,0,0,0,57,69,73,77,74,24.7,23.2,23.2,22,23,6,5.1,7.6,6.3,7
25-02-22,0,2,9,0,0,57,69,70,73,75,24.7,23.4,23.5,22.7,23.2,7.8,6.1,9,7.2,7.1
26-02-22,0,0,0,0,0,61,72,72,79,75,25,23.2,23.8,23.2,23.7,7.2,8.2,8.7,7.3,7.3
27-02-22,0,0,0,0,0,62,73,74,76,76,24.7,23.2,23.2,23.4,22.3,3.6,5.8,8.7,7.3,7
28-02-22,0,0,1,1,9,64,74,74,79,78,25.4,23.6,24.1,23.3,23.6,6.3,7.7,8.7,7.7,6.9
1/3/2022,0,0,0,0,0,50,64,61,74,72,25.3,23,23.9,22.8,23.1,8.1,8.1,9.3,8.2,7.4
2/3/2022,0,0,0,0,0,48,64,57,71,68,25.4,23,24,22.8,22.5,8.8,8.6,9.7,8.7,8.2
3/3/2022,0,0,0,0,0,50,65,64,72,71,25,22.5,23.4,22.9,23,8.3,8.6,9.6,8.6,8.2
4/3/2022,0,0,0,0,0,50,62,59,70,68,24.8,22.8,23.9,23.5,22.8,8.3,8.4,9.7,8.9,6.8
5/3/2022,0,0,0,0,0,48,63,62,71,68,25.9,23.8,24.6,23.6,24.3,7.7,8.6,9.1,8.7,7.7
6/3/2022,0,0,0,0,0,45,61,58,68,65,26.5,23.9,24.5,23.9,23.5,8.2,8.7,9.6,8.4,8
7/3/2022,0,0,0,0,0,50,67,58,71,67,27.5,25.1,25.7,24.5,24.5,8.9,8.9,9.5,9.1,7.8
8/3/2022,0,0,0,0,0,55,69,65,75,70,28.1,25.8,25.9,25.1,24.5,9,9.1,9.9,8.4,7.2
9/3/2022,0,0,0,0,0,48,66,57,71,68,28.2,24.5,26.2,25.1,24.2,8.6,9.5,10,9.2,8.2
10/3/2022,0,0,0,0,0,45,65,57,66,64,27.7,24.5,25.5,26.7,24.1,9.1,9.6,10,9.3,8
11/3/2022,0,0,0,0,0,44,62,62,69,62,27.4,24.6,25.1,25.8,24.3,9.2,9.6,10,8.8,7.7
12/3/2022,0,0,0,0,0,44,61,64,66,65,27.9,24.8,25.2,24.3,24.2,8.6,8.9,9.8,8.8,7.5
13-03-22,0,0,0,0,0,44,64,58,66,63,28,24.8,25.7,25.3,24.5,9.2,10,10,9.2,8.1
14-03-22,0,0,0,0,0,53,68,60,70,64,28.9,26.2,27,25.8,25.5,8.8,9,9.6,8.4,7.8
15-03-22,0,0,0,0,0,49,66,64,71,67,28.8,26.3,26.8,26.2,25.9,8.1,9.3,9.7,8.3,8
16-03-22,0,0,0,0,0,46,61,59,72,62,29.8,27.9,27.8,26.6,26.9,8.6,9.1,9.7,8.7,6.9
17-03-22,0,0,0,0,0,48,61,61,70,66,29.3,27.6,27.9,27.3,27.1,8.5,9.4,9.8,8.1,7.7
18-03-22,0,0,0,0,0,49,62,51,70,60,29.4,27.8,28.3,27,26.8,8.7,9.7,10.2,8.4,8.1
19-03-22,0,0,0,0,0,43,56,51,72,61,29.7,28,28.4,27,26.5,8.8,9.2,10,8.5,8.3
20-03-22,0,0,0,0,0,48,56,57,67,67,29.5,27.7,28.3,26.8,26.9,8.7,9.1,9.6,8.2,7.9
21-03-22,0,0,0,0,0,60,66,73,76,76,28.8,27.6,27.6,26.7,27.4,7.6,6.9,8.4,6.8,5.8
22-03-22,0,0,0,0,0,66,73,73,76,76,29,28,28.5,27.9,27.9,6.9,5.7,7.8,7.3,6.9
23-03-22,0,0,0,0,0,59,66,69,76,74,30.7,29.7,29,28,28.5,8.4,8.1,7.7,6.9,4.7
24-03-22,0,0,0,0,0,70,74,72,78,73,28.9,28.4,28.9,28.2,28.6,7.5,4.8,8.4,7.2,6.6
25-03-22,0,0,0,0,0,73,75,75,78,76,28.9,28.8,28.8,28.5,28.5,3.3,3.1,6.4,4.3,3.2
26-03-22,0,0,0,0,0,74,74,78,81,80,29.2,29.8,28.9,28.5,28.6,3.1,5.9,4.6,0.5,0.2
27-03-22,0,0,0,0,0,77,70,74,82,77,28.5,28.4,29.4,28.1,29.5,4.6,3.9,7.9,3.8,4.6
28-03-22,9,0,0,0,0,72,72,69,77,74,28.5,28.2,29.6,29.4,29.6,7,4.2,8.3,8.2,7.4
29-03-22,0,0,0,0,0,76,74,74,77,76,27.9,27.8,29.7,28.9,29.3,3.6,4.2,7.3,6.1,5.6
30-03-22,5,0,0,0,0,75,75,75,76,76,28.7,28.4,29.5,28.9,28.8,7.1,3.5,7.3,7.1,5.7
31-03-22,0,0,0,0,0,71,74,73,76,77,29.4,29.2,29.6,29.3,28.8,7,5.6,8.8,7.3,5.5
1/4/2022,0,0,0,0,0,72,73,72,80,75,29.9,29.3,29.9,29.1,29.3,6.6,1.7,8.8,7,6.6
2/4/2022,0,0,0,0,0,73,77,80,81,76,29.5,29,28.5,29.3,28.8,2.9,0,1.9,2.7,2.4
3/4/2022,0,0,0,0,0,72,75,76,76,74,29.3,29.1,29,29.1,29,5.5,0,7,5.6,3.4
4/4/2022,0,0,0,0,0,70,73,74,74,74,29.4,29.6,29.3,29.1,28.8,7.8,3.1,8.2,7.9,6.2
5/4/2022,0,0,0,0,0,68,72,68,76,71,29.7,28.9,29.2,29.4,28.9,8.7,2.9,8.5,8.8,7.9
6/4/2022,0,0,0,0,0,69,74,73,77,75,29.8,29,29.2,29.1,28.7,8.6,2.9,8.6,8.4,6.1
7/4/2022,0,0,0,0,0,67,73,73,78,75,30.2,29.2,29.4,29.4,29,8.8,4.7,8.5,8.6,8.1
8/4/2022,0,0,0,0,0,66,71,73,76,73,29.9,29.6,29.3,29.2,28.8,8.4,8.1,9.1,8.3,8
9/4/2022,0,0,0,0,0,70,76,76,76,73,29.8,29.3,29.4,29.3,29.2,5.4,2.1,8.7,7.9,6.6
10/4/2022,0,0,0,0,0,69,74,76,77,76,30.1,28.2,29.7,29.4,29.3,2.7,1.4,4.1,4.4,4.2
11/4/2022,0,0,0,0,0,73,76,77,78,77,30.1,29.4,30,29.6,29.5,4.8,4.1,4.3,4.1,3.6
12/4/2022,0,0,0,0,0,75,82,82,78,80,29.5,28.6,28.9,29.4,28.9,1.6,1.7,5.2,4.4,2.6
13-04-22,0,0,0,0,0,70,75,75,78,74,30.3,30,30.2,29.6,29.7,5.4,3.1,7.9,6.1,7
14-04-22,0,0,0,0,0,75,78,77,79,76,30.1,30.2,29.4,29.8,29.8,5.3,0,4.8,3.1,3.8
15-04-22,0,0,0,0,0,73,73,75,78,75,30.7,31.1,30.9,30.2,30.4,7.2,6.9,8.8,7.6,7.7
16-04-22,0,0,0,0,0,73,76,78,82,78,30.4,30.3,30,29.9,29.7,2.6,2.6,4.7,3.5,3.6
17-04-22,0,0,0,0,0,74,73,76,76,74,30,30.2,29.9,30.1,29.9,5.2,4.2,5.7,2.9,6.2
18-04-22,0,0,0,0,0,71,74,79,80,79,30.7,30.6,29.9,30.2,29.6,6.7,5.5,7.6,7.1,6.6
19-04-22,0,0,0,0,0,67,72,70,76,74,30.5,30.4,30.4,30.4,30,7.1,7.2,9,0,8.6
20-04-22,0,12,0,0,0,83,85,87,86,80,22.7,23.3,23.5,23.3,24.7,0,1.6,0.8,8,1.2
21-04-22,60,51,22,5,0,77,80,78,81,77,27.6,26.5,27.2,27.6,28.3,3.4,2.9,5.2,4.9,3.4
22-04-22,0,0,0,0,0,82,87,85,87,81,27,25,26.7,26.7,27.7,5.8,0.6,4.6,3.6,2.9
23-04-22,41,38,13,22,12,79,81,78,79,75,29.2,29.1,30.1,29.9,30.1,6.9,7.9,9.6,5.9,8.3
24-04-22,0,0,0,0,0,77,77,72,80,74,30.9,31.2,31.9,31.1,31.1,8.7,9.5,9.9,8.8,9.1
25-04-22,0,0,0,0,0,75,78,76,76,71,31.1,31,31.6,31.4,31.5,8.4,8.2,9.2,0,7.2
26-04-22,0,0,0,0,0,73,78,77,75,73,31.2,30.6,31.3,31.6,31.1,7.6,7,9.4,6.9,8.2
27-04-22,0,0,0,0,0,73,76,76,75,74,30.9,30.4,31.1,31,30.8,8.4,7.7,9.6,8.2,8.8
28-04-22,0,4,0,0,0,60,76,77,73,73,29.8,30.7,31.2,31.1,31.1,4.7,5.1,8.2,1.3,8.3
29-04-22,1,0,0,0,0,74,75,69,74,69,28.2,31.4,30,30.9,30,7,8.8,9.2,9.3,8.1
30-04-22,4,0,1,0,0,60,63,69,77,69,29.8,28.5,28.6,29,28.2,6.6,7.7,7.7,4.8,2.7
1/5/2022,1,0,2,3,32,65,68,71,72,71,30.5,29.4,29.6,29.7,28.6,7.8,7.3,8.5,9.3,8.6
2/5/2022,6,0,1,25,21,67,68,73,76,78,28.7,28.1,28,28,27.9,5.3,7.6,8,6.4,7
3/5/2022,1,0,0,0,0,82,87,90,90,92,26.2,24.4,24.3,24.6,24.4,2.1,1.8,0.7,0,0
4/5/2022,14,37,21,14,19,83,78,82,84,79,27,26.6,27,26.9,27.3,4.1,3.3,6.8,3.7,4.1
5/5/2022,1,0,57,65,0,76,74,79,76,74,28.7,28.7,28.3,28,28.9,5.8,6.6,8.4,9,9.4
6/5/2022,0,0,1,0,0,74,84,77,79,74,28.2,26.6,28.5,28.4,28.9,5.6,3.5,7.2,7.4,7.2
7/5/2022,4,64,0,0,0,76,80,76,79,74,29.2,27.9,29.9,29.3,29.3,6.6,7.4,8.5,9.3,7.5
8/5/2022,0,9,0,0,0,69,72,73,71,68,30.5,29.8,30.3,30.7,30.4,5.9,7.4,10.3,10.4,10.1
9/5/2022,25,0,0,0,0,80,79,86,92,92,27.8,28,27.1,26,26.3,0,1.9,0.6,0,0
10/5/2022,1,0,0,17,29,92,92,91,90,87,26.4,25.9,26.8,27.4,27.8,0.5,0,0.3,3,3.9
11/5/2022,37,57,51,26,8,89,88,90,87,85,27.4,27.1,27.4,27.3,27.6,0.8,2.1,1,1.7,1
12/5/2022,0,7,7,5,3,81,87,88,87,83,28.8,27.6,27.9,28.4,29,3.4,4.9,2.8,4.5,3.4
13-05-22,0,1,5,3,3,82,86,79,81,80,28.7,27.2,30.3,29.8,29.5,2,0.3,2.7,3.8,3.2
14-05-22,1,2,0,6,5,73,83,77,79,74,30.7,29.6,30.5,30.2,30.6,2.2,2.4,5.5,2,7.1
15-05-22,0,1,0,0,0,72,77,76,75,74,31,30.6,30.7,31,30.8,6.4,6.4,7.6,5.8,5
16-05-22,0,0,0,0,0,73,74,76,76,74,31.2,31.6,31.3,31,31,7,6.7,8.5,7.6,7.5
17-05-22,0,0,0,0,0,74,79,76,76,72,31.2,29.1,31.2,31.1,31.3,4.7,4.1,5.9,6.9,6.9
18-05-22,0,17,0,0,0,71,76,76,75,73,31.8,31.3,31.5,31.6,31.5,7.9,6.3,8.6,9.4,9.4
19-05-22,0,0,0,0,0,74,79,75,76,75,29.8,29,30.6,31.1,31.2,7.1,4.6,9.2,5.8,5.2
20-05-22,0,57,4,0,0,73,80,76,77,79,29.4,27.4,29.2,29.9,30,3.9,5.5,7.8,8.1,7.5
21-05-22,42,36,3,0,0,77,81,80,78,76,26.4,25.5,26.3,27.1,26.9,3.3,3.6,3.7,4.6,4.6
22-05-22,14,2,21,41,18,69,77,77,79,77,30.1,28.6,29.4,29.5,29.2,4.1,3,3.6,5.3,2.8
23-05-22,0,0,0,0,0,70,68,75,74,77,30.8,29.9,30.3,30.7,29.8,8.7,9.2,10.7,10.1,9.4
24-05-22,0,0,0,0,0,67,70,79,80,70,30.4,30.3,29.1,30.4,30.2,7.8,8.3,6.6,6.4,8.3
25-05-22,0,0,11,0,0,81,78,84,86,83,27.3,27.7,27.7,27.3,27.9,1,4.3,4.3,5.4,6.3
26-05-22,39,4,33,73,36,74,74,79,78,81,29.3,29.4,28.9,29.2,28.2,7.7,10,8.4,8.4,8.1
27-05-22,0,0,19,3,18,62,73,79,83,85,29.3,29.3,28.8,27.6,27.2,5.9,4.4,5.5,1.4,2
28-05-22,0,0,0,0,18,75,78,83,81,81,29.3,28.5,28.6,28.6,29.1,1.7,4.4,7.1,6.7,6.9
29-05-22,0,10,17,0,0,72,78,85,85,86,28.8,29,27.3,27.3,26.6,1.6,2.6,0.2,0,0
30-05-22,0,1,3,49,0,87,77,85,87,85,27.9,29.4,29.1,28,29.2,0,2.1,2,0.1,1.1
31-05-22,31,0,0,9,0,77,83,86,87,83,29.3,28.5,28.4,28.2,29.2,2.4,0,4,1.9,5.3
1/6/2022,0,8,18,1,12,81,79,84,83,83,29.3,29.8,29.5,29.7,28.7,2.1,4.1,3.7,3.7,0.5
2/6/2022,19,0,2,0,0,79,78,84,83,83,29.7,29.4,29.1,29.2,29.1,2.6,2.2,4.1,1.7,0.7
3/6/2022,2,1,1,1,0,82,76,80,86,83,29.4,30.3,29.9,29.3,29.3,1,3.2,3.3,2.2,1.2
4/6/2022,12,0,0,0,0,82,82,84,87,80,28.6,27.6,29.6,29.6,30.6,1.3,1.4,3.5,1.6,3.5
5/6/2022,0,2,0,9,0,76,78,80,80,77,31.3,30.1,31.2,31,31.1,5.7,1.5,6.1,7.3,3.1
6/6/2022,0,0,0,0,0,70,82,81,80,83,31,29.2,29.4,29.6,29.6,4.6,0.6,3.2,6,3.9
7/6/2022,0,78,4,0,21,76,86,80,79,80,30.5,28.3,31,31.4,31,1,0,3.4,6.3,4.7
8/6/2022,0,0,0,0,0,74,80,80,81,78,31.7,30.4,31.4,31.1,31.2,5.5,6.7,5.5,1.4,2.3
9/6/2022,0,15,0,0,0,88,91,89,90,84,25.9,25.6,25.8,26.7,27.4,0,0,0,0,0.1
10/6/2022,64,20,64,22,43,75,77,75,82,77,29.5,29.6,30.8,29.4,29.7,6.9,6.9,8.6,8.3,6.4
11/6/2022,0,0,0,0,0,78,77,79,82,78,30.5,30.8,30.9,30.3,30.8,6.2,3.2,7.1,4.4,4.1
12/6/2022,0,0,0,0,0,76,81,82,78,77,30.9,30.3,30.7,31.3,31.1,2.5,0.2,3.5,6.9,5
13-06-22,0,0,1,0,0,78,83,82,80,78,30.7,29.6,30.8,31.1,31.2,2.3,0.3,2.9,1.6,5.2
14-06-22,2,1,12,0,0,76,82,83,87,79,30.4,29.8,30.5,29.9,30.6,2,0,4.1,0.1,0.2
15-06-22,0,0,0,8,0,78,77,82,89,86,29.9,30.3,30,28.5,29,0.1,0,1.5,0,0.2
16-06-22,1,0,0,22,23,81,80,83,94,84,29.2,29.6,29.7,27.2,29.2,1.1,0.1,2.6,0.6,0
17-06-22,2,2,0,64,7,92,93,90,94,86,26.7,26,28,28.6,28.4,0.8,0,0,0,0
18-06-22,34,65,34,2,9,89,90,93,92,92,27.5,27.1,27.3,27.5,27,0.7,0.6,0.5,0.5,0
19-06-22,3,6,12,13,20,84,82,86,94,88,28,28.5,28.3,26.4,27.3,0.4,4,0.9,0.2,0.3
20-06-22,0,4,4,19,7,83,81,87,88,92,27.5,28.4,27.6,26.8,26.9,3.1,4.1,0.2,0.9,1.5
21-06-22,12,11,2,0,45,83,83,88,92,85,27.5,28.5,28.3,28.2,28.4,6.5,0.3,0.1,0.2,1.2
22-06-22,0,0,0,7,0,79,80,90,88,88,29.2,29.4,27.6,28.3,28.2,1.3,2.2,3.3,4.2,2.1
23-06-22,0,0,39,96,0,79,78,83,85,79,28.7,29.6,29,29.1,29.1,5.6,5.8,3.8,2.4,7.8
24-06-22,1,0,0,35,0,73,75,85,87,82,29.9,29.9,28.6,29.2,28.9,6,7.9,5.4,4.2,5.8
25-06-22,0,0,0,0,0,74,77,85,89,87,29.7,29.6,28.7,28.1,28.3,9.3,6.8,6.6,4,2.5
26-06-22,0,0,7,5,4,73,78,83,86,84,30.7,29.9,29.2,29.9,28.7,9.4,7.1,9,7.6,5.2
27-06-22,0,8,0,0,0,72,75,79,83,83,30.9,30.9,30.2,30.3,28.9,5.5,9.7,10,5.5,9.2
28-06-22,0,0,0,4,1,74,81,83,83,84,30.6,29.5,29.6,29.6,29.1,1,4.3,6.4,3.2,3.3
29-06-22,0,6,0,10,5,81,84,87,86,88,29.5,29,29.2,29.1,28.8,0,1.9,1.6,0.6,1.8
30-06-22,16,7,23,6,2,88,88,91,91,93,28.4,28.5,28,28.5,27.8,0,0.1,0.5,0,0.9
1/7/2022,5,11,4,1,34,78,80,89,83,85,29.8,30.2,29,29.6,29.1,2.2,3.6,3.5,4,3.5
2/7/2022,3,4,11,0,0,74,78,79,82,82,30.2,30.2,29.7,29.8,29.4,5.8,7.1,8.3,7.8,4.7
3/7/2022,0,0,0,0,4,78,78,87,86,88,29.6,30,28.8,29.6,28.6,2.6,7.2,3.8,2.9,2.6
4/7/2022,9,2,1,9,12,74,78,86,83,84,30.7,30.4,29.8,30.1,29.7,5.7,5.9,3.3,3.7,5.7
5/7/2022,0,0,16,0,0,72,74,78,87,80,32.2,31.2,30.5,28.8,29.9,3.3,5,8.1,1.2,6
6/7/2022,0,5,0,0,1,75,87,85,88,85,30.8,28.7,29.2,28.7,28.5,0.4,1.9,4.7,2.8,0.7
7/7/2022,0,6,1,15,0,80,76,79,82,79,30.5,30.9,30.5,29.9,29.9,6.9,9.1,10.9,8.5,5.8
8/7/2022,0,0,0,4,0,73,78,80,81,79,31.1,30.3,30.2,30.3,29.9,1.3,3.1,6.9,3.3,5.9
9/7/2022,0,0,0,0,0,76,70,78,77,76,31.6,31.3,30.6,30.3,30.3,7.4,11,8.9,9.3,9.5
10/7/2022,0,0,3,0,7,74,70,75,78,80,30.6,31.4,31,30.1,29.8,10.1,10.6,12.3,9.1,6.4
11/7/2022,0,0,0,1,7,74,72,84,84,79,30.6,31.1,29.1,29.5,29.6,5.8,9.6,3.6,5.6,5.6
12/7/2022,0,0,0,3,3,69,70,78,79,76,31.4,31.5,30.6,30.3,30.4,8.9,10.6,10.5,9.6,9.9
13-07-22,0,0,0,0,0,67,73,74,79,76,31.7,31.7,31,30.3,30.2,8.6,8.6,11.1,9.9,8.8
14-07-22,0,0,0,0,0,69,67,70,73,73,31.7,32.4,31.5,31,30.7,9.2,11.3,11.4,10.7,10.8
15-07-22,2,0,0,0,0,72,72,76,76,78,31.5,31.8,31.2,30.8,30,7.1,9.1,9.8,10,9.4
16-07-22,3,0,0,0,3,68,69,74,75,75,31.6,31.9,31.2,30.5,30.4,7.7,10.2,11.3,9.5,10.7
17-07-22,0,0,0,5,5,73,74,82,82,87,31.2,30.7,29.7,29.5,28.8,7.9,5.7,7.7,5.1,4.2
18-07-22,0,0,6,13,24,74,75,79,81,78,30.7,30.9,30.3,30,29.8,5.7,7.6,7.2,4.9,7
19-07-22,0,2,0,10,1,77,76,81,86,87,30.3,30.5,30.2,29.2,29.1,7.1,3.6,4,4.8,3.1
20-07-22,2,0,9,2,2,83,80,87,85,84,29.3,30,29.7,29.6,29.9,0.5,0.8,3.1,4.7,3.3
21-07-22,2,0,4,0,1,75,81,81,80,84,30.7,30.4,30.4,30.2,29.8,6.4,6.3,7.3,8.1,5.6
22-07-22,0,3,0,0,15,71,81,79,81,82,31.7,30.4,30.8,30.5,30,5,4.3,8.1,6.9,6.4
23-07-22,0,6,0,0,0,75,79,83,85,87,30.4,30.3,29.2,29.1,28.3,4.6,4.5,4.1,2.3,2
24-07-22,2,3,1,17,12,86,87,87,87,87,27.6,27.4,27.9,27.6,27.7,0,0.2,0.8,0.2,0.1
25-07-22,6,44,29,1,1,78,82,84,89,88,28.8,28.7,28.5,28.1,27.3,2.4,1.5,1,1.5,1.1
26-07-22,0,0,0,0,33,85,86,91,87,87,28.1,27.5,27.3,28.3,27.8,0.7,0.9,0.6,0.7,1.3
27-07-22,1,4,5,0,0,71,74,81,76,80,30.5,30.5,29.6,30.5,29.6,5.6,8.6,5.4,7.9,8.6
28-07-22,9,0,10,0,0,77,79,82,82,83,30,29.8,29.5,29.3,29.3,3.3,2.8,3.8,2.8,5.6
29-07-22,7,0,0,0,0,72,75,85,88,78,30.9,30.7,29.6,28.9,30.5,5.8,7.5,4.2,3,5.5
30-07-22,0,0,11,6,0,71,77,77,78,76,31,30.3,30.6,30.4,30.1,0.9,2.2,5.3,6.5,7.9
31-07-22,0,1,0,0,4,82,89,85,81,82,29.6,28.2,29.6,30.5,29.8,0.2,0,0,4,1.8
1/8/2022,10,24,17,0,1,84,94,92,84,86,28.6,26.2,27.8,29.4,29,1.6,0,0.9,1.8,1.9
2/8/2022,0,77,8,0,1,83,83,90,81,85,29.5,29.7,28.6,30,29.4,0,2.2,0.4,1.2,2.8
3/8/2022,0,0,5,1,0,81,87,89,89,89,29.8,29,28.9,28.7,29,1.3,0.5,2.2,2.3,1.5
4/8/2022,3,24,7,25,6,81,87,84,83,81,29.7,29.1,29.6,30.1,29.6,3.3,0,4.6,7.3,6.7
5/8/2022,1,1,0,0,0,71,77,81,81,81,31.4,30.5,30.5,30.3,30.3,6.8,7.2,8.7,8.4,6.8
6/8/2022,10,0,0,0,0,76,87,84,84,83,30.1,28.8,29.7,29.5,29.6,5.2,2.8,5.7,4,4.4
7/8/2022,14,47,2,26,0,70,77,77,78,79,31.4,30.6,30.5,30.2,29.6,8.6,8.9,9.5,10.2,8.6
8/8/2022,0,2,0,0,4,71,74,77,81,79,30.7,31,30.1,29.7,29.5,7.1,6.8,8.4,9.7,8.1
9/8/2022,0,1,0,6,0,70,72,82,87,84,29.8,30.1,28.6,27.6,28,7.5,9,7.5,4.8,4.6
10/8/2022,0,0,3,28,16,74,75,82,85,89,28.7,29.1,28.3,27.9,27.3,1.8,3.6,1.7,1.9,1.4
11/8/2022,0,1,0,1,12,74,74,85,87,92,29.4,29.8,28,27.9,27.2,7.1,8.2,4.1,1.2,0
12/8/2022,0,0,1,5,8,76,77,82,83,85,30.3,30.4,29.7,29.4,29.1,6.2,7,7.4,7.2,6.7
13-08-22,5,0,2,0,0,77,79,82,85,88,29.2,29.4,29.2,28.2,28.4,2.6,3.4,5.5,1.1,3.8
14-08-22,4,7,1,7,4,83,83,90,94,92,28.4,28.1,27.3,26.1,26.6,2.2,5.8,0,0,0
15-08-22,37,8,33,69,22,77,79,84,86,87,29.7,29.5,29.2,28.6,28.5,5.1,5.8,3.8,1.6,0
16-08-22,0,1,0,0,2,72,74,79,80,82,31.1,30.8,30.5,30.4,29.8,8.7,8.4,8.4,10.1,9.7
17-08-22,0,0,0,0,0,73,76,80,81,81,31.9,31.5,31.3,30.7,30.5,5.5,6.3,8.9,7.1,6.4
18-08-22,0,0,0,0,0,69,77,80,83,83,32,31.9,31.2,29.7,29.8,9.4,8.5,9.9,9.1,7.8
19-08-22,1,4,40,12,41,73,71,78,84,85,29.9,30.4,29.4,28.3,27.7,3.9,5.5,4.4,0.5,0.8
20-08-22,2,0,20,1,17,72,74,80,78,84,30.5,30.4,29.6,30.3,29.1,7.5,9.6,6.5,10.4,7
21-08-22,0,0,1,0,3,70,80,80,86,82,31.4,30.1,30.3,29.9,29.8,7.8,5.7,10.1,7.4,8.7
22-08-22,0,0,0,0,0,80,82,78,80,79,30.5,30.5,31.3,30.6,30.7,4.7,3.6,10.2,7.8,8.8
23-08-22,26,19,89,11,30,80,85,84,84,85,29.5,29,29.3,29.1,28.6,4.4,3.9,5.8,2.9,1.5
24-08-22,7,8,8,0,2,77,78,84,87,88,29.1,29.4,28.7,28.4,27.8,6.8,9.8,6.7,3.3,4.4
25-08-22,0,0,2,12,3,73,79,80,78,77,30.3,29.9,30.3,30.4,29.8,4.6,8.1,9.2,8.8,9.2
26-08-22,0,0,0,0,0,71,76,76,80,80,31.2,30.7,31,30.5,29.7,7.6,8.4,7.6,4.6,7
27-08-22,0,0,0,0,0,77,79,81,84,83,30.1,30.2,30,29.7,28.7,0.6,0,2.6,1,0.8
28-08-22,0,0,0,0,0,79,79,90,82,83,29.5,29.6,28.5,29.3,29.2,2.3,3.4,1.1,4.5,5.8
29-08-22,10,0,5,0,1,72,82,78,79,81,31.2,29.7,30.7,30.3,29.5,8.7,3,11.2,9.9,10.1
30-08-22,0,7,0,0,0,71,74,76,77,77,31.6,31,31.2,30.8,30,9.3,7.8,10.4,10.2,10
31-08-22,0,0,0,0,0,69,76,77,78,74,31.7,31.2,31.2,30.7,30.8,9.2,8.4,8.3,9.7,9.4
1/9/2022,0,1,0,0,0,74,83,79,80,83,31.2,29.8,30.8,30.6,29.7,3.5,0,4.4,5.3,4.9
2/9/2022,0,43,0,0,0,77,82,78,86,80,30,29.3,30.7,29.6,30,5.1,3.7,8.5,0.7,6.1
3/9/2022,22,1,2,7,5,82,85,84,88,81,29.2,29.1,29.9,29,30.1,10.9,1.5,4.1,4.7,4.9
4/9/2022,16,0,13,5,8,85,86,85,88,87,28.7,29,29.5,28.9,29.1,0.5,0,2.5,0.8,1.7
5/9/2022,1,2,0,34,8,87,89,91,83,89,28.6,27.7,28.3,29.7,28.5,3.7,0,3.3,2.5,0.9
6/9/2022,18,9,11,0,0,88,86,91,86,83,28.3,28.7,28.9,29.7,29.7,1.5,0.2,1.6,2.8,4.7
7/9/2022,14,0,21,14,0,79,75,83,83,84,30.2,31,30.7,30.1,29.7,5.6,7.4,4.8,5.9,5.7
8/9/2022,1,0,2,0,12,79,86,78,80,84,30.2,29,31.1,30.6,29.4,7.4,4.8,7.5,8.3,6
9/9/2022,23,57,0,0,2,71,75,77,80,83,31.3,31.4,31.2,30.2,29.2,8.3,8.8,8.8,7.4,6.1
10/9/2022,0,0,0,0,0,78,78,85,89,82,29.3,30.2,28.8,28.2,29,2.4,5.5,5.2,2.1,4.3
11/9/2022,0,8,0,63,3,83,85,88,94,91,27.9,28.2,27.3,26.4,26.6,2.2,2.8,2,0,0
12/9/2022,13,17,13,41,48,89,87,89,94,92,26.7,27.3,27.2,26.2,26.1,0,0.8,0.3,0,0
13-09-22,32,16,2,48,6,94,94,96,94,94,26,25.8,25.7,25.9,26.1,0,0,0,0,0
14-09-22,53,98,60,61,58,96,92,96,93,93,25.9,26.8,26.2,25.9,26.2,0,0,0,0,0
15-09-22,66,5,47,54,29,83,86,88,90,91,28.7,28.1,27.3,27.5,27.1,4.4,3.8,1.6,2.7,2.2
16-09-22,0,2,3,5,5,83,82,84,82,83,28.4,28.8,28.7,28.5,28.3,0,2.6,2.5,3.8,2.8
17-09-22,1,0,0,0,0,80,84,84,84,84,29.7,29.7,29.6,29.7,29.1,5.1,3.7,7,7.8,7.7
18-09-22,1,0,0,0,0,86,86,87,85,86,28.9,29.5,29.1,29.2,28.5,0,0.8,3.5,2.5,0.7
19-09-22,1,0,2,3,0,75,76,76,81,82,30,30.2,29.8,28.6,28.7,6.5,3.8,11.6,5.8,6.2
20-09-22,0,0,0,0,2,74,75,82,85,84,29.6,30,29.1,28.5,28.7,6.4,8.9,5.7,3.6,4.4
21-09-22,0,0,1,11,1,75,79,86,84,81,30.1,29.7,29.1,29.1,29.5,4.9,6.5,6.4,4.5,7.7
22-09-22,0,0,1,1,0,74,75,85,85,85,30.3,30.2,29.1,28.8,28.7,8.1,7.7,8.1,5.1,5.4
23-09-22,0,0,0,3,1,76,78,82,81,81,30,29.9,29.5,29.9,29.4,3.1,4.8,6.6,6.4,7
24-09-22,0,0,0,0,1,77,78,83,83,78,29.8,29.7,29.7,29.3,29.2,2.5,3,6.9,4.8,5.2
25-09-22,0,0,0,0,0,81,80,83,89,82,28.8,29,29.4,28,28.9,2,0.8,3.6,1.9,3.1
26-09-22,0,0,0,21,0,86,81,84,86,83,28.5,28.9,29.5,28.8,28.7,1.6,3.9,4.7,6,3.9
27-09-22,20,19,3,3,0,81,85,86,87,89,29.2,28.2,29.2,28.3,28.3,1.7,1,2.9,3.5,2
28-09-22,0,0,0,6,16,82,85,83,84,80,29.6,29.4,29.8,29.6,29.9,1.6,3.5,7.8,5.6,7.4
29-09-22,0,7,0,0,0,80,81,82,86,85,29.9,28.8,29.6,28.4,29.4,2.2,5.7,7.5,8.1,5.5
30-09-22,0,3,0,0,1,74,82,82,81,82,31.1,29.9,29.8,30,29.7,8.1,5.9,6.3,0,4.9
1/10/2022,0,0,0,0,0,76,75,82,86,81,30.6,30.5,30.3,29.2,29.7,0.7,6.8,4.4,1.4,3.3
2/10/2022,2,0,0,1,0,87,86,90,89,88,27.7,27.5,27.3,27.2,27.5,0.5,0,0.4,1.1,1.9
3/10/2022,12,28,34,16,21,89,86,92,92,92,27.2,27.6,27,26.6,27,0.1,1,0.8,0,0
4/10/2022,15,4,14,40,39,79,81,90,90,91,28.9,28.5,27.4,27.6,27.5,5.1,5.2,5.6,4.5,3.5
5/10/2022,0,0,3,31,21,73,79,79,84,83,29.6,29.3,29.5,28.3,28.5,5.8,5.7,9.3,6.3,7.7
6/10/2022,0,0,0,0,0,77,79,84,90,84,28.9,28.8,28.4,27,27.5,6.7,8.3,7.6,3.8,4.8
7/10/2022,0,1,5,2,2,74,83,82,80,81,29.6,28.7,29.2,29.3,29,4.6,4.1,7,7.7,7.7
8/10/2022,0,0,0,0,0,68,75,76,82,77,31.1,30.3,30.5,29.5,30.1,8.3,8.5,10.3,9.3,9.2
9/10/2022,0,0,0,0,0,75,75,78,78,79,30.2,30.3,30.1,29.8,29.2,6,8.6,9.7,9.1,8.1
10/10/2022,0,0,0,0,0,74,74,79,83,83,29.7,29.9,29.7,28.7,28.8,7.3,8.1,10.2,5.4,4.8
11/10/2022,5,0,2,0,0,76,82,84,87,81,29.4,28.3,28.4,27.8,28.6,7.2,8,7,5.5,5.2
12/10/2022,0,14,0,0,0,85,86,91,90,85,27.1,26.7,26.1,27.1,28,2.2,1.1,4,6.1,5.2
13-10-22,2,4,15,5,2,77,80,89,84,81,28.5,28.2,27.1,27.9,28.6,5.6,6.3,4.3,9.1,7
14-10-22,0,1,7,14,0,75,81,83,85,83,29.3,28.4,28.9,28.5,28.8,6.4,4.5,8.9,5.6,7.4
15-10-22,0,0,0,0,0,60,72,77,81,77,29.6,28.4,28.2,28.7,28.2,8.4,8.4,10,8.4,8.2
16-10-22,0,0,0,0,0,61,75,76,76,77,29.5,27.9,27.8,28.2,27.6,8.4,9.1,10.3,9.6,8.7
17-10-22,0,0,0,0,0,67,77,80,81,79,29.5,28,28.1,27.8,27.7,8.4,8.6,10.1,9.4,8.9
18-10-22,0,0,0,0,0,76,78,82,80,81,29,28,28.8,28.1,28.3,5.7,8.3,9,7.7,6.7
19-10-22,0,0,0,0,0,62,74,75,82,79,29.1,27.1,27.8,27.5,27.4,4.9,7.1,7.1,5.1,5.9
20-10-22,0,0,0,0,0,61,73,76,80,76,29.4,27.9,28.3,27.4,27.5,7.8,9.6,9.9,8.6,8.8
21-10-22,0,0,0,0,0,66,75,79,80,79,29.5,27.9,27.8,27.4,27.3,8.5,10.2,10.2,9,8.6
22-10-22,0,0,0,0,0,62,72,78,82,79,29.7,28.4,28.3,28.1,28.3,7.2,9.8,9.3,8.8,8.1
23-10-22,0,0,0,0,0,78,80,89,92,92,27.9,27.5,26.9,26.8,25.5,0,0.1,0,0,0
24-10-22,5,1,3,13,14,97,95,95,95,95,21.9,22.2,22.6,22.5,22.1,0,0,0,0,0
25-10-22,255,251,213,315,188,85,87,85,85,87,23.5,23.4,24.1,23.9,23.6,1.8,3.9,7.8,6.1,6.3
26-10-22,1,2,0,0,0,79,83,83,85,82,26.3,25.8,26.4,25.3,25.8,8.1,9.7,10,9.1,8
27-10-22,0,0,0,0,0,74,80,83,85,81,25.8,25.5,25.9,26,25.8,5.9,9.4,8.9,4.7,8.2
28-10-22,0,0,0,0,0,69,81,78,84,81,26.1,24.8,25.3,24.7,24.6,9,10,9.2,7.6,8.5
29-10-22,0,0,0,0,0,70,80,80,85,79,26.3,25,24.6,24.3,24.2,7.4,8.2,7.9,6,8.6
30-10-22,0,0,0,0,0,68,77,76,85,82,27.3,25.7,25.8,25.4,25.5,7,9.8,9.7,3.9,7.8
31-10-22,0,0,0,0,0,73,80,76,86,78,28.2,26.3,27,26.4,26.1,5.7,8.2,9.5,2.9,8.5
1/11/2022,0,0,0,0,0,69,77,74,87,79,28.3,26.8,27.4,27.4,26.7,6.9,8.8,9.4,6.9,7.6
2/11/2022,0,0,0,0,0,64,79,73,86,75,28.2,26.2,26.6,26.4,26.1,8,9.2,9.5,8.7,8.3
3/11/2022,0,0,0,0,0,65,80,76,88,81,26,24.7,24.6,24.5,23.6,3,7.1,6.5,7.8,0.3
4/11/2022,0,0,0,0,0,77,79,78,90,79,26.7,24.6,24.7,24.1,24.3,6.5,7.9,9.5,7.4,7.8
5/11/2022,0,0,0,0,0,77,77,78,90,78,27.2,25.9,25.4,25.3,24.7,4.9,8.9,8.5,7.8,7.7
6/11/2022,0,0,0,0,0,67,77,76,89,77,26.7,25.8,25,24.2,24.5,6,7.9,9.3,8.6,6.8
7/11/2022,0,0,0,0,0,64,72,76,87,76,25.8,24.8,24.4,24.1,24.3,8.1,9.6,9.2,8.1,7.4
8/11/2022,0,0,0,0,0,69,77,79,89,79,26.4,25.1,25.4,24.6,24.1,5.4,7.9,7.2,8.4,7.3
9/11/2022,0,0,0,0,0,61,75,77,90,81,26.6,25.5,25.7,24.5,24.7,6.6,9.3,6.8,8.6,6.6
10/11/2022,0,0,0,0,0,62,71,73,87,78,26,24.7,25,24.1,24.1,6.5,9,9.4,7.3,7.6
11/11/2022,0,0,0,0,0,62,80,78,78,77,25.2,23.7,24.5,24.4,23.8,7.1,7.8,8.6,8,7.7
12/11/2022,0,0,0,0,0,63,78,78,78,80,25.7,24.1,24.2,24.2,23.8,7.3,7.9,8.4,8.7,7
13-11-22,0,0,0,0,0,55,76,71,77,73,25.2,21.9,22.6,22.8,21.8,5.8,7.2,8.5,7.3,7.1
14-11-22,0,0,0,0,0,63,74,71,78,75,24.1,22.7,22.7,22.5,21.5,7.2,8.6,9.6,8.6,7.6
15-11-22,0,0,0,0,0,69,77,78,79,79,24.7,22.9,23.2,22.9,22.3,6.7,8.8,9.4,7.9,8.1
16-11-22,0,0,0,0,0,62,75,76,79,79,25.1,22.7,23.2,22.8,22,6.7,8.8,9.4,9,7.9
17-11-22,0,0,0,0,0,63,76,73,78,78,24.5,22.7,22.8,22.5,21.7,6.7,6.7,8.6,8.2,7.5
18-11-22,0,0,0,0,0,63,77,78,79,74,23.7,22.5,22.8,22.7,21.8,6.1,6.7,8.1,7.6,7.1
19-11-22,0,0,0,0,0,68,79,80,81,78,24,22.3,22.3,22.5,21.6,4.7,7.3,6.6,7.3,7.3
20-11-22,0,0,0,0,0,56,73,66,82,74,25.8,23,24.4,22.5,23.3,5.9,9.6,8.2,2.7,3.4
21-11-22,0,0,0,0,0,57,72,71,80,76,24.5,22.4,22.3,22.5,22.1,6.4,9.2,9.4,8.8,7.7
22-11-22,0,0,0,0,0,61,76,74,81,75,23.7,21.5,21.3,21.2,20.8,5.8,8.1,9,8.4,7.8
23-11-22,0,0,0,0,0,57,75,73,80,77,24.2,21.8,21.7,21.2,20.2,6.3,8.3,8.6,8.2,7.6
24-11-22,0,0,0,0,0,64,76,74,79,77,23.7,21.4,21.8,20.9,20.4,6,8.3,8.7,8.3,6.9
25-11-22,0,0,0,0,0,71,77,76,81,79,23.8,22.1,22.4,21.5,21,6,9.1,9.4,8.6,7.7
26-11-22,0,0,0,0,0,63,75,78,83,78,24.7,21.8,22.2,22.5,21.1,6,9,9.1,7,7.4
27-11-22,0,0,0,0,0,66,76,76,77,77,23.9,21.9,22.5,22,21.5,5.9,8.7,9.5,8.5,8.3
28-11-22,0,0,0,0,0,60,75,75,81,76,25.2,21.8,22.8,23.1,22.6,5.6,8.1,8.7,8.7,7.8
29-11-22,0,0,0,0,0,57,76,76,78,72,25.6,22.5,23.9,23.8,23.7,4.9,8.3,5.7,7.7,3.6
30-11-22,0,0,0,0,0,58,74,67,76,73,25.7,22.3,24.2,24.3,23.9,0.6,8.6,8.1,8.3,6.2
1/12/2022,0,0,0,0,0,61,76,68,79,75,24.4,22.1,23.1,22.2,21.9,6.2,9,9.4,8.8,6.9
2/12/2022,0,0,0,0,0,58,72,72,78,74,23.8,21.1,21.8,21.6,20.5,5.7,9,9.7,8,7.9
3/12/2022,0,0,0,0,0,58,75,72,77,73,23.5,20.9,21.1,20.3,19.5,5.6,9,9,8.7,7.6
4/12/2022,0,0,0,0,0,65,75,73,79,78,23,20.8,21.7,20.7,19.9,5.7,8.4,9.1,8.3,6.8
5/12/2022,0,0,0,0,0,64,79,74,78,77,23.3,21.1,21.6,21.5,20.4,5.4,8.3,9.5,8.4,7.1
6/12/2022,0,0,0,0,0,62,77,73,80,78,23.6,21.1,22,20.7,20,5.3,8.6,9,8.5,7.4
7/12/2022,0,0,0,0,0,60,77,73,80,79,23.3,20.5,21.3,20.4,19.9,5.6,8.5,8.8,7.1,5.9
8/12/2022,0,0,0,0,0,66,78,78,80,80,22.2,20.4,20.8,20.1,19.2,4.2,7.8,8.4,4.9,4.6
9/12/2022,0,0,0,0,0,69,81,78,90,79,21.9,20,20.7,20,19.5,5,7.9,8.7,7.7,7.3
10/12/2022,0,0,0,0,0,62,80,77,83,78,23.3,20.7,21.5,21.3,21.1,5,4.4,6.2,6.4,4.9
11/12/2022,0,0,0,0,0,63,79,78,79,78,23.2,20.6,20.9,21.1,20,5.8,7.8,8.9,8.1,7.2
12/12/2022,0,0,0,0,0,65,78,82,82,79,21.9,20,20.1,19.9,19.7,6.1,7.5,7.1,6.4,5.4
13-12-22,0,0,0,0,0,71,82,82,83,79,21.7,20,20.6,20.1,20.7,4.2,6.4,6.3,5.7,4.6
14-12-22,0,0,0,0,0,74,85,82,84,78,21.9,19.7,19.6,20.4,19.7,1.2,3.6,5.7,5.1,5.9
15-12-22,0,0,0,0,0,68,89,78,80,77,20.6,18.5,18.3,18.3,17.7,3.1,0,6.9,6.5,5.6
16-12-22,0,0,0,0,0,68,83,72,81,73,20.9,17.9,18.6,18,17.4,3.5,6.6,8.1,5,6.8
17-12-22,0,0,0,0,0,75,82,77,86,79,20.6,19,19.2,18.8,17.9,4.3,6.4,4.9,0.2,2.4
18-12-22,0,0,0,0,0,78,84,84,82,82,19.8,19,18.7,18.6,18.6,4.7,6.6,5.7,6.2,4.6
19-12-22,0,0,0,0,0,72,82,78,83,81,20.8,19.5,20,19.3,19.3,5.5,7.7,7,6,5.1
20-12-22,0,0,0,0,0,76,81,80,83,82,20.5,19.8,20.6,19.3,19.5,4.2,7.5,7.3,6.8,4.7
21-12-22,0,0,0,0,0,69,81,78,83,82,22,19.8,20.7,19.5,19.6,4.3,7.4,6.5,5.5,3.1
22-12-22,0,0,0,0,0,69,83,78,84,83,21.6,19.2,19.7,18.9,18.5,4,6.2,7.2,5,3.3
23-12-22,0,0,0,0,0,58,77,73,78,78,20.5,17.8,19,18.9,17.7,5.7,8.1,8.3,3.9,5.8
24-12-22,0,0,0,0,0,65,78,76,79,75,19.8,17.7,18.3,17.5,17.9,5.7,7.8,8.2,8,7.9
25-12-22,0,0,0,0,0,69,78,79,82,78,20.7,19.5,19.8,18.7,20,5.1,5.9,6.6,6.6,4.2
26-12-22,0,0,0,0,0,71,80,83,83,82,22.9,21.1,21.3,20.4,21.4,5,5.1,6.2,6.3,5.2
27-12-22,0,6,0,0,0,84,83,90,88,86,21,20.2,20.2,20.7,21.7,0,4.7,2.3,0,0
28-12-22,4,3,2,0,5,81,91,91,87,86,20,17.1,17.9,19.4,19.2,3.4,3.9,5.8,0,0
29-12-22,0,0,0,0,0,78,89,85,80,82,17.9,15.9,17.1,17.5,15.8,4.7,2.3,5.8,5.8,4.4
30-12-22,0,0,0,0,0,83,88,88,89,84,17.3,16.3,16.7,15.6,16,0,3.9,4,0,2.2
31-12-22,0,0,0,0,0,84,91,87,82,84,17.3,15.9,17.2,17.1,16.8,3.6,3.9,3.8,5.3,4.4
1/1/2023,0,0,0,0,0,81,85,82,85,87,17.9,17.1,17.8,17.5,16.8,4,6.7,4.9,0.9,0
2/1/2023,0,0,0,0,0,71,84,81,84,82,19.1,17.3,18.3,18,17.5,5.5,6.5,6.7,6.2,4.2
3/1/2023,0,0,0,0,0,87,91,91,88,86,16.2,15.2,15.5,16.8,16.4,0,0,0,6.4,4.6
4/1/2023,0,0,0,0,0,91,91,93,90,90,14.8,14.2,14.4,15.1,15,0,0,0,0,0
5/1/2023,0,0,0,0,0,86,90,91,90,88,15.2,13.8,14.4,15.2,14.7,1.3,3.3,3.9,0.9,3.2
6/1/2023,0,0,0,0,0,89,88,90,93,88,14.5,13.9,13.6,13.3,13.6,0.8,3.2,2.5,0.2,3.6
7/1/2023,0,0,0,0,0,93,93,93,94,92,13.3,13,12.4,12.1,12.6,0,0.1,0,0,0
8/1/2023,0,0,0,0,0,88,85,92,93,92,16,15.9,14.9,14.2,13.4,2.6,7.6,3.2,0,0
9/1/2023,0,0,0,0,0,70,81,77,83,81,19.8,17.3,18.6,18.1,17.5,5.7,8.3,8.8,7.9,7.4
10/1/2023,0,0,0,0,0,59,77,77,78,77,21,17.3,17.8,18.2,18,6,8.6,7.8,7.8,7.4
11/1/2023,0,0,0,0,0,54,80,71,79,73,18.8,15.8,16.3,16.6,15.7,5.8,7.4,8.3,7.8,5.7
12/1/2023,0,0,0,0,0,71,82,84,79,78,16.3,14.8,14,14.9,15,4.4,6.4,5.6,7.2,6.6
13-01-23,0,0,0,0,0,70,78,78,80,82,18.5,17.4,17.7,17.7,18.3,4.3,7.7,6.9,6.9,4.4
14-01-23,0,0,0,0,0,85,83,91,89,88,20.2,19.2,19,19.4,19.9,0,1,0,0,0
15-01-23,0,0,0,0,0,65,81,77,80,85,20.8,19,19.2,19.4,18.6,5.2,6.5,6.9,4.4,2.6
16-01-23,0,0,0,0,0,60,78,75,77,78,19.3,16.4,17.4,18,17.1,3.3,3.2,6,3.8,4.2
17-01-23,0,0,0,0,0,58,77,79,81,78,18.7,16.1,16.1,17.2,16.4,4,5.8,1.1,2,2.5
18-01-23,0,0,0,0,0,63,76,77,80,76,17.9,15.4,16.4,16.9,17.4,3.9,6.8,1.5,0,0
19-01-23,0,0,0,0,0,59,78,76,74,71,18.2,15.3,15.7,16.3,16,5.7,7.1,8.4,7.9,5.7
20-01-23,0,0,0,0,0,65,77,76,81,75,18.9,16.6,16.3,15.9,15.4,4.4,7.1,7.7,7.1,7.1
21-01-23,0,0,0,0,0,66,77,77,78,74,18.7,16.9,17.6,16.8,17,4.4,7.8,7.3,7.5,6.7
22-01-23,0,0,0,0,0,67,77,78,78,76,20,18.1,19.3,19.1,19.1,5.7,7.5,5.5,5.8,3.4
23-01-23,0,0,0,0,0,70,81,82,83,81,20.9,18.9,20.2,19.5,20.2,3.1,5.5,4.8,0.3,2
24-01-23,0,0,0,0,0,69,78,79,79,80,21.3,20,20.9,20.7,21,4.5,7.9,7,6,3.5
25-01-23,0,0,0,0,0,73,79,82,80,81,21.7,20.1,20.9,21.4,21.4,4.4,6.4,5.5,6.3,4.6
26-01-23,0,0,0,0,0,75,84,79,83,78,22.3,20.1,21.9,22.5,21.9,0,2.7,5.5,1.9,2.6
27-01-23,0,0,0,0,0,68,81,74,82,79,23,20.8,21.9,20.9,21.1,4.6,7.7,8.6,7.8,6.5
28-01-23,0,0,0,0,0,72,84,80,80,80,22.4,19.8,21.3,20.5,20.6,5.9,5.5,7.9,6.3,5.9
29-01-23,0,0,0,0,0,78,89,81,83,79,19.7,17.6,19.5,19.1,19.1,4.3,4.2,7.6,7.9,7.4
30-01-23,0,0,0,0,0,75,86,83,83,82,21.4,19.4,20.9,19.8,20.2,5.7,6.1,5.4,6.5,5.7
31-01-23,0,0,0,0,0,63,78,77,81,77,24.1,22,22.8,21.9,22.5,4.4,4.3,4.9,4.4,4
1/2/2023,0,0,0,0,0,61,73,72,83,74,22.3,20.5,21,19.3,20.6,0.3,4.5,2.3,0.1,0.1
2/2/2023,0,0,0,0,0,61,74,73,78,72,20,18,18.8,18.5,17.8,7.6,8.8,8.9,8.9,8
3/2/2023,0,0,0,0,0,67,77,75,80,78,20.7,18.9,19,18.1,17.5,7.4,8.5,9,8.4,7.4
4/2/2023,0,0,0,0,0,66,78,76,79,76,20.6,18.2,19.1,18.5,18.3,7.4,8.2,8.5,7.3,6.9
5/2/2023,0,0,0,0,0,60,77,73,80,75,20.9,18.5,19.1,18.5,18.9,8.3,8.2,8,7.7,6.8
6/2/2023,0,0,0,0,0,65,77,69,77,73,20.5,18.9,20.2,19.1,19.7,7.1,7.8,8.9,9.2,7
7/2/2023,0,0,0,0,0,70,68,77,85,86,22.1,20.4,21.3,19.7,19.9,6.8,9.1,8.9,5.8,3.5
8/2/2023,0,0,0,0,0,73,80,80,80,81,22.7,21.1,22.7,22.8,23.5,6,5.9,7.7,6.7,6.4
9/2/2023,0,0,0,0,0,73,79,80,82,81,23.3,20.3,21.8,23,22.5,2.8,5,3.3,4.7,1.9
10/2/2023,0,0,0,0,0,55,72,69,82,72,22.3,20.7,20.7,22.3,20.6,7.3,8.5,8.8,8.5,7.9
11/2/2023,0,0,0,0,0,59,73,75,78,80,23.9,21.3,22.7,21.9,22.9,7.7,8.2,7.8,8.2,5.8
12/2/2023,0,0,0,0,0,63,76,69,82,74,24.2,22.3,23.6,24,22.8,4,6,6.4,4.2,6.2
13-02-23,0,0,0,0,0,32,49,50,67,57,21.9,19.5,19.8,19.8,19.7,8.2,10.1,9.8,9.4,8.3
14-02-23,0,0,0,0,0,40,59,58,73,63,21.1,18.7,19.1,18.5,18.4,8,9.6,9.4,9.3,0
15-02-23,0,0,0,0,0,52,71,68,67,64,21.3,19.5,19.4,20.7,19.4,7.9,9.1,8.3,8.7,6.9
16-02-23,0,0,0,0,0,58,69,73,70,69,21.9,20.8,20.3,20,20.2,7.1,8.5,5.3,8.1,7.4
17-02-23,0,0,0,0,0,61,72,71,75,75,22.3,21.5,22.1,21.6,22.1,4.9,8,5.5,7.4,5.5
18-02-23,0,0,0,0,0,68,76,74,76,79,24,22.7,24.3,22.9,23.4,6.4,7.3,3,6.2,1.9
19-02-23,0,0,0,0,0,72,80,80,82,83,24.5,23.2,23.5,23,23,3,1.9,0,5.4,0
20-02-23,0,0,0,0,0,71,79,76,83,79,24.9,23.8,24.8,23.5,24.1,3.2,6.8,3.8,4.7,4.8
21-02-23,0,0,0,0,0,75,82,83,80,81,25.4,24.3,24.7,25.5,25.4,3.5,2.3,0.8,6.6,3.6
22-02-23,0,0,0,0,0,74,74,76,80,76,26.2,26.2,26.2,25.7,26.1,4.4,5,6.5,6.5,6.7
23-02-23,0,0,0,0,0,67,67,72,78,73,26.8,25.6,26,25.9,26.5,6.1,8.4,5.5,6.7,6.5
24-02-23,0,0,0,0,0,71,75,74,75,75,26.4,25.8,26.4,26.6,26.5,6.6,3,5.8,6.3,5
25-02-23,2,0,0,0,0,55,75,71,77,77,25.3,23.8,24.6,24.5,25.3,7.6,8,6.1,4.4,3.7
26-02-23,0,0,0,0,0,53,67,65,74,63,25.3,23.8,23.4,23.4,23.9,8.2,8.5,9.3,9.2,8.3
27-02-23,0,0,0,0,0,56,70,66,68,63,26.4,24.3,25.2,25.5,25.6,6.7,6.8,7.3,8.5,7
28-02-23,0,0,0,0,0,46,63,64,71,65,25.9,23.7,24.8,23.9,24,7.8,8.8,8.4,7.8,7.7
1/3/2023,0,0,0,0,0,50,66,66,74,65,26,24.2,24.4,23.7,24,7.7,8.7,8.7,8.5,7.9
2/3/2023,0,0,0,0,0,56,69,69,70,69,26.7,24.8,25.4,25.5,25.3,6.3,4,8.6,7.7,7.5
3/3/2023,0,0,0,0,0,53,66,70,74,61,26.8,25.3,25.9,25.5,25.7,7.6,7.6,8.5,8.7,6.5
4/3/2023,0,0,0,0,0,55,66,67,74,63,27.1,25.7,25.6,25.5,25.5,6.8,8.8,8.5,8.5,8.1
5/3/2023,0,0,0,0,0,56,66,66,69,65,27.2,25.5,26.5,26.4,25.4,4.8,8.7,9.3,8,7.5
6/3/2023,0,0,0,0,0,52,64,65,70,64,27.1,25.4,25.7,25,24.9,8.2,9.8,9.8,8.6,8.2
7/3/2023,0,0,0,0,0,46,58,57,68,55,27.3,25.7,25.8,24.8,25.5,7.8,9.5,9.7,8.6,7.7
8/3/2023,0,0,0,0,0,48,59,52,61,60,27.5,25,25.5,25.8,24.7,10.5,7,6.2,4.7,3.8
9/3/2023,0,0,0,0,0,48,64,57,69,68,27.6,24.9,25.9,25.3,24.7,7.1,8.1,8.3,5.7,4.8
10/3/2023,0,0,0,0,0,48,66,69,73,73,27.6,25.1,25.2,24.7,23.9,0.6,1.3,0.9,0.2,0.1
11/3/2023,0,0,0,0,0,54,64,69,66,68,27.4,25.7,25.1,26.3,24.6,4.1,2.6,1.2,5.8,4.9
12/3/2023,0,0,0,0,0,48,63,58,64,61,28.4,25.8,26.6,26.3,25.3,8.3,8.8,8.8,8.6,7.7
13-03-23,0,0,0,0,0,48,60,62,63,65,28.2,26.4,26.9,26.1,26.2,8.7,9.4,8.9,8.7,7.8
14-03-23,0,0,0,0,0,51,63,65,67,65,28.6,27.1,27.1,27.3,26.3,3.7,1.7,1.8,5.4,3.5
15-03-23,0,0,0,0,0,67,74,80,81,80,27.2,25.9,26.2,25,26,2.3,0.8,0.7,1.6,0.8
16-03-23,2,1,0,3,0,68,76,80,80,77,27.7,26.3,27.1,26,26.4,3,0,0.8,3.6,2.8
17-03-23,1,1,0,3,3,68,84,75,85,77,24.9,23.3,24.8,24.7,24.7,0.5,0,0.6,2.5,0
18-03-23,0,5,0,0,0,57,73,71,75,75,27.1,25.3,26,25.9,25.2,4.3,6.5,4.6,2.1,1.4
19-03-23,0,6,0,0,1,87,88,90,86,85,22.8,22,22.6,23.3,22.4,0,0,0,0,0
20-03-23,18,14,7,24,31,73,83,83,86,81,24.2,22.7,23.1,22.4,22.9,3.3,1.3,1.7,3.1,3.3
21-03-23,0,10,0,16,0,71,78,75,85,81,24.6,23.9,24.8,23.1,23.4,5.7,4.5,6.4,5.9,5.7
22-03-23,0,0,0,15,5,67,69,69,79,76,26,25.3,25.3,24.7,24.9,9,9.5,9.4,8.8,7.9
23-03-23,0,0,0,0,0,65,70,69,77,74,26.7,26.2,26.1,25.2,25.6,7.8,9.1,9.3,7,5.6
24-03-23,0,0,0,0,0,74,67,76,77,78,25.3,26.6,25.6,25.9,26,7.5,9.1,5.2,8.5,6
25-03-23,19,0,0,0,0,77,69,79,82,75,25.9,26.2,25.8,25.6,27.1,5.4,6.5,6.5,6.7,7.3
26-03-23,2,0,8,6,0,70,68,75,80,80,27,27.5,26.4,25.3,25.7,6.8,8.4,6.2,6.7,7.1
27-03-23,0,0,1,25,22,62,67,71,79,82,27.4,26.9,27.2,25.4,25.4,7.6,7.8,7.7,5.1,2.1
28-03-23,0,0,0,0,0,62,63,69,77,77,28.4,27.5,27.7,27,27.8,7.3,8.2,7.3,6.6,7
29-03-23,0,0,0,0,0,78,77,84,86,82,25.2,25.4,25.3,24.1,25.5,2.6,3.6,5.2,3.1,4.8
30-03-23,4,7,17,25,27,70,81,76,78,78,26.3,26,27.1,26,27.4,6.1,5.1,7.2,6.9,6.6
31-03-23,28,64,0,0,0,71,80,80,78,82,25.8,23.9,25.2,25.4,25.6,4.7,2.2,2.7,3.2,0.3
1/4/2023,15,21,13,77,28,78,80,82,89,86,24.4,23.9,24.2,23,23.5,2.7,2.4,3.6,0.9,0.9
2/4/2023,1,1,0,0,0,68,76,71,74,77,26.8,24.3,26.3,26.6,26.1,9.1,7.1,10.1,10.1,8.8
3/4/2023,0,0,0,0,0,54,68,61,71,70,28.2,26.6,27.9,27,27.6,9.1,9.8,9.9,9.4,8.8
4/4/2023,0,0,0,0,0,65,71,69,75,74,29.9,28.3,29,28.9,29,7.3,8.8,9.8,9.2,8.1
5/4/2023,0,0,0,0,0,70,65,72,79,78,29.5,28.6,29.4,28.7,29.1,6.4,8.4,8.4,9.3,7.6
6/4/2023,0,0,0,0,0,54,61,59,73,68,29.3,27.7,28.8,28.3,28.2,8.7,9.6,9.6,9.2,8.6
7/4/2023,0,0,0,0,0,50,61,62,71,73,29.4,28.2,28.4,28.3,27.6,9.5,9.8,9.3,9.2,7.6
8/4/2023,0,0,0,0,0,42,57,55,66,66,30.4,28.7,29.1,28.6,28.7,9.1,9.8,9.9,9.2,8.5
9/4/2023,0,0,0,0,0,38,57,56,66,66,30.8,28.8,29.4,29.3,28.9,9.2,9.9,10.1,9.1,8.1
10/4/2023,0,0,0,0,0,41,58,58,71,69,30.5,28.9,29.3,28.9,29.4,8.6,9.8,9.6,8.6,7.5
11/4/2023,0,0,0,0,0,41,58,58,71,69,31.3,29.3,29.7,29.7,29,8.7,9.7,9.7,9.2,7.7
12/4/2023,0,0,0,0,0,39,53,55,66,65,31.8,29.5,29.1,29.4,28.8,9.2,10.7,10.4,9.3,8.5
13-04-23,0,0,0,0,0,37,54,50,67,63,32.7,30.4,30.7,29.4,29.6,9.1,10.7,10.6,9.4,9
14-04-23,0,0,0,0,0,43,54,56,66,66,33.1,31.1,31.5,30.5,30.5,9.2,10.8,10.5,9.8,9.2
15-04-23,0,0,0,0,0,50,62,57,65,71,34,31.5,32.9,31.5,31.2,6.5,6.9,9.5,8.7,8.2
16-04-23,0,0,0,0,0,47,60,57,69,65,34,31.5,32.5,31.8,32.6,8.1,9.7,7.6,7.8,6.7
17-04-23,0,0,0,0,0,67,65,71,75,74,32.4,32.6,32.8,31.6,31.3,6,9.7,9.2,8.6,8.3
18-04-23,0,0,0,0,0,66,73,73,74,75,32.4,31.8,31.9,31.2,31.3,7.4,6.7,8.4,7.8,5.2
19-04-23,0,0,0,0,0,68,73,76,75,77,32.2,32.1,32.3,31.3,31.3,8.1,8.4,8.5,8.3,8
20-04-23,0,0,0,0,0,68,71,75,77,76,32.1,31.8,32,31.5,31.3,7.9,8.6,8.1,9,8
21-04-23,0,0,0,0,0,64,70,69,78,65,29.8,29.7,30.4,29.9,30.2,8.9,4.7,4.8,4.3,2.8
22-04-23,0,0,0,0,0,60,64,63,69,72,29.5,29.3,30,29.6,29.7,5.6,10.5,9.2,8.1,2.1
23-04-23,1,0,0,0,0,62,74,73,71,78,26.3,25.7,25.8,26.3,25.4,0,0.3,0.2,0.7,0.7
24-04-23,0,0,0,0,0,56,71,72,75,73,28.1,26.2,26.7,27.2,26.6,8.5,8,6.9,6.7,8.1
25-04-23,0,0,0,0,0,49,66,66,72,69,30.2,28.3,28.8,28.6,28,9.5,10.9,10,9.3,8.1
26-04-23,0,0,0,0,0,43,60,60,71,66,31.4,29.6,30,28.8,28.9,9.4,9.3,9.4,9.8,7.5
27-04-23,0,0,0,0,0,59,71,74,75,74,28.7,27.2,27,26.5,27.1,8.5,7.2,7.6,8.2,7.5
28-04-23,3,4,32,42,7,59,67,72,76,76,29.5,27.9,27.6,26.8,26.9,10.5,8.8,9,9.8,7.8
29-04-23,0,0,0,0,1,68,68,81,80,75,27.9,28.5,25.9,26.4,27,8.4,6.3,7.4,8.1,6.5
30-04-23,10,5,73,3,1,59,74,78,74,73,29.2,27,27.1,28.1,27.2,7.7,9,7.2,6.4,6.1
1/5/2023,2,6,0,0,0,61,74,77,80,81,28.3,26.5,26.4,26.5,25.5,4.6,5.5,5,2.4,1.9
2/5/2023,0,1,1,1,7,52,67,73,72,65,30.1,28.6,28.7,28.4,28.6,9,9.4,10,10.1,9.5
3/5/2023,0,0,0,0,0,72,71,80,83,80,28.1,28.1,26.9,26.1,26.8,3.8,7.3,5.2,1.4,2.7
4/5/2023,7,0,2,3,3,73,79,79,84,81,28.4,27.2,28,27.3,27.4,2,4.6,5.8,0.5,0.8
5/5/2023,1,37,0,0,0,67,77,76,83,76,29.9,28.3,29.3,28.1,28.9,8.9,7.2,9.9,5.1,5.6
6/5/2023,0,0,0,4,0,64,69,76,78,74,30.4,30.1,29.2,28.9,29.6,7.3,9.9,9.2,6.2,3.4
7/5/2023,12,0,1,0,0,59,70,71,75,64,32.5,30.9,31,30.2,31.6,9.6,10.7,10.4,8.9,7.8
8/5/2023,0,0,0,0,0,57,61,69,72,66,33.1,31.2,31.3,31,31.6,9.8,11,10.2,10,9
9/5/2023,0,0,0,0,0,46,55,66,73,74,33.5,31.5,31.1,31.8,29.8,7.1,10.7,9.7,7,2.5
10/5/2023,0,0,0,0,12,57,61,78,68,67,32,30.6,29.3,30.7,31.3,8.9,10.3,8.6,9.7,8.8
11/5/2023,0,0,25,0,0,57,69,70,76,70,32,29,30.4,30.6,31.2,9.4,10,10.4,10.1,9.3
12/5/2023,0,4,0,0,0,59,71,78,76,76,31.3,29.4,29.3,29.9,29.8,0.8,3.8,1.8,2.1,2.9
13-05-23,0,0,0,0,0,60,67,79,76,76,31.2,31,29.3,29,29.9,0,8.3,0,2.5,2.3
14-05-23,0,0,0,0,0,53,58,69,71,72,28.3,28.2,27.6,26.9,26.8,0,5.5,1.9,0.2,0.4
15-05-23,0,0,0,0,0,56,61,69,73,69,29.6,29.3,27.7,28.6,27.7,8.8,9.7,10.9,10.6,9.6
16-05-23,0,0,0,2,10,65,64,75,77,77,28.8,28.5,27.9,27.6,27.8,6.4,7.4,8.1,8.4,7.2
17-05-23,3,5,2,13,5,71,71,80,82,81,26.4,26.7,26.6,26,27,4.3,7.2,8.5,4.9,6.3
18-05-23,50,46,16,4,9,75,76,80,80,81,26.5,26.5,26,26.2,24.6,4.8,5.1,5.7,2.8,2
19-05-23,4,0,5,18,40,76,79,74,82,76,29.6,28.2,29.4,29.4,28.9,3.1,1.5,7.2,6.2,7.2
20-05-23,0,0,1,0,0,65,69,71,74,74,30.5,30,29.7,29.7,29.5,9.6,9.4,10.5,9.6,9.4
21-05-23,0,0,0,0,0,74,78,77,77,75,29.1,28.5,29.6,30,30,5.6,5.3,10,7.8,4.5
22-05-23,27,50,3,31,0,71,75,77,74,75,30.7,28.9,30.5,31.2,30.6,9.3,6.7,10.5,9.9,9.4
23-05-23,0,0,0,0,0,82,86,85,83,87,26.7,26.3,27.2,27.3,27.1,2.7,4.3,5.2,3.7,4.4
24-05-23,29,39,36,45,46,75,73,84,87,88,27,27.6,26.1,25.2,25.1,4,8.9,7.4,0,0
25-05-23,0,0,0,0,0,72,74,77,80,77,29,28.1,28.5,29.1,28.5,4.1,7.5,8.7,5,7
26-05-23,0,11,0,0,0,65,69,73,78,79,29.5,29,28.2,29.1,27.3,8.6,9.2,9,7.1,6.9
27-05-23,1,0,10,1,4,79,80,89,84,84,26.6,26.3,24.9,26.8,27,3.5,4.1,1.5,4.2,5.2
28-05-23,9,5,34,41,2,66,72,76,83,81,29.8,29.1,28.7,28.8,27.4,8,10.5,9.8,7.5,6.4
29-05-23,0,0,0,0,0,59,69,74,76,79,31.6,30.6,30,29.8,29.3,8.5,11.3,11.1,10.8,10.1
30-05-23,0,0,0,0,0,57,63,74,77,75,32.2,31.8,31.3,31.2,31.3,8.7,10.4,9.5,8.5,7.2
31-05-23,0,0,0,0,0,55,61,73,77,75,33.7,32.7,32.2,31.4,31.6,9.1,9.5,10.8,8.8,7.5
1/6/2023,0,0,0,0,0,67,66,77,78,78,33.1,33.1,32.1,31.7,31.9,6.8,7.4,9.6,7.6,5.7
2/6/2023,0,0,0,0,0,65,62,70,76,74,32.9,32.9,32.2,32.1,31,8.3,10.5,10.2,9,6.3
3/6/2023,0,0,0,0,0,65,68,75,76,74,32.9,32.7,31.8,32,31.6,8.5,7.7,9.3,8,6.8
4/6/2023,0,0,0,0,0,65,70,77,76,75,33.1,32.7,32,31.9,32,7.3,7.8,8.5,9.7,7.7
5/6/2023,0,0,0,0,0,59,60,73,73,75,33.7,33.4,32.1,32.5,31.7,9.1,9.9,10.5,10,9.5
6/6/2023,0,0,0,0,0,63,60,75,77,77,33.7,33.8,32.3,32.8,32.2,6.8,10.4,10.3,8.4,7.5
7/6/2023,0,0,0,0,0,65,62,79,81,81,33.5,33.3,32.5,31.7,31.6,0.8,4.5,2.4,0,0.1
8/6/2023,0,0,0,0,0,78,75,89,90,92,30,31.1,29.9,28.2,29.2,0,0,0,0,0
9/6/2023,2,0,0,6,3,90,84,88,92,89,27,27.9,26.9,27.1,27.5,0,0,0,0,0
10/6/2023,47,84,13,3,31,84,82,83,89,82,28.2,28.6,28.5,27.4,28.3,0.1,0.9,1.6,0.2,0
11/6/2023,1,3,0,0,0,79,81,85,89,84,28.9,29.7,29.1,28.8,29.5,0,1.7,2.8,1.8,2.5
12/6/2023,0,0,0,0,0,87,82,84,89,85,27,27.6,28.5,27.4,28,0,0.3,1.9,1.3,3.1
13-06-23,39,8,0,29,3,75,77,84,82,89,30.6,30.2,28.8,28.9,27.6,9.5,4.3,5.9,4.2,2.6
14-06-23,0,13,0,0,41,73,73,75,76,78,32.3,32.1,32.5,32.3,31.7,5,6.8,9.9,7.6,9.3
15-06-23,0,0,0,5,8,77,77,86,82,85,31.1,31.7,30.7,29.7,29.7,2,2.6,3.7,0,0
16-06-23,0,1,1,0,0,80,78,80,79,77,31,30.3,31.8,31.5,31.1,4.4,4.7,5,0.4,0.4
17-06-23,36,15,3,0,0,76,77,78,75,79,30.3,29.3,30.6,30.9,30.1,5.8,6.3,5.8,5.3,5.8
18-06-23,42,22,0,0,7,86,82,82,84,82,28.9,29.1,29.8,29.5,29.5,0.7,2.4,1.6,0.3,0.1
19-06-23,3,9,0,13,3,82,83,80,85,80,29.3,28.4,29.9,28.7,29.4,2.2,1.1,3.6,0.7,2
20-06-23,3,0,0,0,0,84,84,91,86,91,28.6,28.5,28,28.3,28.4,2,0,2.3,3.5,3.9
21-06-23,5,2,15,46,34,77,85,84,90,87,30.7,28.5,30.4,28.5,29.3,3.4,0,5.3,3.3,1.9
22-06-23,0,19,0,43,6,77,84,89,90,90,29.9,29,28.5,28.3,28.3,0,1.3,1.4,0.6,1.2
23-06-23,0,1,0,0,1,76,79,85,87,86,30.3,29.7,29.2,28.8,28.9,5.7,5.5,6.9,2.4,1.8
24-06-23,14,7,0,3,5,74,77,81,83,82,30.2,29.9,29.8,29.4,29.4,5.4,6.4,7.5,5.4,3.7
25-06-23,0,1,0,0,1,71,76,80,87,85,30.3,29.9,29.5,28.2,28.5,5.8,6.7,8.3,5.6,3.7
26-06-23,1,1,2,7,0,79,78,89,88,87,28.7,29.1,27.9,28.3,28.1,1.3,3.4,1.6,0.2,2.2
27-06-23,4,2,8,4,8,88,85,93,93,94,27.4,27.8,27.2,27.1,27.4,0,0.3,0,0,0
28-06-23,15,4,8,46,48,95,90,96,94,94,26.1,26.8,26.5,27.2,26.4,0,0,0,0,0
29-06-23,115,14,55,19,79,94,93,95,94,94,26.5,26.7,27,26.8,26.5,0,0,0,0,0
30-06-23,36,18,17,31,10,91,89,92,88,89,27.3,27.6,27.3,28,27.8,2.8,0.3,0,1.9,1.2
1/7/2023,91,31,28,4,12,93,96,92,89,92,26.9,25.9,27.6,28.3,28.5,0,0.6,2.1,1.5,1.2
2/7/2023,80,74,26,3,15,89,90,88,87,90,29.2,28.1,29.9,29.4,29.3,0,0,0.4,2,2.8
3/7/2023,10,33,0,2,5,83,84,84,84,83,30.1,29.2,30.4,30.1,30.5,1.6,3.5,4.9,1.4,4.2
4/7/2023,2,1,0,11,0,71,77,79,81,79,31.6,31.2,30.9,30.7,30.5,8.5,6.8,10.7,9.4,10
5/7/2023,1,0,0,0,0,75,74,81,84,86,30.6,31,30.1,29.4,29.6,6,7.2,8.6,5.6,4.4
6/7/2023,3,0,0,9,3,81,84,89,90,93,29.2,29.2,28.7,28.5,27.5,2.9,4.8,2.8,1.3,0
7/7/2023,11,14,40,15,22,81,81,85,87,85,29.5,29.4,29.4,28.9,29.2,1.6,5.7,4.6,3,4.7
8/7/2023,11,29,4,20,24,74,77,84,84,84,30.6,30.4,29.8,29.6,29.7,7.3,7,8.8,6.2,7.2
9/7/2023,0,2,0,1,3,80,86,86,80,78,30.2,29.3,30.1,30.4,30.7,1.3,3.1,3.8,7.3,10.3
10/7/2023,1,21,4,0,0,78,80,83,85,89,30.3,30.2,30.1,29.8,28.9,3.9,4.7,7.5,0.4,2.9
11/7/2023,3,13,0,23,11,76,80,84,84,84,30.3,30.1,30.1,29.3,29.4,4.9,5.1,4.7,0.4,0.6
12/7/2023,0,0,0,0,0,76,78,83,89,83,30.1,29.9,30,28.2,29.3,5.3,5.2,9.5,3.2,5.3
13-07-23,1,4,0,21,0,77,85,89,86,82,30.2,29.5,29.4,29.2,30,3.1,2.2,3.6,2.1,6.8
14-07-23,1,6,4,1,0,80,84,86,84,83,29.9,29.4,29.7,29.7,29.6,3.6,2.9,8.7,3.6,4.3
15-07-23,6,145,41,6,0,75,82,88,85,85,29.6,29.2,28.8,28.8,28.7,4.1,4.5,3.5,2.9,3.7
16-07-23,1,3,7,1,1,84,80,85,88,90,28.4,29.2,29.1,28.5,28.1,0.3,2.9,5.3,0.8,1.6
17-07-23,0,3,1,14,7,74,78,85,83,82,30.4,30.3,29.5,29.7,29.7,5.4,4.9,7.1,4.7,6.1
18-07-23,0,1,0,0,2,68,76,78,80,81,31.7,31.2,30.8,30.4,30.1,8.3,8.5,9.3,9,8
19-07-23,0,0,0,0,1,69,71,79,80,83,31.6,31.6,30.8,30.6,29.9,7.8,10.2,10.7,8.7,8.5
20-07-23,0,0,0,0,9,68,71,74,81,79,31.6,31.6,31.1,30.7,30.4,9.1,10.8,11.7,9.6,9.1
21-07-23,0,0,0,0,4,67,75,78,82,90,31.8,31,30.5,30.9,28.4,6.4,3.1,7.2,9.6,3.5
22-07-23,0,0,0,0,28,65,80,77,81,83,31.8,30.3,30.5,30.9,29.6,7.6,5.5,11,9.4,9.2
23-07-23,0,4,0,0,0,70,74,81,86,79,31.5,31.3,30.5,30.9,30.5,3,6.8,7.7,7,6.5
24-07-23,0,0,1,0,1,65,72,80,83,83,32.1,31.3,30.8,30.9,29.6,6.4,4.9,10.2,8.5,6.7
25-07-23,0,0,0,0,3,67,75,76,86,85,32.1,31.3,30.8,30.3,29.2,8,6.8,10.4,8.3,7.1
26-07-23,0,0,0,0,8,70,76,88,85,89,31.2,30.3,29,29.9,28.4,5,4.7,5.8,6.5,6.2
27-07-23,5,2,7,18,18,79,77,83,92,90,29.9,30.5,29.9,29.1,28.8,2.3,6,5.8,2.5,2.6
28-07-23,4,0,0,13,16,78,71,79,85,82,30.4,31.3,30.6,29.8,29.8,5.5,9,8.9,5,8.5
29-07-23,12,0,1,0,0,75,76,86,87,88,30.9,30.9,29.8,29.9,29.3,3.6,5.6,2.7,1.9,3.7
30-07-23,0,0,19,14,1,67,69,79,78,82,32.5,33.1,31.7,31.6,30.7,6.5,8,10.8,7.8,10.4
31-07-23,1,56,2,2,0,75,77,82,80,80,31.3,31.7,31.3,31.4,30.5,6.9,7.9,6.3,7.2,5.4
1/8/2023,5,44,8,0,40,70,72,85,91,87,31.1,30.8,29.8,28.8,29.1,5.4,8.2,6.5,3.8,3.5
2/8/2023,5,2,19,29,33,88,85,86,89,88,28.3,28.7,28.7,28.8,27.9,0.1,1.4,1,0.5,0
3/8/2023,19,0,3,9,6,84,84,88,90,92,29,29.1,28.8,28.2,27.8,0,0.1,0.1,0,0.6
4/8/2023,5,10,3,0,7,90,87,90,95,89,28,28.8,28.2,27.3,28,0.4,1.6,0.6,0,0.4
5/8/2023,55,18,3,43,11,81,89,86,89,89,29.4,28.3,29.4,28.7,28.4,8.1,0.7,4.3,1.2,3.2
6/8/2023,5,29,7,23,12,91,92,92,95,95,27.8,27.7,27.7,26.9,27.4,0,0,0,0,0
7/8/2023,18,2,4,120,8,95,94,95,94,96,27.4,27.4,27.6,27.5,26.9,0,0,0,0,0
8/8/2023,54,140,12,54,19,91,93,88,90,91,27.3,27,28.2,27.7,27.3,0,0,0,0,0
9/8/2023,7,48,1,0,2,84,79,89,92,85,28.8,29.8,28.3,27.8,28.4,3.6,5.5,4.3,1.3,5.4
10/8/2023,38,0,29,4,0,86,82,90,91,89,28.4,29.2,28.1,28.2,27.9,1.2,4,3.3,1.2,0.6
11/8/2023,60,13,40,20,4,87,83,86,90,88,28.8,29.5,29.3,28.8,28.5,0,2,1.9,0,0
12/8/2023,5,0,0,1,1,86,87,88,89,86,28.8,28.8,28.7,28.9,28.5,1.1,1.9,2,0.1,1.3
13-08-23,56,48,6,6,10,93,93,92,93,93,27.3,27.2,27.8,27.7,27.3,0,0.1,0,0,0.2
14-08-23,21,10,8,51,53,89,82,87,89,93,28.3,29.6,29.2,28.7,27.6,2.6,3.2,0.2,2,0.8
15-08-23,7,0,0,0,4,87,82,89,87,83,29.5,30.2,29.4,29.5,30.1,0.7,1.6,0.9,2.1,3.1
16-08-23,24,0,7,0,0,87,87,89,89,87,29,29.4,29.8,29.1,29.7,0,0.5,2.4,1.9,0.2
17-08-23,46,16,44,56,0,73,87,81,85,79,31.2,29.4,30.9,29.8,30.3,5.8,7.6,7.1,6.9,6.7
18-08-23,0,1,1,0,0,71,78,75,86,84,30.8,31.2,30.5,28.1,28.8,7.2,8.5,10.3,10,6.5
19-08-23,1,0,0,2,1,78,71,85,87,82,29.8,31.1,29.5,28.9,29.7,6.6,7.4,8.1,6.4,7.1
20-08-23,2,4,21,1,1,71,73,78,84,80,31.3,31.3,31,29.5,29.9,8.4,7.7,10.2,8.3,7.2
21-08-23,0,0,0,0,5,70,74,76,84,81,31.3,30.9,31.1,30,29.9,6.2,2.9,6.9,4.5,5.9
22-08-23,0,0,0,0,0,83,82,87,86,85,28.9,29.5,29.2,28.7,28.9,0,0.2,0.2,1,2.7
23-08-23,2,19,2,2,0,79,83,92,87,89,29.4,28.8,27.5,28.6,28,0.6,3.3,0,0.1,0
24-08-23,0,1,43,19,14,87,85,88,91,92,28.6,29.2,29,28.3,28.2,1.2,0.2,0.3,0,0
25-08-23,18,42,12,2,11,86,94,95,92,96,28.2,27.1,26.9,27.4,26.5,2,0,0,0.2,0
26-08-23,14,20,18,8,69,83,85,89,88,93,28.8,28.5,28.3,28.3,27.3,0.1,0.1,0,0.1,0.1
27-08-23,0,0,2,13,35,82,78,78,88,89,30,30.4,31,28.6,29.1,3.6,3.7,7.5,2.7,1.8
28-08-23,6,4,0,2,2,78,75,79,88,87,30.2,31.2,31,28.4,29,4.1,7.9,5.4,1.5,1.4
29-08-23,0,0,0,8,0,81,77,77,84,82,29.6,31,31,30.1,30.4,3.6,7.7,8.4,6.2,6.9
30-08-23,1,0,0,0,0,67,71,76,80,82,32.1,32.1,31.9,30.9,30.9,7.6,9,7.2,4.6,3.6
31-08-23,0,0,0,0,0,83,72,79,86,81,30.2,31.9,31.3,29.8,30.9,0.3,5.8,5.4,3.2,5.1
1/9/2023,13,0,0,0,0,84,76,86,87,86,29.8,31.7,30,28.9,29.3,4.3,5.7,3.5,1.6,2
2/9/2023,2,0,15,14,0,84,83,84,85,83,29.8,31.1,30.2,29.6,30.4,4.2,2.1,3,2.5,0.7
3/9/2023,55,44,10,5,3,76,81,84,87,88,30,29.9,29.9,28.8,28.4,5.8,4.6,5.8,2.3,0.8
4/9/2023,34,0,7,3,10,81,84,82,82,86,30,30.4,30.1,30.1,29.4,3.5,0.5,6.3,4.3,2.2
5/9/2023,1,0,0,0,0,73,74,82,85,85,31.9,32.3,30.9,30,30.1,7,9.2,8.5,7,4.7
6/9/2023,0,0,8,7,0,75,77,77,81,81,31.1,31.4,31.2,30,30.1,4.2,4.4,6.7,5.1,4.6
7/9/2023,8,3,1,18,7,79,83,87,88,97,29.7,29.4,28.9,28.4,27.2,4.4,5.4,3.7,1.5,0
8/9/2023,5,56,8,5,42,80,85,89,92,94,29.2,29,28.5,27.8,27.3,3,0.3,0.4,0.1,0
9/9/2023,0,10,0,3,1,79,81,82,84,83,30,30.3,30.2,29.9,29.6,2.7,3.2,5.6,5.4,5.3
10/9/2023,0,0,0,0,0,80,80,81,82,81,30.3,30.8,31,30.6,30,1.9,5.5,6.7,5.7,5.4
11/9/2023,0,0,0,0,0,87,86,86,89,88,28.9,29.5,29.8,29.1,29,1.8,1.5,2.5,0.6,1.3
12/9/2023,43,5,0,5,0,85,84,87,86,90,28.9,29.9,29.6,29.8,28.9,1.9,0.3,3.2,6.4,2.8
13-09-23,29,0,0,3,20,73,81,79,81,83,30.5,30.7,30.2,29.5,29.1,7.1,7.4,9.9,7.5,8.5
14-09-23,0,0,0,8,4,75,80,84,87,91,29.9,30.5,29,28,28,4.9,9.3,6.6,0,0.7
15-09-23,0,0,0,10,4,74,75,83,87,86,30.6,30.4,29.7,28.7,28.8,5.5,5,5.2,2,0.8
16-09-23,0,0,0,1,1,72,77,83,83,85,31.7,31.1,30.5,30.4,29.6,6.5,7.9,9.1,9.4,8.1
17-09-23,0,0,0,0,0,76,75,77,82,82,30.6,32.1,30.9,30.3,30.5,5.9,7,8.6,6,4.8
18-09-23,22,0,1,4,6,80,78,88,90,91,29.1,29.6,28,27.2,27.1,1.6,4.6,4.7,2.2,1.8
19-09-23,21,0,3,39,27,92,84,93,93,96,27.4,28.4,27.5,27.1,26.4,2.2,2.1,0,0,1.4
20-09-23,12,10,33,43,36,86,84,91,93,94,27.9,28.4,27.6,26.6,27.4,0.9,0.5,0.5,0,1.4
21-09-23,24,1,8,20,7,87,90,89,87,90,27.6,27.4,28.1,28.9,28,3.8,2.7,2.6,2.9,2
22-09-23,122,12,10,5,2,82,86,88,89,90,29.4,28,28.4,28.8,28.4,4.5,3.1,3.6,2.1,3.6
23-09-23,2,5,20,13,4,85,85,91,92,95,28.1,27.8,28,27.5,27.1,1.7,0.3,2.2,1.6,1.7
24-09-23,11,7,5,22,16,81,88,91,91,87,29,27.8,27.7,27.5,27.7,5.4,3,3.4,3.4,4.2
25-09-23,0,4,20,23,0,77,86,88,88,86,29.9,28.1,28.6,28.1,28.6,5.6,3.1,3.3,4.5,5.5
26-09-23,1,5,39,1,0,81,82,80,83,82,29.8,29.7,30.4,29.7,29.6,2.2,6.6,9.4,8.4,9
27-09-23,0,0,0,0,0,79,81,83,87,86,30.5,30.4,31,29.4,29.6,0.9,6,7.2,1.7,3.9
28-09-23,0,0,0,0,0,68,77,77,82,84,32.3,31.4,31.9,30.9,30.7,7.8,9,9.5,5.1,6.4
29-09-23,0,0,0,0,0,75,78,86,88,90,30.8,31.5,29.8,29,28.3,1.5,4,0,0,0
30-09-23,8,4,2,0,1,72,82,86,89,90,30.1,29.4,28.5,28,27.8,4.7,3.7,1.7,2.3,0.8
1/10/2023,0,3,2,18,11,75,79,84,88,92,30.4,29.6,29,28.6,27.5,6,8.3,7.8,6.4,2.7
2/10/2023,0,0,3,17,9,75,85,85,89,93,29.9,28.7,28.8,28.3,26.9,4.4,4,6,4.8,2.1
3/10/2023,7,8,1,7,4,82,85,88,92,92,28,27.9,28.1,27.1,27.1,1.6,3.5,2.9,0.5,0.4
4/10/2023,18,5,14,27,5,89,90,94,94,97,27.1,27.2,27.1,26.6,25.9,0,0,0,0,0
5/10/2023,43,16,5,29,16,92,96,96,93,93,27.4,26,27,27.4,27.4,0,0,0,1.8,2.6
6/10/2023,65,230,232,16,34,93,90,92,93,88,27,27.1,28.2,28.5,27.9,0,0.3,1.2,2.7,8.3
7/10/2023,125,2,4,1,0,84,85,85,90,85,29.1,28.8,29.4,28.6,28.7,2.7,2.4,5.2,3.1,5.5
8/10/2023,0,0,0,4,0,78,81,83,83,83,29.9,29.2,29.9,29.4,29.5,7.6,8.6,9.8,8.6,3.2
9/10/2023,0,0,0,0,0,78,83,84,86,89,30.1,29.3,30.2,29.7,28.6,4.8,5.8,7.6,6.4,5.9
10/10/2023,0,0,0,0,1,77,84,81,84,83,29.2,28.6,29.3,29.5,29.3,4.7,3,5.8,6.4,5.3
11/10/2023,0,0,15,5,0,73,82,84,88,83,30.1,29.3,29.5,28.1,29.5,5.4,5.2,4.9,3,3.2
12/10/2023,0,0,0,0,0,71,77,81,80,80,30.3,29.6,29.1,29.6,29.9,6.4,7.7,8.1,7.5,6.4
13-10-23,0,0,8,0,0,69,75,80,81,81,29.1,28,28.5,28.8,28.7,7.6,8.4,7.4,9.4,7.4
14-10-23,0,0,0,0,0,65,74,74,83,75,29.4,28.4,29.2,28.6,28.8,7,8.4,9.6,9.3,7.7
15-10-23,0,0,0,0,0,72,76,76,84,78,28.3,28.1,28.6,27.9,27.9,0.9,9,8.9,8.3,7.8
16-10-23,0,0,0,0,0,74,76,77,80,77,28.7,28.3,28.1,27.8,27.4,5.2,7.9,8.5,9.2,8.4
17-10-23,0,0,0,0,0,80,77,79,85,79,27.4,28.1,28.1,27.5,27.4,5,8.3,7.6,5.4,5.2
18-10-23,7,0,0,0,0,68,78,79,82,84,28.7,27.7,27.8,27.5,27.6,7,8.1,8.2,8.3,6.2
19-10-23,0,0,0,0,0,66,77,76,82,81,28.8,27.2,27.6,27.3,26.7,7.8,8.3,9.1,8.6,7.7
20-10-23,0,0,0,0,0,60,73,71,78,78,28.7,27.2,27.5,26.8,26.1,8.2,8.6,9.6,9.6,8.5
21-10-23,0,0,0,0,0,61,76,71,76,79,29,27.2,27.9,27.2,26.3,8,8.6,9.5,9.6,7.5
22-10-23,0,0,0,0,0,73,78,80,80,81,28.4,26.9,27.7,27.5,27.6,4,5.9,3.3,5.6,5.2
23-10-23,2,0,0,0,0,87,86,83,87,81,25.9,25.8,27.5,26.8,26.4,0.6,4.4,1.2,1.2,0.9
24-10-23,59,8,2,1,0,80,80,83,87,84,26.8,26.6,26.8,26.2,26,0.6,4.1,3.1,0,0.9
25-10-23,0,0,0,0,0,72,75,79,82,81,27.9,27.6,27.6,27.5,27,3.8,7.9,6.5,6.1,6.2
26-10-23,0,0,0,0,0,73,79,76,79,80,28.2,27.1,27.6,27.5,27.3,7.4,8.5,9.5,9.4,8.3
27-10-23,0,0,0,0,0,65,74,77,79,81,27.8,26.5,26.9,26.7,26.3,7.5,8.5,6.5,8.9,5.2
28-10-23,0,0,0,0,0,57,73,75,78,75,27.3,25.8,26.5,26,25.7,8,8.2,8.5,8.1,8
29-10-23,0,0,0,0,0,57,72,70,77,77,27.5,25.6,26,25.1,24.9,8.1,8.8,8.6,8.9,7
30-10-23,0,0,0,0,0,69,77,78,79,79,27,25.9,26.4,25.3,25.1,4.7,7.5,8,9.3,8.2
31-10-23,0,0,0,0,0,64,76,73,78,81,28.2,26.6,27.3,26.4,25.6,7.9,8.3,8.9,8.7,7.7
1/11/2023,0,0,0,0,0,62,73,72,79,76,29.4,27.4,28.6,27,26.8,8.1,8.8,10.8,9.2,8.1
2/11/2023,0,0,0,0,0,59,73,71,78,77,28.8,27.1,28.4,26.9,27.1,8.1,8.8,9.3,9.5,7.9
3/11/2023,0,0,0,0,0,64,72,77,79,79,27.9,26.7,27.8,26.9,26.8,7.4,8.2,6.6,7.9,5.1
4/11/2023,0,0,0,0,0,64,74,75,82,81,27.8,26.5,27.8,26.6,26.8,6.3,7.7,5.7,4.1,3.2
5/11/2023,0,0,0,0,0,66,75,73,81,80,26.8,25.8,26.9,26.2,25.8,5.2,7.5,4.3,2.7,3.5
6/11/2023,0,0,0,0,0,58,75,72,76,73,26.5,24.5,25.4,24.6,24.4,8,8.7,9,8.9,7.1
7/11/2023,0,0,0,0,0,65,77,75,77,73,26.2,24.7,25,24.3,24.1,7.1,7.5,7.1,8.2,2.8
8/11/2023,0,0,0,0,0,65,76,76,78,76,26.1,24.2,24.5,23.6,23.3,7.2,8,6.4,7.9,5.1
9/11/2023,0,0,0,0,0,64,76,73,77,78,25.8,24.1,24.5,23.7,23.2,7.5,7.8,8.3,8.5,7.1
10/11/2023,0,0,0,0,0,60,74,72,76,79,26.1,24.2,24.5,23.5,22.7,7.5,8.2,8.1,8.2,5.4
11/11/2023,0,0,0,0,0,66,76,73,79,79,25.7,24.4,24.8,23.6,22.8,7.4,8.7,8.4,8.9,7.2
12/11/2023,0,0,0,0,0,67,74,74,80,80,26,24.5,25.3,24.3,23.5,7.1,8.7,9.1,8.5,7.7
13-11-23,0,0,0,0,0,66,76,76,78,78,25.9,25,25.4,24.6,23.7,6.1,8.7,8.6,8.6,7.9
14-11-23,0,0,0,0,0,60,75,73,79,78,26,24.1,24.9,24.3,23.7,6.5,8.4,8.7,9.1,8.2
15-11-23,0,0,0,0,0,55,75,69,75,74,27.2,24.5,25.6,24.7,24.7,6.3,7.3,8.5,6.5,6.1
16-11-23,0,0,0,0,0,81,90,87,93,91,25.2,23.4,24.3,23.9,23.5,0,0,0,0,0
17-11-23,2,2,3,43,15,93,83,89,93,97,21.9,23.4,23,21.9,21.4,0,0.9,0,0,7.7
18-11-23,30,1,2,63,49,76,79,81,85,86,24.9,24.3,24.3,24,23.2,6.7,8.4,8.6,8.7,7.7
19-11-23,0,0,0,0,0,77,78,81,81,85,25.7,25,25.4,24.6,23.8,4.6,8.4,8.4,7.4,8.1
20-11-23,0,0,0,0,0,70,80,79,84,84,26.2,24,25.2,24.6,24.3,4,6.4,7.1,5.5,4.4
21-11-23,0,0,0,0,0,72,78,81,84,84,25,24.1,24,23.8,23.3,2.3,7.7,5.6,5.5,3.1
22-11-23,0,0,0,0,0,60,73,76,79,79,24.6,22.6,23.1,22.4,21.7,4.9,7.1,5.7,7.9,5.5
23-11-23,0,0,0,0,0,65,77,74,81,77,24,22.4,22.8,21.3,21,3.8,7,7.2,6.6,6.1
24-11-23,0,0,0,0,0,69,77,79,81,79,23.8,23,23.5,22.3,21.6,5.1,7.6,8.2,7.9,5.3
25-11-23,0,0,0,0,0,67,75,79,82,81,23.7,22.7,23.2,21.7,22,5.7,7.6,7.6,9.1,7.6
26-11-23,0,0,0,0,0,67,75,74,81,79,24.3,22.8,23.4,21.8,21.4,5.8,8.5,9.7,6.2,8.1
27-11-23,0,0,0,0,0,68,71,74,83,80,25.8,24.8,25,22.5,22.7,5.7,8.6,8.1,9,5.3
28-11-23,0,0,0,0,0,65,75,74,82,79,26.1,24.7,24.5,23.4,22.6,5.5,7.8,8.5,7.7,0.3
29-11-23,0,0,0,0,0,74,77,79,84,84,24.8,23.9,24.5,23,22.1,0.8,3.6,2.6,7.3,0.3
30-11-23,0,0,0,0,0,68,76,80,83,82,25.1,23.4,23.6,23,23,5.8,7.7,7.9,8.5,6.4
1/12/2023,0,0,0,0,0,59,75,72,78,79,25.6,22.8,23.8,23.6,22.5,5.9,8.4,3.8,8.8,7.8
2/12/2023,0,0,0,0,0,62,73,74,75,79,25.1,23.2,23.5,23.2,22.6,5.4,8.2,7.3,7.4,7.6
3/12/2023,0,0,0,0,0,63,76,79,80,81,25,22.8,23,23,22.5,4.3,7.5,5.4,6,4.7
4/12/2023,0,0,0,0,0,63,76,79,87,85,25.4,23.4,23.8,23,22.6,1.4,5.1,2,0.3,0
5/12/2023,0,0,0,0,0,68,82,80,85,76,24.8,23.2,23.4,22.6,23,0,0,0,0,0
6/12/2023,0,1,0,0,0,77,83,84,86,78,24.2,23.3,23,23.3,23.3,0,0,0,0,0
7/12/2023,10,3,17,2,0,96,94,95,94,91,20.2,20.6,20.3,20.8,20.4,0,0,0,0,0
8/12/2023,46,39,55,36,48,88,92,90,90,93,21.2,20.2,20.9,21.2,19.9,0,0.9,0,0,0.1
9/12/2023,1,2,1,0,0,80,89,88,89,87,21.8,20,21.1,20.5,20.8,3.8,3.4,3.2,5.6,5.7
10/12/2023,0,0,0,0,0,82,87,87,90,85,20.3,19,19.4,19.2,19,9.3,4.5,5,0,4.1
11/12/2023,0,0,0,0,0,85,91,82,86,80,19.7,17.9,19.7,19.1,18.6,5,0.9,5.6,5.9,6.3
12/12/2023,0,0,0,0,0,87,89,85,91,90,19.4,18.5,20,18.9,18.8,2.2,2.8,5.5,7.1,1.7
13-12-23,0,0,0,0,0,73,80,76,82,80,19.7,18.7,18.8,18.7,18.8,5.5,6.4,7.2,0,8
14-12-23,0,0,0,0,0,65,78,78,79,77,19.6,17.7,17.9,17.4,17.5,0,6.8,6.7,6.4,4.6
15-12-23,0,0,0,0,0,68,79,79,79,78,20.1,18.3,18.8,18.3,17.4,5.4,7.2,4.9,6.3,5.2
16-12-23,0,0,0,0,0,70,79,74,82,80,20.3,18.6,18.9,18.5,17.7,4.4,7.4,7.1,7.4,6.2
17-12-23,0,0,0,0,0,67,79,79,82,81,20.7,18.6,19,18.3,17.4,5,7.5,7.8,7.3,5.7
18-12-23,0,0,0,0,0,69,79,77,81,81,21.2,18.8,20,19,18.3,3.7,6.5,7.3,6.6,6.9
19-12-23,0,0,0,0,0,66,77,74,79,80,21.2,19,19.7,18.2,18,4.8,7.4,7.5,7.6,6
20-12-23,0,0,0,0,0,70,80,74,81,79,21,18.8,20,18.5,18.1,5.3,7.1,8.3,6.5,7
21-12-23,0,0,0,0,0,71,79,77,81,81,21.5,19.5,20,19,17.9,3.1,7.3,8.1,6.1,6
22-12-23,0,0,0,0,0,75,80,79,82,83,21.4,20.4,20.6,19.1,19,2.5,6.9,7.9,7.4,4.3
23-12-23,0,0,0,0,0,77,87,84,89,88,21.2,19.7,20.2,19.2,19.1,1.5,0.4,4.1,3,2.7
24-12-23,0,0,0,0,0,76,84,86,87,90,21.6,19.5,19.9,19.5,18.8,2.5,5.4,2.7,6.1,1.3
25-12-23,0,0,0,0,0,76,82,86,86,86,21.6,19.7,20,19.8,19.4,3,5.5,0.7,1.2,0.9
26-12-23,0,0,0,0,0,79,86,86,87,85,21.2,19.4,19.7,19.6,19.4,1.8,3.7,0,0.4,3.9
27-12-23,0,0,0,0,0,76,83,85,86,85,21.8,20.1,20,19.6,19.3,2.5,6.2,4.1,2.3,2.5
28-12-23,0,0,0,0,0,74,80,83,85,84,21.8,20.7,20.4,19.7,19.6,3.4,6.9,7.2,2.7,4.4
29-12-23,0,0,0,0,0,76,80,78,82,80,21.8,20.6,21.2,20,19.8,4.8,7.1,9.2,6.9,6.8
30-12-23,0,0,0,0,0,68,79,80,81,79,22.8,20.8,21.1,20.1,20.3,3,7.2,8.8,7.1,7.1
31-12-23,0,0,0,0,0,84,90,92,90,91,19.2,17.1,17,17.8,17.3,2.8,1.1,0,1.9,0.7
1/1/2024,0,0,0,0,0,77,88,90,91,91,19.6,16.8,17.4,16.9,16.5,5.2,3.2,4.5,1.1,2.7
2/1/2024,0,0,0,0,0,82,86,82,84,83,17.6,16.3,17.4,17.4,16.9,4.6,5.5,6.9,4.5,6
3/1/2024,0,0,0,0,0,86,92,90,90,90,17.4,15.6,16.8,16.5,16.1,2.8,1.4,4.3,7.3,3.6
4/1/2024,0,0,0,0,0,83,80,82,86,84,19,17.7,17.8,16.8,16.8,4.5,6.2,6.6,7.5,5.9
5/1/2024,0,0,0,0,0,85,81,79,87,82,18.1,17.7,18.9,17.4,17.8,4.9,7.8,7.3,7.6,6.1
6/1/2024,0,0,0,0,0,65,78,73,83,77,20.8,18.7,19.9,17.7,18.5,5.6,7.7,7.2,0,4.6
7/1/2024,0,0,0,0,0,65,78,78,81,80,21,18.8,19.7,18.9,18.2,5.4,7.6,6.7,3,5.1
8/1/2024,0,0,0,0,0,73,83,83,84,85,20.1,18.5,19,18.5,18.2,5.1,4.3,3,7.1,3.9
9/1/2024,0,0,0,0,0,80,85,87,88,87,18.5,16.9,17.2,16.8,16.2,3,3.5,3.3,8.6,3.7
10/1/2024,0,0,0,0,0,81,87,88,86,82,17.7,16.7,16.8,16.7,17.2,2.7,3.4,4.2,8.1,4.7
11/1/2024,0,0,0,0,0,76,88,85,84,83,17.3,14.8,16.3,16.8,16.3,5.4,2,4.6,8.3,4.3
12/1/2024,0,0,0,0,0,82,92,89,90,87,15.7,14.3,14.1,13.7,13.9,0,0,0,6.2,0
13-01-24,0,0,0,0,0,84,87,87,90,83,15.5,15,15.3,14.7,15.8,0,0,0,6.3,2.2
14-01-24,0,0,0,0,0,89,91,91,92,91,16,14.8,15.1,14,12.3,0,0,0,2.8,0
15-01-24,0,0,0,0,0,80,84,90,89,89,16.9,15.6,15.2,14.9,14.5,0,1.1,0.6,4.5,0
16-01-24,0,0,0,0,0,84,88,87,84,83,15.7,14.4,14.7,14.9,14.6,0,0.5,0,7.8,3
17-01-24,0,0,0,0,0,90,88,92,92,91,14.6,14.8,13.7,14.3,14.1,0,3,0,8.8,0
18-01-24,0,0,0,0,0,77,85,88,92,95,17.8,16.8,16.8,15.5,15,3.2,4.6,0.4,8.3,0
19-01-24,0,0,0,2,12,69,80,83,86,84,19.7,17.8,18.2,17.9,18.3,4.8,6.5,3.4,7.9,2.8
20-01-24,0,0,0,0,0,80,86,86,87,87,17.5,15.9,15.7,16.2,15.5,4.1,4.3,3.3,6.8,4.6
21-01-24,0,0,0,0,0,76,92,87,86,86,17.5,13.6,16,16.5,16.2,3.9,0,0,0.7,0
22-01-24,0,0,0,0,0,84,87,87,88,87,13.9,12.7,12.8,13,12.4,0.5,3.4,0.8,3,1.5
23-01-24,0,0,0,0,0,80,83,83,89,81,16.3,14.8,15,14.5,14.6,5.4,6.2,6.2,6,7.3
24-01-24,0,0,0,0,0,77,85,84,89,86,17.8,16.4,17.1,16.6,16.7,3.2,4,1.8,2.1,1.2
25-01-24,0,0,1,2,1,78,83,84,88,83,18.3,16.8,18.1,17.4,17.8,0.9,1.7,0.6,0.8,2.1
26-01-24,0,0,0,0,0,61,78,73,82,77,18.5,15.7,16.5,16.3,15.7,3.7,6.4,6.5,2.5,5
27-01-24,0,0,0,0,0,59,74,70,84,73,18,15.5,16.4,15.3,14.6,6,7.4,7.5,8.2,6.4
28-01-24,0,0,0,0,0,51,67,67,83,73,18.5,15.5,16.6,15.7,15.5,6.4,8.3,7.9,8.5,7
29-01-24,0,0,0,0,0,56,71,69,74,72,18.3,16.5,17.4,16.3,16.7,5.3,7.9,8.9,8.8,6.4
30-01-24,0,0,0,0,0,64,74,74,81,71,20,18.3,19.2,18,19,5.3,7.1,6.2,5.8,3.2
31-01-24,0,0,0,1,1,65,77,80,83,87,21.8,20.5,21.1,19.9,20,0,3.7,4.3,1.1,0.5
1/2/2024,0,0,0,0,17,76,79,87,89,87,21.6,21.2,20.2,19.9,20.4,3,4.3,0,1.1,0.3
2/2/2024,0,0,4,3,0,77,81,85,88,85,21.7,20.8,20.7,21.1,21.5,3.6,5.8,4.2,4.5,4.6
3/2/2024,0,0,0,0,0,56,68,68,84,76,21,18.8,19.7,19.7,19.8,6.6,7.8,8.2,7.3,5.9
4/2/2024,0,0,0,0,0,55,65,65,82,70,20.9,19.2,20,18.7,19.7,6.8,8.7,8.8,7.5,6.8
5/2/2024,0,0,0,0,0,58,71,66,76,73,22,19.8,21.8,20.2,21.1,6,6,6.9,7.6,6.5
6/2/2024,0,0,0,0,0,71,79,82,82,82,21.7,20.1,20.1,21.1,21.6,6,1,0,0,0
7/2/2024,0,0,0,0,0,56,64,72,80,77,20.9,19.3,19.5,18.8,19,7.4,8.3,7.2,3,2.3
8/2/2024,0,0,0,0,0,50,69,66,81,71,19.6,17.8,18.3,17.9,17.3,8,8.8,9.1,7.1,7.8
9/2/2024,0,0,0,0,0,48,69,63,68,70,20.4,17.8,18.4,18.5,16.9,8.1,8.8,9.9,8.6,8.1
10/2/2024,0,0,0,0,0,56,74,70,78,75,21.5,18.5,19.1,18.6,18.2,7.6,7.9,8.4,8.1,7
11/2/2024,0,0,0,0,0,56,72,71,76,75,22.4,19.8,20.3,19.5,18.9,8,7.9,8.8,8.3,7.7
12/2/2024,0,0,0,0,0,54,67,70,75,76,21.9,19.8,20.5,20.1,19.7,5.5,6.7,6.8,6.2,5.2
13-02-24,0,0,0,0,0,50,66,64,71,72,22.9,20.9,21.8,20.7,21,8,8,6.4,6.3,4.7
14-02-24,0,0,0,0,0,57,72,73,73,76,23.1,21.5,21.9,21.6,21.2,2.8,3.1,3.9,2.8,3
15-02-24,0,0,0,0,0,63,75,75,80,75,24.4,22.8,22.8,21.7,21.8,6.8,5.2,5,4.5,4.1
16-02-24,0,0,0,0,0,58,72,73,83,79,24.5,22.5,22.7,21.8,21.8,7.3,6.6,7.7,7.8,3.6
17-02-24,0,0,0,0,0,60,70,71,77,75,22.9,21.4,21.3,20.3,20.4,7.7,7.8,9.3,8.8,7.1
18-02-24,0,0,0,0,0,60,65,68,77,74,22.9,21.9,22,20.6,21.3,6.8,8,7.1,8.3,6.9
19-02-24,0,0,0,0,0,57,68,78,78,78,24.2,23.1,23.2,22.5,22.1,7.2,8.1,5.1,8,2
20-02-24,0,0,0,0,0,73,83,82,86,83,24.8,24.1,25.1,24.3,25.3,1.5,0,0.4,6.8,2.9
21-02-24,0,0,0,0,0,66,70,72,77,76,26.2,24.8,25.9,25.2,25.5,6.9,6.5,7.8,5.7,6.3
22-02-24,0,0,0,1,0,82,80,82,88,84,23.3,22.6,23.9,23.7,24.6,1.2,2,0.7,2.8,0.9
23-02-24,16,2,2,48,6,72,74,77,82,80,22.6,22.3,21.8,21.6,21.4,2.5,5.7,4.5,3.5,4.1
24-02-24,0,0,0,0,0,62,69,74,76,75,24.3,23,23.2,22.9,23,6.8,7.1,5.5,6.6,5.6
25-02-24,0,0,0,0,0,58,81,74,74,74,21.9,19.5,20.7,21.2,20.7,2,2.1,0.6,3.9,1.5
26-02-24,0,8,0,0,0,46,69,62,72,66,23.5,21.3,22.1,20.9,21.1,8,8.6,9.1,8.8,7.9
27-02-24,0,0,0,0,0,46,69,60,67,65,23.8,21.7,22.5,21.9,21.7,5.6,6,6.9,7.1,5.4
28-02-24,0,0,0,0,0,52,67,65,69,67,24.4,22.5,23.2,22,23.3,7.1,8.4,8,8,4
29-02-24,0,0,0,0,0,57,67,68,73,67,24.4,22.5,23.1,22.4,22.8,6.9,8.3,9.6,0,7.5
1/3/2024,0,0,0,0,0,49,61,60,70,67,24.6,22.4,23.7,22.6,22.1,7.9,8.6,9.6,8.4,8.3
2/3/2024,0,0,0,0,0,47,62,64,69,65,24.8,22.9,23.9,22.7,22.9,7.9,8.6,9.6,9,7.9
3/3/2024,0,0,0,0,0,51,65,60,69,63,26.1,24.4,25.7,24.4,24.4,7.6,6.5,8.7,8.5,7.2
4/3/2024,0,3,0,0,0,62,80,73,79,73,24.9,22.9,24,22.7,24,2.8,3.9,4.4,3.6,3.4
5/3/2024,0,0,0,0,0,53,67,65,71,70,25.5,23.5,25.1,24.6,24.1,8,8.5,9.6,8.9,8.3
6/3/2024,0,0,0,0,0,44,60,55,70,62,23.3,21,22.5,22.3,22.6,8.7,9.8,10.5,9.8,8.2
7/3/2024,0,0,0,0,0,40,59,64,69,65,24.2,21.3,22.1,22.1,22.1,8,9.2,7.6,4.6,2.7
8/3/2024,0,0,0,0,0,43,59,59,70,60,24.5,22.5,23.3,22.8,22.3,9,9.7,10,9.2,8.6
9/3/2024,0,0,0,0,0,42,59,60,66,58,24.5,22.3,22.9,22.5,21.7,8.7,9.3,9.6,5,8.4
10/3/2024,0,0,0,0,0,44,58,59,66,58,24.3,22.4,22.8,22.8,21.9,9,10,8.8,9.3,8.7
11/3/2024,0,0,0,0,0,48,64,55,67,61,25.2,23.3,23.4,22.3,22.5,8.8,9.5,10.1,9.5,8.7
12/3/2024,0,0,0,0,0,60,62,69,73,77,27.4,25.3,26.4,25,26.3,7.8,9.1,7.9,8.2,4.8
13-03-24,0,0,0,0,0,58,61,63,71,69,28.5,26.8,27.8,27.6,27.9,7.3,8.4,8.1,8,6.4
14-03-24,0,0,0,0,0,80,74,83,84,80,25.9,27.1,26.3,25.8,26.2,1.5,5.4,0.2,0.8,0.6
15-03-24,12,0,7,22,0,63,67,72,73,68,28.2,27.2,27.3,27.8,28.4,7.9,9.1,8.5,8.3,6.8
16-03-24,0,0,0,0,0,61,63,73,73,74,28.4,28,26.6,27.4,26.4,8.5,8.4,8.6,8.4,4.8
17-03-24,2,0,3,0,1,59,64,68,70,72,27.7,27.5,26.8,26.8,26,7.8,8.8,7.8,6.2,4.4
18-03-24,0,0,0,0,0,58,70,72,72,78,28.4,27.5,27.3,26.4,26.1,0.5,3.2,1,1.4,0.5
19-03-24,0,0,0,0,0,60,71,65,81,78,26.9,25.3,27.4,26.2,26.2,3,0.9,2.3,0.1,0.1
20-03-24,13,17,1,1,1,77,90,85,77,81,23.2,21.3,22.5,23.7,22.5,1,0,0,0.5,0
21-03-24,4,19,1,2,1,76,79,74,81,81,22.4,22.4,23.2,22.2,21.9,1,2.5,4.1,2.4,1.1
22-03-24,16,1,0,9,7,69,74,72,73,76,24,23.2,23.8,23.5,23.3,6.4,6.2,6.1,6.9,4.5
23-03-24,0,0,0,0,0,66,70,69,77,73,26.3,24.9,26.4,26,26.7,8.3,8.9,8.5,9.3,8.1
24-03-24,28,0,0,0,0,81,79,73,81,70,24.4,25.4,27.9,26.2,28.9,2.9,6,5.5,7.2,5.5
25-03-24,8,0,0,34,0,72,80,71,80,71,27.8,26.5,28.8,26.7,27.6,7.5,4,7.5,6.2,6
26-03-24,0,3,0,0,0,66,71,63,75,66,27.2,25.9,27.4,26.7,26.9,7.2,8,8.3,9.1,8.2
27-03-24,0,0,0,0,0,72,72,76,80,77,27.5,26.8,26.8,26,27.6,5.6,4.9,2.1,4.6,4.8
28-03-24,1,0,0,6,5,74,71,75,79,82,26.9,27.2,26.9,27,26.7,3,7.9,2.1,2.4,2.3
29-03-24,2,0,0,0,0,76,74,79,81,80,28.2,27.9,28.1,27.3,28.3,1.2,3.5,1.1,2.2,0.5
30-03-24,0,0,0,0,0,77,79,75,76,78,29.6,29.4,30.1,29.4,29.3,5.5,3.7,4.3,5.2,3
31-03-24,0,0,0,0,0,75,76,74,79,77,28.2,28,28.7,28,28.1,6.5,7.4,8,6.8,6.5
1/4/2024,5,5,5,8,3,66,65,63,69,67,30.9,29.8,30.7,30.6,30.2,8.3,9.3,9.1,9.2,8.5
2/4/2024,0,0,0,0,0,69,59,67,73,76,30.6,30.4,31.1,30.4,29.9,8,8.8,8,7.9,6.7
3/4/2024,0,0,0,0,0,67,60,62,75,73,30.9,30.2,31.5,30.6,30.4,8.5,8.9,9.6,8.1,7.3
4/4/2024,0,0,0,0,0,68,71,72,74,75,30.7,30.9,30.8,30.3,30,7.5,8.6,8.5,7.6,5.9
5/4/2024,0,0,0,0,0,76,75,80,84,81,30.1,30.2,30.1,29.5,29.8,2.8,6.5,4.2,1.6,2
6/4/2024,0,0,0,0,0,72,74,72,78,75,31.3,31.5,31.7,30.9,31.1,7.2,8.3,7.4,8.5,6.2
7/4/2024,0,0,0,0,0,71,76,82,91,84,28.5,28.8,27.4,25.8,27,0.2,2.6,0.1,0,0
8/4/2024,0,0,1,3,4,60,76,72,78,73,27.2,25.9,25.6,26.4,26.5,1.1,1.1,0.4,3.9,3.3
9/4/2024,0,0,0,0,0,55,69,65,70,70,29,27.7,27.9,28.2,27.8,6.3,6,4.8,6.7,4.1
10/4/2024,0,0,0,0,0,64,70,70,82,80,29.3,28.5,27.9,27.2,27.6,0.2,1.7,1.9,1,0.5
11/4/2024,0,0,0,0,0,54,73,65,69,75,30.5,28.3,28.7,29.3,28.4,3.7,1.8,4.3,2.8,0.2
12/4/2024,0,0,0,0,0,43,64,56,68,58,32.1,29.8,30.4,29.2,29.3,8,9.1,9.3,7.6,4.7
13-04-24,0,0,0,0,0,48,63,60,68,64,31.6,30.6,30.2,28.8,29.2,7.8,10,8.7,6.4,7
14-04-24,0,0,0,0,0,47,58,58,74,66,31.8,31.2,30.3,28.8,29.8,6.3,9.2,7.6,7.4,7.2
15-04-24,0,0,0,0,0,45,57,52,65,62,32.7,31.6,32.2,30.1,30.6,7.8,8.9,9.8,8.3,8.4
16-04-24,0,0,0,0,0,63,63,72,74,64,30.5,30.5,29,29.5,31.2,6.6,8.3,7,8,8.2
17-04-24,12,0,23,0,0,70,67,67,73,68,29.9,30.6,31.2,30.2,31.8,7.6,6.8,8.4,7.9,7.1
18-04-24,7,0,0,0,0,68,69,71,76,72,31.5,30.8,30.4,30.8,31.6,7.8,7.7,8.3,8.2,5.6
19-04-24,0,0,0,0,0,63,54,58,72,64,32.5,32.5,32.8,31.9,32.4,8.9,7.5,10.2,9.5,8.8
20-04-24,0,0,0,0,0,61,54,58,67,62,33.4,33,33.5,32.6,33.2,9.3,10.2,10.8,10.1,9.9
21-04-24,0,0,0,0,0,69,64,66,74,73,32.6,32.9,33,32.1,32.2,8.9,8.6,9.1,8.5,8.3
22-04-24,0,0,0,0,0,67,62,61,76,70,32.7,31.8,32.5,31.9,32.1,6.3,8.3,7.3,5.2,5.6
23-04-24,0,0,0,0,0,60,52,59,68,60,33.1,32.4,32.4,31.9,32.4,7.6,8.1,10.6,9,8.9
24-04-24,0,0,0,0,0,53,53,54,63,58,33.7,32.7,32.8,32,32.6,9.4,9.6,10.9,10.2,9.6
25-04-24,0,0,0,0,0,57,60,60,73,65,33.2,32.3,33.1,31.9,32.6,9.2,10.8,10.7,10.2,7.8
26-04-24,0,0,0,0,0,70,63,68,72,70,32.6,32.9,33,32.5,32.5,8.8,10.2,9.9,8.4,8.4
27-04-24,0,0,0,0,0,69,70,73,72,73,32.6,32.6,32.6,32.3,32.2,7.5,7.3,8.5,8.9,6.7
28-04-24,0,0,0,0,0,68,62,63,74,67,33.4,33.9,34.1,32.6,33.4,9.2,9.9,9.7,9,8
29-04-24,0,0,0,0,0,62,61,58,73,62,33.8,33.8,34.2,32.5,33.7,8.3,9.8,10.1,9.5,8.9
30-04-24,0,0,0,0,0,69,67,68,72,68,33.1,33.8,33.8,33.2,33.5,9.1,10,10.3,8.4,8.2
1/5/2024,0,0,0,0,0,60,53,58,69,63,33.5,33.9,34,32.7,33.2,9,10.6,10.6,9.3,9
2/5/2024,0,0,0,0,0,58,61,65,72,71,33,32.2,33.3,31.4,32.4,9.2,10.3,10.2,6.5,4.9
3/5/2024,10,0,0,0,0,60,59,59,72,68,31.9,30.6,32.5,31.2,32.2,9,10.6,10.8,8.2,7.4
4/5/2024,0,0,0,0,0,62,64,68,73,68,32.3,31.5,32.3,31.4,32.1,5.9,4.2,6.4,7.4,5.8
5/5/2024,0,0,0,0,0,68,71,61,73,69,29.9,29.2,32,31.2,32.1,7.7,6.2,10.6,9.6,8.5
6/5/2024,36,9,0,0,0,75,77,80,87,82,25.8,25.1,26.3,25.1,26.8,3.2,1.2,2.5,2.7,2.7
7/5/2024,2,0,6,97,63,65,67,72,82,79,27.5,27.9,28.1,26.5,26.9,6,7.8,6.3,4.9,5.5
8/5/2024,2,15,28,18,18,75,80,80,85,82,26.2,25.9,26.3,25.9,26,1.2,3.6,3.8,3.1,2.6
9/5/2024,10,3,0,4,1,61,73,78,76,77,28.6,27.4,26.4,27.8,26.9,7.7,5.2,6.1,6.2,2.7
10/5/2024,0,0,17,0,1,57,71,71,74,70,29.9,28.5,28.7,28.7,28.4,8.3,7.9,10,8,6.9
11/5/2024,0,49,0,0,0,77,78,84,88,90,27.1,26.9,26.6,26.2,25.4,4.6,8,4.2,3.8,2
12/5/2024,87,38,0,3,69,69,73,74,83,87,28.6,28.3,28.2,26.4,26,7.7,7.4,8.5,4.5,2.9
13-05-24,0,0,0,2,7,74,67,72,75,78,29.2,30.7,30.2,29.7,29.5,5,11.3,9.3,10.2,8.9
14-05-24,5,0,0,0,0,66,71,68,76,72,31.6,31.4,31.5,30,30.6,5.6,7.8,10.2,10.4,9.2
15-05-24,0,0,0,0,0,62,66,69,73,74,32.4,32,31.4,31,30.8,6.2,11,9.8,9.3,9.5
16-05-24,0,0,0,0,0,57,64,66,76,73,33.3,32.4,32.2,31.4,31.7,8.2,10.9,11.1,8.2,8.7
17-05-24,0,0,0,0,0,66,70,71,76,72,33,32.4,32.5,31.4,32,8.3,6.2,8.9,9.5,6.9
18-05-24,0,0,0,0,0,78,83,82,80,77,28.6,27.6,29.8,30.1,30.7,0.1,0.7,1.1,2.7,2.7
19-05-24,0,3,0,0,0,73,77,76,85,86,29.8,30,29.8,28.6,28.6,0.6,3.9,2.6,1.3,1.9
20-05-24,0,5,0,1,15,74,74,83,85,84,28.9,28.7,28,27.7,27.2,2.5,5.7,4.1,5.2,3.6
21-05-24,0,0,2,0,0,63,67,73,77,76,31.9,30.2,30.8,30.5,30.2,6.6,6.8,9.9,9.6,7.9
22-05-24,0,0,0,0,0,74,73,82,74,77,30.9,30.8,29.6,31.1,30.6,3.1,5.5,5.8,9.2,7.7
23-05-24,4,0,19,0,0,66,66,70,74,72,31.8,33,32,31.7,31.7,7.5,9.3,9.7,10,10
24-05-24,8,0,0,0,0,56,64,70,73,73,34,33.5,33,32.2,32.3,9.8,11.1,10.5,11,10.2
25-05-24,0,0,0,0,0,68,69,67,74,72,32.7,32.5,32.9,31.6,31.5,8.6,11.2,10.3,10,9
26-05-24,1,8,0,0,0,74,71,75,84,81,30.1,30.9,30,28.9,28.6,0.7,3.7,0.8,0.6,0.1
27-05-24,9,3,29,26,44,96,94,95,93,97,26.1,26.4,26.5,26.7,25.9,0,0,0,0,0
28-05-24,224,107,56,205,167,80,79,80,83,83,29.8,29.7,30.1,30,30,3.6,5.2,4.3,2.4,2.1
29-05-24,1,1,1,0,0,78,80,82,83,80,31.7,31.3,31.7,31,31.4,4.2,2.6,4.1,1.2,0.6
30-05-24,0,0,0,0,0,74,79,79,79,80,31.9,31,31.8,31.4,31.5,4.5,1.2,7.4,5.4,4.7
31-05-24,0,0,0,0,2,73,79,80,79,83,30.2,30,29.3,29.7,28.7,2.2,0.8,6.5,1.5,2.4
1/6/2024,0,0,0,0,0,70,72,75,80,77,32.3,32,31.9,31.1,31.4,8.1,9,9.4,8.8,7.5
2/6/2024,0,0,0,0,0,70,72,74,78,79,31.9,32.1,31.6,31.7,30.2,6.7,8.6,7.7,6.1,4.6
3/6/2024,0,0,0,0,0,74,76,77,82,82,30.8,30.4,30.7,29.8,28.9,7.1,6.5,6.9,6.2,2.7
4/6/2024,1,0,0,0,0,71,80,80,83,78,30.7,29.2,30.1,29.2,30.9,6.5,5.4,6.5,5.8,4.3
5/6/2024,0,0,11,37,0,77,78,77,80,76,31.6,30.4,31.8,31.6,31.9,4.2,6.5,8.3,8.9,6.4
6/6/2024,1,47,0,0,0,75,80,79,83,76,30.7,28.9,30.9,31.5,31.8,4.3,4.4,3.2,4.1,3.2
7/6/2024,0,12,0,3,0,78,78,74,82,74,29.8,29.8,30.6,31.4,32,1.1,7,3.5,4.7,5.5
8/6/2024,9,25,0,0,0,72,83,76,79,76,31.6,30.2,32.1,32,31.9,6.1,1.4,4.7,7.5,4.6
9/6/2024,0,0,0,0,0,80,84,81,81,78,31.1,29.9,32,31.5,32,0,0,0.6,0.8,3.3
10/6/2024,0,0,0,0,0,81,82,79,82,73,29.2,28.5,30.7,31.3,32.5,0,0,0.5,1.3,3
11/6/2024,1,0,0,0,0,70,74,74,79,73,32.5,32,32.2,31.8,32.4,6.5,8.6,7.3,7.1,6.6
12/6/2024,0,0,0,0,0,73,77,76,82,78,31.9,31.9,32.1,31.3,31.8,4.5,6,6.6,1.9,2
13-06-24,0,0,0,0,0,83,81,79,82,78,28.9,29.4,30.9,30.6,31.9,0.7,0,1.8,0,2.6
14-06-24,56,39,0,0,0,84,85,81,83,78,29.7,29,31.4,30.8,31.8,0,0.9,0.6,0.2,1.9
15-06-24,0,0,0,0,0,81,84,81,84,78,31,30,31.6,31.1,31.9,0,0,0,0.4,0.6
16-06-24,0,0,0,0,0,77,80,79,80,76,32,30.9,31.6,32,32.3,2.9,0.2,1.5,3.6,0
17-06-24,0,0,0,0,0,78,81,80,80,75,31.6,31.2,31.8,31.9,32.2,0,0,0.5,0,1
18-06-24,0,0,0,0,0,84,87,84,82,75,30.4,29.2,31.7,31.5,32.2,0,0,0,0,0
19-06-24,0,0,0,0,0,81,86,88,89,90,27.6,27.8,28.7,27.2,27.6,0,0,0,0,0
20-06-24,1,0,1,2,2,86,89,91,90,90,27.6,27.1,27.1,27.5,27.7,0.6,0.6,0,0.4,0.2
21-06-24,1,20,8,76,53,75,78,80,85,89,30.3,30,30.1,29,28.3,2.9,4.1,5.2,2.2,1.6
22-06-24,0,0,0,12,3,83,89,82,86,85,29.4,28.8,30.4,28.6,29.5,1.9,2.4,5.3,3.2,3.6
23-06-24,15,108,0,2,0,73,75,76,83,81,31.3,31.4,31.5,30.2,30.4,6.1,6.5,7.6,5.2,8.1
24-06-24,0,0,0,2,0,72,73,76,82,76,31.6,32,31.9,30.8,31.4,8.3,9.7,9.8,6.5,7.6
25-06-24,0,0,0,0,0,74,74,76,77,78,31.3,31.9,32.1,31.3,31.3,6,3.9,7.6,6.8,7.3
26-06-24,7,0,0,0,0,85,74,79,80,80,29.4,31.5,31.3,30.7,31,0.4,5.4,1.3,0.3,4.8
27-06-24,64,0,0,0,0,73,76,76,84,84,30.6,31.2,31.1,30.1,29.7,4.1,5.8,3.9,5,2.8
28-06-24,1,0,0,0,8,80,80,85,89,90,29.9,30,29.8,28.9,29.3,1.9,2.1,5.6,0.4,2.3
29-06-24,23,3,10,2,8,86,82,87,92,93,29.1,29.8,29.2,28.7,28.2,1.2,1.8,0.7,0,0
30-06-24,35,0,2,34,11,90,90,90,92,93,28.3,28.3,28.5,28.2,28.3,0.5,0,0.2,1.7,0.7
1/7/2024,43,27,3,94,17,95,90,91,90,90,27.9,28.1,29,28.6,28.8,0,0,0,0,0
2/7/2024,47,26,36,1,1,94,89,91,92,92,27.2,27.9,28,28.3,27.3,0,0,0,0,0
3/7/2024,29,24,24,36,51,87,86,91,90,92,28.1,28.3,27.8,27.9,27.2,1,1,0.5,0.2,0.6
4/7/2024,15,8,32,10,20,88,92,89,89,94,28.1,27.8,28.3,28.3,27.2,0.4,0.6,0,0.3,0.3
5/7/2024,15,19,38,7,10,84,91,91,89,89,28.5,27.9,27.9,27.9,27.6,0,0,0.5,2.6,0.3
6/7/2024,8,11,24,1,0,77,90,90,84,88,30.1,28.1,28.5,29.9,28.3,6.8,1.4,3.7,5,4
7/7/2024,0,23,17,0,1,75,81,86,85,92,30.8,30.1,29.6,29.9,28.5,6.2,5,6.2,4,3.7
8/7/2024,0,4,20,0,6,73,76,82,87,84,30.7,30.6,30.1,29.4,29.4,2.4,4.3,5.6,0.6,0.4
9/7/2024,0,0,1,6,0,81,77,84,84,79,29.6,30.5,30.2,30,30,0.9,4.7,1.7,2.3,3.1
10/7/2024,1,0,0,1,0,76,80,78,89,79,30.9,30.6,31.3,29.3,30.7,4.2,7.7,8.2,2.8,4.5
11/7/2024,0,1,0,5,0,81,85,87,91,90,29.5,29.2,28.8,28.2,28.7,2.1,0.3,3.7,4.1,3.5
12/7/2024,1,105,24,15,73,89,87,91,91,93,28,28.2,27.6,28.2,26.8,0.6,4.7,0.3,0,0
13-07-24,131,14,54,2,4,77,86,84,88,81,30.2,29.4,30.4,29.9,30.1,1.6,1.8,5.1,6.3,7.9
14-07-24,0,16,8,0,0,78,77,80,84,82,30.4,31,30.7,30.4,30,4.1,8.7,8.1,7.5,7.5
15-07-24,5,0,0,0,7,70,75,77,84,80,31.5,31.2,30.8,30.4,30.1,6.3,5.9,8.7,8.1,7
16-07-24,0,0,0,0,1,76,75,85,86,83,30.6,31.1,29.8,30.2,30,6.3,5,3.4,3.6,4.7
17-07-24,0,0,15,1,3,72,74,79,84,81,31.6,32.1,31.3,31,30.8,1.8,9.5,7.8,5.4,7.3
18-07-24,0,0,0,0,0,66,71,73,80,80,32.9,32.7,32.4,31.7,30.8,1.8,9,11.6,8.4,7.8
19-07-24,0,3,0,0,0,67,73,74,76,80,31.9,31.7,31.2,31,30.2,7,7.9,10.5,8.6,7.6
20-07-24,0,0,2,8,1,68,74,79,83,83,31.4,30.9,30.4,29.9,29.6,4.6,6.5,8.9,2.4,2.6
21-07-24,0,0,1,8,7,73,75,84,85,85,30.4,30.8,29.7,29.7,29.6,3.4,5.9,6.9,0.5,4.8
22-07-24,4,0,9,3,19,83,79,86,88,91,29.2,30.3,29.2,29,28.4,1.5,5.2,4.1,2,3
23-07-24,16,1,19,10,11,80,79,86,89,90,29.9,30.2,29.7,29.1,28.8,5,5,6.2,4.9,4.6
24-07-24,1,4,5,11,25,83,78,91,87,86,30,30.8,29.3,29.5,28.8,4.4,4.9,0.9,3.7,2.1
25-07-24,12,0,11,5,6,73,75,79,81,82,31.4,31.5,30.9,30.1,30.2,6.7,8.5,10.1,6.6,6.2
26-07-24,0,9,0,3,0,72,70,76,84,85,31.3,32,30.9,29.7,29.5,5.4,10.7,9.5,3,3.6
27-07-24,2,0,0,1,24,69,70,77,80,87,31.7,32.2,31,30.5,29.6,8.1,10.5,7.9,0,5.8
28-07-24,0,0,1,7,4,68,71,76,83,89,31.8,32,31,30.1,29.1,6.5,8.2,10.3,5.8,2.5
29-07-24,0,0,0,3,2,74,75,84,86,85,30.7,31,29.7,29.6,29.6,1.1,3.4,5.4,4,3.4
30-07-24,0,0,14,3,7,85,80,86,87,86,29.2,30.4,29.7,29.6,29.7,0,3.9,3.9,0,3.9
31-07-24,16,8,16,2,0,84,83,86,91,90,29.6,30.1,29.9,28.7,28.8,3.5,4.2,5.3,2.9,2.4
1/8/2024,23,17,24,8,38,96,90,93,93,94,26.6,27.3,27.5,27.3,26.7,0,0,0,0,0
2/8/2024,55,81,29,53,37,97,92,95,95,96,26.3,27,27,26.4,26.3,0,0,0,0,0
3/8/2024,60,69,31,71,57,93,94,91,94,96,27.3,26.9,27.9,26.9,26.7,0,1.4,0,0,0
4/8/2024,29,18,5,10,14,76,85,84,88,89,29.9,28.7,29.8,28.6,28.4,4.5,4.3,7.1,1.2,1.1
5/8/2024,0,0,0,2,0,81,88,91,89,91,29.3,28.5,28.5,28.6,27.8,2,1,1.2,1.7,0.8
6/8/2024,3,19,7,4,15,78,83,81,84,92,29.8,29.6,29.9,29.2,28.1,3.1,1.8,6.5,6.4,4.9
7/8/2024,1,3,1,0,29,80,79,83,86,88,29.4,29.7,29.7,28.9,28.3,5.1,5.7,6.7,4.3,5
8/8/2024,12,0,2,0,2,78,78,84,88,92,29.3,29.6,29.1,28.5,27.6,4.7,7.8,6.4,1.2,2.1
9/8/2024,2,0,1,4,26,81,87,83,87,92,29.1,28.2,29.6,28.3,27.4,4.8,1,7.1,3.5,1.5
10/8/2024,1,55,1,2,2,80,84,83,86,87,29.7,29.4,30.1,28.9,29,3.3,4.5,6.9,1.4,2.5
11/8/2024,2,2,2,0,11,84,87,89,88,90,29.1,28.9,29.2,28.9,28.5,0.6,0,0.6,1.8,0.9
12/8/2024,16,9,1,0,0,87,83,83,90,92,29,29.7,30.3,28.6,28.2,0.4,0,1.7,2.8,1.9
13-08-24,7,0,0,37,11,85,87,80,87,88,29.6,29.4,30.7,29.4,29,1.7,0.3,5.4,5.4,4.8
14-08-24,4,1,0,5,21,76,76,78,81,84,31.1,31.4,31.2,30.3,29.6,5.9,8.4,9.6,4.2,6.5
15-08-24,0,0,0,0,1,72,74,79,84,86,31.2,31.3,31.2,29.7,29.2,8.2,7.2,7.8,1.8,6.3
16-08-24,0,31,0,0,0,81,82,85,83,83,29.1,29.2,29.2,28.9,29,1.5,2.4,4,3.2,4.4
17-08-24,12,5,5,0,0,82,79,82,89,84,27.9,28.9,29,27.2,28.4,2.9,5.4,9.7,2.5,6.4
18-08-24,44,1,14,27,10,85,85,88,92,96,28.2,28.2,28.3,27.6,27.1,0.3,0.4,1.9,0.3,0.1
19-08-24,3,14,27,33,14,90,86,90,91,95,26.8,27.7,27.7,27.4,27.1,0,1.1,0,0,0
20-08-24,1,2,1,23,2,83,85,85,89,91,29.1,28.6,29.3,28.5,28.1,4,4.2,5.7,0.8,0.4
21-08-24,62,53,3,0,8,94,89,90,95,93,27.4,28,28.9,28.3,28.7,0,0,0,0,0
22-08-24,42,2,58,32,3,92,87,92,92,95,26.9,27.8,27.3,27.5,27.3,0,0,0,0,0
23-08-24,5,4,15,2,62,81,88,89,87,91,28.8,28.2,28.4,28.5,27.6,0,1.8,1.1,0,1.1
24-08-24,6,15,3,0,1,78,81,82,88,88,29.5,29.6,29.4,28.2,28.2,2.9,5.6,6.8,4.9,5.4
25-08-24,39,31,8,59,13,86,87,90,94,96,27.6,27.7,27.4,26.4,26.2,7.1,2.3,0,0,0
26-08-24,3,1,12,44,91,85,84,89,91,95,27.6,28.2,27.4,27.1,26.4,1.8,2.3,0,0.1,0.2
27-08-24,0,0,4,5,2,82,84,86,86,93,29.1,28.8,28.8,28.4,27.1,0.5,0.8,4.4,3.4,0.2
28-08-24,44,0,0,0,1,80,79,85,87,89,29.1,29.8,29.2,28.5,28.1,0.9,4.1,6,1.7,1.1
29-08-24,0,0,0,4,0,77,75,79,78,83,30.7,30.9,30.9,30.5,29.9,7.1,8.1,8.5,9.9,9.9
30-08-24,64,0,1,0,0,70,78,79,78,80,31.2,30.7,31.2,30.3,30.1,6.3,4.5,9.2,9.6,9.8
31-08-24,2,3,3,0,0,73,74,79,83,81,30.7,30.9,30.6,29.9,29.7,6,6.6,9.1,5,7
1/9/2024,0,0,0,0,1,81,82,87,84,85,29.8,29.8,29.2,29.5,29,0,0.3,2.7,4.7,3.9
2/9/2024,3,1,4,3,0,86,80,83,82,84,28.8,30.2,30.2,29.7,29.2,0.6,4.2,5.2,4.9,2.5
3/9/2024,31,17,0,1,0,89,88,88,88,90,28,27.5,28.9,28.8,28.6,0,0,1.3,1.9,1
4/9/2024,81,41,1,5,8,80,84,76,85,81,30.1,29.4,31.2,30,29.9,6.8,3.8,10,8.1,9
5/9/2024,11,10,2,7,0,84,82,83,83,82,29.5,29.7,31,30.2,30,2.1,2.7,4.7,6.4,8.6
6/9/2024,0,0,0,0,0,76,80,83,88,86,30,30.3,30.2,29.3,29.2,3.4,5.3,2.5,4,2.6
7/9/2024,11,3,1,2,0,79,80,78,84,87,30.4,30.7,31.4,30.5,29.1,3,6.4,6.8,5.7,4.7
8/9/2024,4,10,2,9,5,70,75,75,81,81,31.5,31.2,30.9,30.2,30.2,7,6.3,9.8,9.4,8.7
9/9/2024,0,1,0,1,0,71,71,77,82,81,31,31.5,30.9,30,29.8,8.4,9.3,9.2,9.5,8.1
10/9/2024,21,0,0,0,0,74,74,80,84,81,31,30.9,30.6,29.9,30.1,4.7,6.9,5.8,5.3,5.9
11/9/2024,0,0,0,0,2,77,85,84,85,84,31.1,30,30.9,30.3,30.1,4.8,5.7,5.7,6,5.8
12/9/2024,5,11,2,4,0,72,77,86,90,92,32.1,32.4,30.4,28.5,28.7,7,7,2.1,0.7,1.2
13-09-24,0,0,10,25,12,74,69,77,87,91,29.7,31.2,30.2,28.5,27.8,2.9,5.5,6.2,0.9,0.3
14-09-24,10,8,6,48,96,94,89,93,95,98,25.6,26,26.2,26.1,25.8,0,0,0,0,0
15-09-24,32,17,126,166,133,97,94,94,95,97,25.5,25.9,26.2,26.5,25.5,0,0,0,0,0
16-09-24,138,72,130,31,65,84,89,90,90,92,28.6,27.8,28.1,28.6,27.4,1,0,0,0.8,0
17-09-24,1,22,18,0,5,74,80,83,88,85,30.5,29.8,30.3,29.3,29.1,6.7,7,7.7,5.8,8.6
18-09-24,0,0,0,0,0,75,77,78,83,85,31.4,31.3,31.6,30.2,29.9,4.6,7.4,8.3,4.1,7.5
19-09-24,0,0,0,0,0,69,75,77,80,87,33.2,32.6,32.5,31.4,30.5,8.8,8.8,10.4,6.2,4.4
20-09-24,0,0,0,0,0,68,75,76,83,84,33.5,32.7,33,31.3,30.6,8.7,8.8,10.2,8.6,8.1
21-09-24,0,0,0,7,25,77,80,78,84,83,28.5,29.5,29,28.1,28.5,1.5,0,3.4,2.5,3.8
22-09-24,7,5,1,0,4,69,76,76,81,82,31.6,31.6,31.6,30.3,30.2,8.8,8.7,9.3,8.5,8.9
23-09-24,0,0,0,0,0,79,78,84,88,89,31.6,32.5,31.5,29.5,29.7,0,6,2,0,0
24-09-24,7,8,0,0,0,72,79,80,82,84,30.8,30.4,30.2,29.5,29.1,5.9,5.9,8,5.6,3.7
25-09-24,2,3,3,16,5,92,93,92,94,95,26.7,26.8,27.6,27,26.9,0,0.4,0.1,0.1,0.4
26-09-24,44,55,64,47,51,95,95,94,95,96,25.9,25.9,26.9,26.3,25.7,0,0,0,0,0
27-09-24,70,57,44,42,43,88,90,87,89,94,27.7,27.4,28.5,28,27.1,0.9,0.9,3.9,3.2,3.6
28-09-24,11,16,2,5,18,77,81,82,82,84,30.2,29.8,30,30.1,29.5,7.4,7.2,8.7,8.6,8.2
29-09-24,0,0,0,0,0,81,87,84,87,83,30.2,29,30.3,30.1,30.3,0,0,0.6,6.4,6.4
30-09-24,1,5,8,0,0,87,84,88,88,83,29.4,29.6,30.1,29.6,30.6,0,0,0,0.3,3.7
1/10/2024,13,0,4,29,2,82,85,90,88,88,29.8,29.8,29.7,29.6,29.8,1,1.5,2.8,3.6,2.3
2/10/2024,2,1,6,0,0,86,82,84,87,84,28.9,29.7,30.4,29.2,29.8,1.2,5.1,4.2,1.2,0.9
3/10/2024,44,5,60,42,2,92,91,93,93,96,27,26.8,27.7,26.9,26.8,0,0,0,0,0
4/10/2024,12,48,6,7,37,91,96,93,90,89,26.9,25.6,26.8,27.1,27.3,0,0,0,1.1,0
5/10/2024,69,178,42,162,23,93,94,94,93,94,26.2,26.3,27.1,26.6,26.6,0,0,0,0,0
6/10/2024,30,33,7,8,6,79,91,86,90,88,29.1,27.8,28.8,28,28.1,2.3,1.9,5.7,4.6,4.3
7/10/2024,0,13,0,0,10,86,83,84,85,88,28.2,28.6,29.6,28.6,28.4,2.9,4.6,8.3,4.1,3.1
8/10/2024,6,16,0,0,0,83,81,87,82,88,28.6,28.7,28.7,29.2,28.2,6.8,6.7,4,7.2,6.1
9/10/2024,3,0,12,0,6,86,86,88,86,87,27.3,27.4,27.4,28.1,27.7,2.4,3.1,4.8,6.3,6.4
10/10/2024,4,6,17,10,8,78,83,87,85,83,29.1,28.5,28.8,28.6,28.5,3.6,5,4.9,6.1,6.3
11/10/2024,1,0,3,0,0,82,81,84,84,82,28.9,29.3,29.6,29.2,29.4,5.8,5,6.8,7.9,6.4
12/10/2024,20,0,4,0,0,84,81,87,87,85,28.1,29,28.5,28.5,28.8,3.8,4.5,2.7,5.9,4.2
13-10-24,28,0,2,0,0,74,81,81,83,86,29.5,29.1,29.2,29.4,28.8,6.4,3.8,8.5,5.5,2.9
14-10-24,0,0,0,0,0,73,81,81,83,82,29.1,28.2,28.9,28.8,28.8,4.9,1.1,6.3,7.7,6.7
15-10-24,0,0,0,0,0,74,79,80,81,81,28.4,28.3,29,28.4,28.9,0.3,4.4,3.9,6.7,4.7
16-10-24,0,0,0,0,0,78,76,79,84,88,28.9,29,29.4,28.7,28.1,0,6.9,3.6,3,0
17-10-24,0,0,0,0,3,82,90,87,86,85,28,26.4,27.9,27.8,27.8,0,0,0,0.8,0
18-10-24,3,23,1,0,1,91,84,89,89,88,26.7,26.9,27.5,27.6,26.9,0,1.5,2.8,3.4,3.6
19-10-24,18,8,8,0,2,78,83,86,86,93,28.1,27.4,27.7,27.4,25.6,0.1,6.8,1.2,1.1,0.4
20-10-24,0,0,0,2,4,73,80,80,84,85,28.2,27.3,28,27.7,27,6,6.1,7.8,7.8,6.2
21-10-24,0,0,0,0,0,72,80,79,84,84,28.6,27.3,28.2,27.2,27.4,6.1,5.9,6.9,8.9,6
22-10-24,0,0,0,0,0,71,79,77,82,82,30.1,28.6,29.6,29,28.8,7.3,7.9,9,7.2,7.8
23-10-24,0,0,0,0,0,81,90,88,86,90,27.9,26.4,27.4,27.7,27.1,0.1,0.6,0.3,0,0
24-10-24,3,33,20,3,9,87,87,90,93,94,24.8,25.1,25.3,25.1,24.2,0,0.7,0,0,0
25-10-24,15,7,16,41,21,77,83,83,88,84,28.2,26.9,27.8,27.3,27.5,3.2,0.6,0.6,3.4,1.4
26-10-24,0,0,3,1,0,77,84,85,85,82,28.7,27.8,28.6,28.2,28,5.5,3.2,6,6.9,7.2
27-10-24,0,0,0,3,0,72,79,80,85,83,29.2,28.1,28.8,28.2,28.1,4.7,7.5,8.1,7.5,7.8
28-10-24,0,0,0,0,0,69,77,79,84,83,29.1,28.3,28.9,27.8,28.2,7.1,7.5,9,7.1,6.3
29-10-24,0,0,0,0,0,71,79,82,84,82,29.2,28.4,28.8,27.7,28.5,6.2,6.1,6.8,8.2,5.7
30-10-24,0,0,0,0,0,72,76,83,83,84,29.4,29.2,28.8,28.8,28.5,3,6.5,7.6,7.7,7.1
31-10-24,0,0,0,0,0,74,79,83,84,85,29.6,28.9,28.9,28.6,28.2,4.6,4.3,5.4,7.9,5.8
1/11/2024,0,0,0,3,10,70,76,80,84,84,29.1,28.4,28.7,27.5,27.4,5.2,6.7,7.5,8.2,6.3
2/11/2024,0,0,0,0,0,71,80,79,80,80,28.4,27.5,28.3,27.9,27.4,4.7,6.3,6.5,7.4,6.3
3/11/2024,0,0,0,0,0,73,80,83,86,85,27.8,26.9,27.6,26.8,27.1,3.7,5.1,2.9,4.3,2.4
4/11/2024,0,0,0,0,0,67,76,77,83,81,28.2,27.1,27.9,27.1,27.1,6.9,7.2,7.4,6.8,5.8
5/11/2024,0,0,0,0,0,72,74,75,83,81,27.1,27.3,27.9,27.2,27.2,3.2,6.7,7.5,1.2,3.8
6/11/2024,22,0,1,6,0,73,77,79,86,80,25.1,25.5,26.1,24.7,25.9,4,5.7,7.7,4.4,6
7/11/2024,0,0,0,0,0,70,78,76,83,81,26.4,25.9,26.9,25.3,26.2,7.5,6.3,9.4,7.1,7.6
8/11/2024,0,0,0,0,0,64,76,77,82,80,26.8,26.3,26.7,25.8,25.9,7.6,8.3,9,7.8,7.2
9/11/2024,0,0,0,0,0,65,73,74,86,79,26.2,25.9,26.2,24.7,25.3,7.4,8.6,10.1,8.3,7.9
10/11/2024,0,0,0,0,0,69,73,75,84,80,26.4,26,26.2,25,25.7,6.9,8.3,10,7.6,8.1
11/11/2024,0,0,0,0,0,59,70,72,82,79,27.6,25.9,26.5,25.9,26.4,6.3,8.3,9.8,3.6,5.4
12/11/2024,0,0,0,0,0,57,72,76,80,78,27.2,25.4,25.6,25.5,25.3,6.4,8.1,9.3,5.4,4.6
13-11-24,0,0,1,0,0,63,78,77,82,77,26.4,24.6,25.4,25.1,24.9,6.4,8.3,9.2,7.4,7.3
14-11-24,0,0,1,0,0,61,78,76,82,79,26.9,24.7,25.4,24.7,23.8,6.4,6.1,7.3,6.4,5.6
15-11-24,0,0,0,0,0,64,78,76,82,81,26.2,24.6,24.8,24.5,23.5,5.6,6.9,6,6.1,3.3
16-11-24,0,0,0,0,0,54,76,71,83,76,25.9,22.7,23.6,23.9,22.3,5.9,5.7,8.4,6,6.2
17-11-24,0,0,0,0,0,54,71,69,82,73,24.1,21.5,22.8,22.3,21.6,6.1,7.6,7.6,6.2,6.6
18-11-24,0,0,0,0,0,61,75,74,83,76,23.8,22.4,22.7,21.7,21.1,14.6,6.4,7.9,6.1,5.3
19-11-24,0,0,0,0,0,63,74,72,84,76,24.2,22.7,22.9,21.8,21.5,6.2,7.7,9,7.1,7.3
20-11-24,0,0,0,0,0,61,72,72,85,74,23.9,22.1,23.1,21.3,22,6,8,9.3,7,7.5
21-11-24,0,0,0,0,0,62,72,72,81,75,24,22.2,23,22.3,22.7,6.3,6.5,7.7,7.1,7
22-11-24,0,0,0,0,0,59,79,74,80,78,24.3,22.7,23.4,22.3,22.5,5.3,6.5,7.7,6.7,5.9
23-11-24,0,0,0,0,0,61,77,72,86,79,24.8,22.4,23.2,21.7,21.4,4.1,6.7,6.8,5.3,5.7
24-11-24,0,0,0,0,0,57,78,73,81,78,23.9,21.2,22,21.6,20.8,4.6,5.3,3.5,5.7,2.9
25-11-24,0,0,0,0,0,53,74,71,84,77,23.5,20.8,21.8,20.8,20.2,1.8,5.4,4.7,3.7,2.6
26-11-24,0,0,0,0,0,65,77,76,83,78,22.9,21.6,21.8,20.5,20.5,4.2,5.7,7.6,5.2,3.8
27-11-24,0,0,0,0,0,65,77,77,82,79,23.1,21.8,22,21.1,20.9,5.1,6.5,8.2,4.3,5.8
28-11-24,0,0,0,0,0,58,75,76,81,77,24.2,21.7,22.7,21.4,22.4,5.8,7.2,7.6,4.6,6.2
29-11-24,0,0,0,0,0,56,73,65,77,74,25.3,22.9,24.3,24,23.6,4.9,7.7,8.3,4.7,4.1
30-11-24,0,0,0,0,0,64,69,77,80,85,24.1,23,22.5,21.8,20.8,3.2,6.1,2.3,0.4,0
1/12/2024,0,0,1,4,4,57,70,72,80,77,24.4,22.1,22.9,22.3,22.6,4.8,7.5,6.5,5.8,4.6
2/12/2024,0,0,0,0,0,55,73,66,79,76,24.3,21.3,22.5,22.3,22,5.6,6.9,6,0.7,0.5
3/12/2024,0,0,0,0,0,58,75,70,79,76,23.9,20.9,22.2,21.6,21.5,5.2,7.6,9.7,6.9,7.8
4/12/2024,0,0,0,0,0,58,77,78,81,79,23.1,20.4,20.9,20.4,20.3,5.5,5.6,5.9,6.4,5.5
5/12/2024,0,0,0,0,0,56,74,75,80,78,22.8,20.2,20.9,20.8,20.7,4.5,5.2,7.5,5.5,5.1
6/12/2024,0,0,0,0,0,52,67,69,78,75,21.4,19.2,19.6,19.8,19.2,4.1,7.4,8.4,6.3,6.1
7/12/2024,0,0,0,0,0,51,70,67,77,73,20.7,18.2,19.3,18.9,18.5,5.5,6.9,8.7,6.4,7
8/12/2024,0,0,0,0,0,58,74,73,78,75,20.6,18.5,18.7,18.8,18.2,5.3,6.2,7.6,5.9,6.8
9/12/2024,0,0,0,0,0,69,83,78,79,76,21,18.8,20,20,19.8,1.4,2.1,2.2,4.6,4.2
10/12/2024,0,0,0,0,0,71,81,83,83,79,21,18.8,19.4,20,19.3,3.7,3.4,3.2,4.7,3.9
11/12/2024,0,0,0,0,0,69,82,83,83,80,19.6,17.9,17.8,17.9,16.9,5,2.9,4.8,5.4,4.7
12/12/2024,0,0,0,0,0,84,89,91,93,90,17.3,16.3,14.9,15.1,14.2,0,0,0,1.5,1.1
13-12-24,0,0,0,0,0,80,83,85,84,85,19,17.4,17.5,17.6,16.7,2,4.1,5.7,4.2,6.2
14-12-24,0,0,0,0,0,71,77,77,82,77,18.8,18,18,17.4,16.7,4.3,6.4,6.9,5.7,6.3
15-12-24,0,0,0,0,0,68,73,75,81,76,19.5,18.2,18.1,17.2,17.2,5.5,6.3,8.7,6.2,6.8
16-12-24,0,0,0,0,0,65,73,76,82,77,20,18.6,18.5,17.3,17.6,5.2,6,8.2,6.3,7.1
17-12-24,0,0,0,0,0,58,75,75,81,77,21.8,18.6,19.6,20.1,19.7,5.1,5.7,8.1,6.3,4.7
18-12-24,0,0,0,0,0,61,76,74,80,75,21.3,18.9,19.5,19.4,19.3,5.4,4.8,7.2,5,6.4
19-12-24,0,0,0,0,0,70,82,80,83,81,20.3,18.6,18.9,18.8,18.6,1.3,4.7,5.8,4.1,4.3
20-12-24,0,0,0,0,0,67,79,78,85,78,20.8,18.9,19.7,18.8,19.5,2,1.2,4.6,5.6,2.8
21-12-24,0,0,0,0,0,76,83,86,94,93,19.4,19,18.1,18.5,18.4,0,0,0,3.4,0
22-12-24,0,0,0,2,2,76,86,85,85,82,19.6,17.7,18.9,19.4,19.1,5.5,2.7,3.8,4.8,5.9
23-12-24,0,0,0,0,0,66,79,78,81,79,20.4,17.8,18.9,18.6,18.6,5.5,4.5,8.1,6.8,6.1
24-12-24,0,0,0,0,0,61,79,77,81,76,20.9,18.4,19.3,19,19.6,5.2,6.1,9.8,6.1,6.6
25-12-24,0,0,0,0,0,63,78,80,81,76,20.6,18.5,19.5,19.2,19.7,1.4,5.6,2.4,1.6,1.2
26-12-24,0,0,0,0,0,54,73,70,81,72,22.6,19.3,20.8,19.7,19.8,5.5,5.7,8.4,6.5,6.6
27-12-24,0,0,0,0,0,59,75,72,80,74,21.6,19.1,20.1,19.1,18.9,5.4,6.8,9.1,6.9,6.3
28-12-24,0,0,0,0,0,65,76,73,80,75,21.3,19.4,20.4,19.2,18.9,5.2,6.1,8.8,6.5,7
29-12-24,0,0,0,0,0,64,77,71,80,77,21.6,19.8,20.7,19.5,19.5,5.4,6,8.2,6.1,6.6
30-12-24,0,0,0,0,0,59,78,76,81,78,22.3,19.5,20.7,19.5,19.9,5.4,5.6,5.4,6.3,4.3
31-12-24,0,0,0,0,0,74,89,81,84,81,19,16.4,18.4,18.5,17.4,4.2,0,5.7,5.5,4.4
