Date,affected-people-per-day,affected-Dhaka(Inside City),daily-affected-Outside-Dhaka,affected-Dhaka(Outside City),affected-Mymensingh,affected-chittagong,affected-khulna,affected-Rajhshahi,affected-Rangpur,affected-Barishal,affected-Syllhet
01-01-22,4,2,2,0,0,1,0,0,0,1,0
02-01-22,11,7,4,0,0,0,0,0,0,4,0
03-01-22,29,4,25,0,0,25,0,0,0,0,0
04-01-22,4,2,2,1,0,0,0,0,0,1,0
05-01-22,4,2,2,0,0,2,0,0,0,0,0
06-01-22,9,3,6,0,0,6,0,0,0,0,0
07-01-22,1,1,0,0,0,0,0,0,0,0,0
08-01-22,2,2,0,0,0,0,0,0,0,0,0
09-01-22,7,4,3,0,0,3,0,0,0,0,0
10-01-22,3,2,1,0,0,1,0,0,0,0,0
11-01-22,3,3,0,0,0,0,0,0,0,0,0
12-01-22,14,0,14,0,0,12,0,0,1,1,0
13-01-22,3,3,0,0,0,0,0,0,0,0,0
14-01-22,1,1,0,0,0,0,0,0,0,0,0
15-01-22,5,3,2,0,1,1,0,0,0,0,0
16-01-22,2,2,0,0,0,0,0,0,0,0,0
17-01-22,2,2,0,0,0,0,0,0,0,0,0
18-01-22,4,3,1,0,0,1,0,0,0,0,0
19-01-22,7,5,2,0,0,2,0,0,0,0,0
20-01-22,1,1,0,0,0,0,0,0,0,0,0
21-01-22,0,0,0,0,0,0,0,0,0,0,0
22-01-22,0,0,0,0,0,0,0,0,0,0,0
23-01-22,2,1,1,0,0,0,1,0,0,0,0
24-01-22,3,2,1,0,0,1,0,0,0,0,0
25-01-22,1,1,0,0,0,0,0,0,0,0,0
26-01-22,0,0,0,0,0,0,0,0,0,0,0
27-01-22,1,1,0,0,0,0,0,0,0,0,0
28-01-22,2,2,0,0,0,0,0,0,0,0,0
29-01-22,0,0,0,0,0,0,0,0,0,0,0
30-01-22,0,0,0,0,0,0,0,0,0,0,0
31-01-22,1,0,1,0,0,1,0,0,0,0,0
02-01-22,0,0,0,0,0,0,0,0,0,0,0
02-02-22,2,2,0,0,0,0,0,0,0,0,0
02-03-22,2,2,0,0,0,0,0,0,0,0,0
02-04-22,0,0,0,0,0,0,0,0,0,0,0
02-05-22,2,2,0,0,0,0,0,0,0,0,0
02-06-22,1,1,0,0,0,0,0,0,0,0,0
02-07-22,0,0,0,0,0,0,0,0,0,0,0
02-08-22,0,0,0,0,0,0,0,0,0,0,0
02-09-22,0,0,0,0,0,0,0,0,0,0,0
02-10-22,0,0,0,0,0,0,0,0,0,0,0
02-11-22,0,0,0,0,0,0,0,0,0,0,0
02-12-22,5,1,4,0,0,1,0,0,0,3,0
13-02-22,1,1,0,0,0,0,0,0,0,0,0
14-02-22,2,0,2,0,0,0,0,0,0,2,0
15-02-22,1,0,1,0,0,0,1,0,0,0,0
16-02-22,0,0,0,0,0,0,0,0,0,0,0
17-02-22,0,0,0,0,0,0,0,0,0,0,0
18-02-22,0,0,0,0,0,0,0,0,0,0,0
19-02-22,0,0,0,0,0,0,0,0,0,0,0
20-02-22,0,0,0,0,0,0,0,0,0,0,0
21-02-22,0,0,0,0,0,0,0,0,0,0,0
22-02-22,1,0,1,0,0,1,0,0,0,0,0
23-02-22,2,1,1,0,0,0,0,0,1,0,0
24-02-22,0,0,0,0,0,0,0,0,0,0,0
25-02-22,0,0,0,0,0,0,0,0,0,0,0
26-02-22,0,0,0,0,0,0,0,0,0,0,0
27-02-22,0,0,0,0,0,0,0,0,0,0,0
28-02-22,0,0,0,0,0,0,0,0,0,0,0
03-01-22,0,0,0,0,0,0,0,0,0,0,0
03-02-22,1,1,0,0,0,0,0,0,0,0,0
03-03-22,0,0,0,0,0,0,0,0,0,0,0
03-04-22,0,0,0,0,0,0,0,0,0,0,0
03-05-22,0,0,0,0,0,0,0,0,0,0,0
03-06-22,3,1,2,0,0,2,0,0,0,0,0
03-07-22,0,0,0,0,0,0,0,0,0,0,0
03-08-22,0,0,0,0,0,0,0,0,0,0,0
03-09-22,1,1,0,0,0,0,0,0,0,0,0
03-10-22,1,1,0,0,0,0,0,0,0,0,0
03-11-22,2,2,0,0,0,0,0,0,0,0,0
03-12-22,0,0,0,0,0,0,0,0,0,0,0
13-03-22,0,0,0,0,0,0,0,0,0,0,0
14-03-22,0,0,0,0,0,0,0,0,0,0,0
15-03-22,0,0,0,0,0,0,0,0,0,0,0
16-03-22,1,0,1,0,0,0,1,0,0,0,0
17-03-22,0,0,0,0,0,0,0,0,0,0,0
18-03-22,0,0,0,0,0,0,0,0,0,0,0
19-03-22,0,0,0,0,0,0,0,0,0,0,0
20-03-22,0,0,0,0,0,0,0,0,0,0,0
21-03-22,0,0,0,0,0,0,0,0,0,0,0
22-03-22,0,0,0,0,0,0,0,0,0,0,0
23-03-22,2,0,2,0,0,0,2,0,0,0,0
24-03-22,1,0,1,0,0,1,0,0,0,0,0
25-03-22,0,0,0,0,0,0,0,0,0,0,0
26-03-22,1,0,1,0,1,0,0,0,0,0,0
27-03-22,1,1,0,0,0,0,0,0,0,0,0
28-03-22,0,0,0,0,0,0,0,0,0,0,0
29-03-22,2,0,2,0,0,1,0,1,0,0,0
30-03-22,4,4,0,0,0,0,0,0,0,0,0
31-03-22,0,0,0,0,0,0,0,0,0,0,0
04-01-22,0,0,0,0,0,0,0,0,0,0,0
04-02-22,0,0,0,0,0,0,0,0,0,0,0
04-03-22,2,2,0,0,0,0,0,0,0,0,0
04-04-22,0,0,0,0,0,0,0,0,0,0,0
04-05-22,0,0,0,0,0,0,0,0,0,0,0
04-06-22,0,0,0,0,0,0,0,0,0,0,0
04-07-22,1,1,0,0,0,0,0,0,0,0,0
04-08-22,0,0,0,0,0,0,0,0,0,0,0
04-09-22,0,0,0,0,0,0,0,0,0,0,0
04-10-22,2,2,0,0,0,0,0,0,0,0,0
04-11-22,1,1,0,0,0,0,0,0,0,0,0
04-12-22,0,0,0,0,0,0,0,0,0,0,0
13-04-22,2,1,1,0,0,1,0,0,0,0,0
14-04-22,0,0,0,0,0,0,0,0,0,0,0
15-04-22,0,0,0,0,0,0,0,0,0,0,0
16-04-22,2,1,1,0,0,1,0,0,0,0,0
17-04-22,1,1,0,0,0,0,0,0,0,0,0
18-04-22,1,1,0,0,0,0,0,0,0,0,0
19-04-22,0,0,0,0,0,0,0,0,0,0,0
20-04-22,2,2,0,0,0,0,0,0,0,0,0
21-04-22,2,1,1,0,0,1,0,0,0,0,0
22-04-22,0,0,0,0,0,0,0,0,0,0,0
23-04-22,0,0,0,0,0,0,0,0,0,0,0
24-04-22,1,1,0,0,0,0,0,0,0,0,0
25-04-22,2,1,1,0,0,0,1,0,0,0,0
26-04-22,3,3,0,0,0,0,0,0,0,0,0
27-04-22,1,1,0,0,0,0,0,0,0,0,0
28-04-22,0,0,0,0,0,0,0,0,0,0,0
29-04-22,0,0,0,0,0,0,0,0,0,0,0
30-04-22,0,0,0,0,0,0,0,0,0,0,0
05-01-22,0,0,0,0,0,0,0,0,0,0,0
05-02-22,0,0,0,0,0,0,0,0,0,0,0
05-03-22,0,0,0,0,0,0,0,0,0,0,0
05-04-22,0,0,0,0,0,0,0,0,0,0,0
05-05-22,1,1,0,0,0,0,0,0,0,0,0
05-06-22,1,1,0,0,0,0,0,0,0,0,0
05-07-22,0,0,0,0,0,0,0,0,0,0,0
05-08-22,5,5,0,0,0,0,0,0,0,0,0
05-09-22,1,1,0,0,0,0,0,0,0,0,0
05-10-22,2,2,0,0,0,0,0,0,0,0,0
05-11-22,0,0,0,0,0,0,0,0,0,0,0
05-12-22,0,0,0,0,0,0,0,0,0,0,0
13-05-22,1,1,0,0,0,0,0,0,0,0,0
14-05-22,3,3,0,0,0,0,0,0,0,0,0
15-05-22,1,1,0,0,0,0,0,0,0,0,0
16-05-22,8,8,0,0,0,0,0,0,0,0,0
17-05-22,12,12,0,0,0,0,0,0,0,0,0
18-05-22,5,5,0,0,0,0,0,0,0,0,0
19-05-22,5,5,0,0,0,0,0,0,0,0,0
20-05-22,0,0,0,0,0,0,0,0,0,0,0
21-05-22,9,9,0,0,0,0,0,0,0,0,0
22-05-22,6,6,0,0,0,0,0,0,0,0,0
23-05-22,15,14,1,0,0,1,0,0,0,0,0
24-05-22,12,12,0,0,0,0,0,0,0,0,0
25-05-22,6,6,0,0,0,0,0,0,0,0,0
26-05-22,7,7,0,0,0,0,0,0,0,0,0
27-05-22,6,5,1,0,0,0,1,0,0,0,0
28-05-22,15,15,0,0,0,0,0,0,0,0,0
29-05-22,10,10,0,0,0,0,0,0,0,0,0
30-05-22,18,18,0,0,0,0,0,0,0,0,0
31-05-22,14,14,0,0,0,0,0,0,0,0,0
06-01-22,9,9,0,0,0,0,0,0,0,0,0
06-02-22,20,19,1,0,0,0,1,0,0,0,0
06-03-22,17,16,1,0,0,0,1,0,0,0,0
06-04-22,13,13,0,0,0,0,0,0,0,0,0
06-05-22,15,14,1,0,0,1,0,0,0,0,0
06-06-22,20,19,1,0,1,0,0,0,0,0,0
06-07-22,17,16,1,0,1,0,0,0,0,0,0
06-08-22,16,16,0,0,0,0,0,0,0,0,0
06-09-22,31,28,3,0,0,2,1,0,0,0,0
06-10-22,17,17,0,0,0,0,0,0,0,0,0
06-11-22,20,19,1,0,0,0,1,0,0,0,0
06-12-22,24,23,1,0,0,1,0,0,0,0,0
13-06-22,18,13,5,0,0,5,0,0,0,0,0
14-06-22,18,17,1,0,0,0,0,0,1,0,0
15-06-22,22,22,0,0,0,0,0,0,0,0,0
16-06-22,31,31,0,0,0,0,0,0,0,0,0
17-06-22,29,29,0,0,0,0,0,0,0,0,0
18-06-22,40,39,1,0,0,1,0,0,0,0,0
19-06-22,24,24,0,0,0,0,0,0,0,0,0
20-06-22,27,26,1,0,1,0,0,0,0,0,0
21-06-22,27,27,0,0,0,0,0,0,0,0,0
22-06-22,27,26,1,1,0,0,0,0,0,0,0
23-06-22,29,26,3,1,1,0,1,0,0,0,0
24-06-22,21,16,5,1,1,3,0,0,0,0,0
25-06-22,35,33,2,0,2,0,0,0,0,0,0
26-06-22,32,29,3,0,1,1,1,0,0,0,0
27-06-22,17,17,0,0,0,0,0,0,0,0,0
28-06-22,47,46,1,0,0,0,1,0,0,0,0
29-06-22,40,38,2,0,0,1,1,0,0,0,0
30-06-22,33,33,0,0,0,0,0,0,0,0,0
07-01-22,22,19,3,0,0,3,0,0,0,0,0
07-02-22,49,47,2,0,0,1,1,0,0,0,0
07-03-22,42,32,10,0,1,5,0,0,0,4,0
07-04-22,36,31,5,0,0,3,2,0,0,0,0
07-05-22,46,43,3,0,2,0,1,0,0,0,0
07-06-22,32,32,0,0,0,0,0,0,0,0,0
07-07-22,31,28,3,0,0,0,0,0,0,3,0
07-08-22,29,29,0,0,0,0,0,0,0,0,0
07-09-22,17,17,0,0,0,0,0,0,0,0,0
07-10-22,4,4,0,0,0,0,0,0,0,0,0
07-11-22,7,7,0,0,0,0,0,0,0,0,0
07-12-22,73,42,31,0,2,29,0,0,0,0,0
13-07-22,51,39,12,0,0,11,1,0,0,0,0
14-07-22,51,41,10,0,1,8,1,0,0,0,0
15-07-22,31,30,1,0,1,0,0,0,0,0,0
16-07-22,60,54,6,2,0,0,0,0,0,4,0
17-07-22,53,35,18,0,0,16,1,0,0,1,0
18-07-22,66,44,22,3,2,14,1,0,0,2,0
19-07-22,51,38,13,3,0,10,0,0,0,0,0
20-07-22,70,56,14,0,2,12,0,0,0,0,0
21-07-22,69,52,17,0,0,14,2,0,0,1,0
22-07-22,35,34,1,0,1,0,0,0,0,0,0
23-07-22,67,63,4,0,2,2,0,0,0,0,0
24-07-22,65,59,6,0,1,3,1,1,0,0,0
25-07-22,60,40,20,0,0,19,1,0,0,0,0
26-07-22,99,74,25,0,0,22,0,0,0,3,0
27-07-22,,,,,,,,,,,
28-07-22,64,58,6,0,1,3,2,0,0,0,0
29-07-22,65,48,17,3,0,14,0,0,0,0,0
30-07-22,85,72,13,2,0,11,0,0,0,0,0
31-07-22,80,57,23,2,0,20,0,1,0,0,0
08-01-22,87,66,21,2,1,17,1,0,0,0,0
08-02-22,65,51,14,0,0,14,0,0,0,0,0
08-03-22,77,59,18,0,1,17,0,0,0,0,0
08-04-22,91,67,24,0,1,19,0,0,0,4,0
08-05-22,40,40,0,0,0,0,0,0,0,0,0
08-06-22,77,77,0,0,0,0,0,0,0,0,0
08-07-22,87,73,14,0,0,14,0,0,0,0,0
08-08-22,79,59,20,0,0,18,2,0,0,0,0
08-09-22,53,50,3,0,3,0,0,0,0,0,0
08-10-22,92,73,19,0,0,18,1,0,0,0,0
08-11-22,90,73,17,0,0,13,4,0,0,0,0
08-12-22,53,50,3,0,0,0,1,0,0,2,0
13-08-22,92,89,3,0,1,0,1,0,0,1,0
14-08-22,116,70,46,2,1,39,3,0,0,1,0
15-08-22,96,69,27,0,0,24,2,0,0,1,0
16-08-22,128,108,20,0,2,16,1,0,0,1,0
17-08-22,98,77,21,5,0,14,1,0,0,1,0
18-08-22,93,81,12,0,4,8,0,0,0,0,0
19-08-22,54,46,8,0,0,5,2,1,0,0,0
20-08-22,117,97,20,0,1,13,0,0,0,6,0
21-08-22,135,116,19,0,2,17,0,0,0,0,0
22-08-22,139,122,17,0,0,11,3,0,0,2,1
23-08-22,153,107,46,1,1,43,1,0,0,0,0
24-08-22,165,125,40,2,0,29,6,0,0,3,0
25-08-22,180,134,46,8,2,31,1,0,0,4,0
26-08-22,68,67,1,0,0,0,1,0,0,0,0
27-08-22,131,109,22,2,3,12,2,0,0,3,0
28-08-22,176,144,32,0,0,26,1,0,1,4,0
29-08-22,201,149,52,0,2,47,0,0,1,2,0
30-08-22,237,196,41,2,1,32,2,0,0,4,0
31-08-22,251,203,48,2,1,33,7,0,0,5,0
09-01-22,176,143,33,4,1,17,7,0,0,4,0
09-02-22,90,71,19,2,0,11,6,0,0,0,0
09-03-22,245,204,41,0,7,25,7,0,0,2,0
09-04-22,213,158,55,1,1,28,14,0,0,10,1
09-05-22,208,157,51,0,5,32,8,0,0,6,0
09-06-22,284,224,60,4,1,33,13,0,0,9,0
09-07-22,279,196,83,5,4,47,20,0,0,6,1
09-08-22,275,204,71,0,1,40,7,3,0,20,0
09-09-22,145,140,5,0,0,0,1,4,0,0,0
09-10-22,294,244,50,0,5,33,4,0,0,8,0
09-11-22,360,239,121,3,1,88,15,1,1,11,1
09-12-22,345,228,117,17,7,52,13,9,0,18,1
13-09-22,353,238,115,16,9,53,16,3,3,15,0
14-09-22,389,264,125,15,1,57,32,4,0,16,0
15-09-22,395,294,101,9,3,49,17,15,0,8,0
16-09-22,164,138,26,0,4,7,6,9,0,0,0
17-09-22,381,302,79,15,5,14,14,8,6,17,0
18-09-22,399,280,119,8,5,49,34,12,0,11,0
19-09-22,392,253,139,10,4,57,20,26,1,19,2
20-09-22,438,315,123,11,7,50,32,10,0,13,0
21-09-22,431,328,103,11,1,34,24,16,0,17,0
22-09-22,437,306,131,14,7,55,20,18,0,17,0
23-09-22,125,92,33,0,5,16,7,2,0,1,2
24-09-22,440,325,115,1,8,67,13,15,2,9,0
25-09-22,440,309,131,20,7,42,30,12,1,19,0
26-09-22,482,328,154,20,3,44,50,23,0,14,0
27-09-22,460,320,140,15,3,42,40,22,1,17,0
28-09-22,524,373,151,19,1,58,24,30,0,19,0
29-09-22,506,367,139,5,4,45,44,20,0,21,0
30-09-22,240,150,90,7,10,36,18,16,0,2,1
10-01-22,635,518,117,3,1,42,26,28,0,17,0
10-02-22,568,360,208,36,6,69,31,22,0,44,0
10-03-22,525,352,173,12,9,60,39,28,1,23,1
10-04-22,482,348,134,20,0,33,29,27,0,24,1
10-05-22,344,270,74,20,4,21,15,8,0,6,0
10-06-22,637,417,220,30,10,90,43,12,0,35,0
10-07-22,240,192,48,3,6,0,13,25,0,1,0
10-08-22,712,499,213,14,5,102,28,18,0,42,4
10-09-22,334,241,93,10,6,18,34,15,1,9,0
10-10-22,624,407,217,0,15,90,34,19,8,51,0
10-11-22,677,462,215,22,8,83,48,18,2,34,0
10-12-22,647,415,232,12,8,75,40,41,3,49,4
13-10-22,765,497,268,35,15,87,48,40,1,40,2
14-10-22,310,197,113,7,1,26,26,33,0,20,0
15-10-22,734,468,266,34,20,96,32,32,0,51,1
16-10-22,855,523,332,45,16,115,62,43,2,47,2
17-10-22,857,523,334,80,5,88,65,26,0,68,2
18-10-22,900,528,372,86,21,123,43,51,1,44,3
19-10-22,864,565,299,58,13,96,40,43,0,42,7
20-10-22,896,537,359,49,16,97,67,52,1,72,5
21-10-22,409,304,105,5,6,20,33,29,0,10,2
22-10-22,922,520,402,87,19,120,61,25,6,82,2
23-10-22,1034,589,445,105,14,145,65,41,0,75,0
24-10-22,903,575,328,67,23,110,37,30,6,48,7
25-10-22,750,494,256,39,17,96,42,40,6,16,0
26-10-22,923,520,403,72,27,127,65,54,2,54,2
27-10-22,899,491,408,68,21,153,51,34,1,76,4
28-10-22,440,279,161,47,19,48,15,23,0,7,2
29-10-22,869,481,388,45,12,158,41,37,4,91,0
30-10-22,1020,618,402,73,17,143,67,36,3,57,6
31-10-22,873,545,328,0,20,148,48,33,4,75,0
11-01-22,983,532,451,150,28,102,57,59,1,51,3
11-02-22,1094,600,494,149,6,140,56,67,0,72,4
11-03-22,882,498,384,40,21,127,59,54,19,60,4
11-04-22,428,255,173,42,9,44,32,25,0,21,0
11-05-22,788,374,414,66,13,153,85,22,5,69,1
11-06-22,908,476,432,149,20,102,45,47,3,65,1
11-07-22,875,497,378,85,25,92,63,36,6,69,2
11-08-22,820,450,370,72,14,111,74,33,6,52,8
11-09-22,796,459,337,52,14,129,51,31,4,53,3
11-10-22,888,475,413,77,14,169,59,29,6,53,6
11-11-22,266,150,116,30,9,38,20,13,0,6,0
11-12-22,918,530,388,72,18,149,54,41,5,49,0
13-11-22,859,426,433,54,27,200,48,35,0,62,7
14-11-22,760,425,335,64,13,123,53,19,3,60,0
15-11-22,692,372,320,84,9,112,45,23,3,43,1
16-11-22,675,372,303,98,16,95,25,22,1,43,3
17-11-22,685,353,332,66,14,139,52,23,3,34,1
18-11-22,250,171,79,13,14,21,17,9,0,4,1
19-11-22,559,320,239,20,10,114,44,20,0,31,0
20-11-22,646,320,326,78,9,130,39,18,6,46,0
21-11-22,606,289,317,53,13,172,31,10,5,33,0
22-11-22,515,266,249,54,13,90,40,17,1,34,0
23-11-22,477,262,215,37,7,100,19,15,2,35,0
24-11-22,519,258,261,49,4,124,21,19,5,38,1
25-11-22,221,141,80,23,8,30,4,15,0,0,0
26-11-22,462,241,221,53,7,96,12,14,1,38,0
27-11-22,523,277,246,72,6,95,31,13,2,24,3
28-11-22,366,210,156,5,9,86,25,12,0,19,0
29-11-22,436,253,183,49,8,74,25,5,1,18,3
30-11-22,426,239,187,39,9,96,14,9,0,20,0
12-01-22,380,218,162,53,7,59,14,9,0,20,0
12-02-22,120,78,42,0,3,29,3,4,0,3,0
12-03-22,351,207,144,17,5,68,21,10,2,16,5
12-04-22,410,208,202,45,9,108,19,9,1,11,0
12-05-22,308,172,136,11,5,84,13,8,3,12,0
12-06-22,269,134,135,31,2,73,11,7,2,9,0
12-07-22,253,130,123,25,8,54,12,5,1,18,0
12-08-22,246,141,105,23,4,47,11,10,0,10,0
12-09-22,118,61,57,26,1,12,9,4,1,4,0
12-10-22,265,144,121,22,3,79,3,2,1,11,0
12-11-22,220,104,116,35,4,45,12,4,1,15,0
12-12-22,224,119,105,25,1,45,13,2,0,19,0
13-12-22,220,108,112,19,3,68,9,3,0,10,0
14-12-22,184,100,84,12,5,51,4,3,0,9,0
15-12-22,163,95,68,11,1,37,6,7,0,6,0
16-12-22,49,28,21,4,1,10,4,1,0,0,1
17-12-22,125,68,57,10,0,28,7,1,0,11,0
18-12-22,145,66,79,12,1,40,14,5,0,7,0
19-12-22,113,66,47,6,1,19,6,5,0,10,0
20-12-22,108,67,41,14,2,17,4,1,0,3,0
21-12-22,126,68,58,18,2,27,8,0,0,3,0
22-12-22,89,54,35,2,0,20,9,1,0,3,0
23-12-22,39,27,12,0,3,3,3,3,0,0,0
24-12-22,89,59,30,2,3,19,0,1,0,5,0
25-12-22,49,27,22,8,3,10,0,0,1,0,0
26-12-22,106,43,63,9,0,36,8,0,0,10,0
27-12-22,62,35,27,5,1,18,0,0,0,3,0
28-12-22,67,36,31,3,0,18,5,0,1,4,0
29-12-22,65,18,47,13,1,19,4,3,0,7,0
30-12-22,14,6,8,0,0,5,1,2,0,0,0
31-12-22,47,26,21,4,1,11,1,1,1,2,0
01-01-23,41,21,20,0,3,4,6,1,0,6,0
01-02-23,38,22,16,3,1,8,0,1,0,3,0
01-03-23,17,31,48,6,0,16,4,0,0,5,0
01-04-23,49,19,30,8,0,15,2,0,1,4,0
01-05-23,31,25,6,0,0,4,0,0,1,1,0
01-06-23,8,5,3,0,0,2,0,0,0,1,0
01-07-23,27,14,13,0,0,12,0,0,0,1,0
01-08-23,27,7,20,0,0,8,1,0,0,10,1
01-09-23,20,9,11,3,0,4,2,0,0,2,0
01-10-23,32,15,17,3,0,13,1,0,0,0,0
01-11-23,,,,,,,,,,,
01-12-23,18,7,11,9,0,0,0,0,0,1,1
13-01-23,10,4,6,0,0,5,0,0,0,0,1
14-01-23,7,5,2,0,0,0,0,1,0,1,0
15-01-23,22,5,17,4,0,10,1,1,0,1,0
16-01-23,13,9,4,1,0,3,0,0,0,0,0
17-01-23,12,5,7,1,0,5,1,0,0,0,0
18-01-23,14,8,6,2,0,2,1,1,0,0,0
19-01-23,16,6,10,6,1,3,0,0,0,0,0
20-01-23,1,1,0,0,0,0,0,0,0,0,0
21-01-23,11,9,2,0,0,2,0,0,0,0,0
22-01-23,8,3,5,1,0,1,0,0,0,3,0
23-01-23,15,6,9,3,1,3,0,0,0,2,0
24-01-23,14,5,9,4,0,3,0,0,0,2,0
25-01-23,12,6,6,1,0,2,0,1,0,2,0
26-01-23,8,5,3,,,,,,,,
27-01-23,2,2,0,0,0,0,0,0,0,0,0
28-01-23,6,3,3,0,0,1,0,0,0,2,0
29-01-23,14,8,6,0,0,4,2,0,0,0,0
30-01-23,7,4,3,0,1,0,0,1,0,1,0
31-01-23,14,5,9,2,0,2,2,0,0,3,0
02-01-23,2,2,0,0,0,0,0,0,0,0,0
02-02-23,8,2,6,2,0,2,0,0,0,2,0
02-03-23,2,2,0,0,0,0,0,0,0,0,0
02-04-23,10,7,3,0,0,3,0,0,0,0,0
02-05-23,5,3,2,0,0,2,0,0,0,0,0
02-06-23,11,4,7,3,0,4,0,0,0,0,0
02-07-23,7,3,4,1,0,2,0,0,0,1,0
02-08-23,11,4,7,1,0,3,1,0,0,2,0
02-09-23,6,3,3,0,0,0,0,0,0,3,0
02-10-23,3,3,0,0,0,0,0,0,0,0,0
02-11-23,13,4,9,0,0,2,1,0,0,6,0
02-12-23,14,4,10,2,0,0,0,0,0,8,0
13-02-23,5,2,3,1,0,2,0,0,0,0,0
14-02-23,10,3,7,3,0,4,0,0,0,0,0
15-02-23,9,6,3,0,1,2,0,0,0,0,0
16-02-23,4,3,1,,,,,,,,
17-02-23,0,0,0,0,0,0,0,0,0,0,0
18-02-23,5,3,2,0,0,2,0,0,0,0,0
19-02-23,4,3,1,0,0,0,0,0,0,1,0
20-02-23,4,2,2,0,0,2,0,0,0,0,0
21-02-23,1,0,1,1,0,0,0,0,0,0,0
22-02-23,8,3,5,1,0,3,0,0,0,1,0
23-02-23,5,3,2,1,0,0,0,0,0,1,0
24-02-23,2,0,2,0,0,2,0,0,0,0,0
25-02-23,4,3,1,0,0,0,1,0,0,0,0
26-02-23,8,3,5,0,0,2,3,0,0,0,0
27-02-23,3,1,2,0,1,1,0,0,0,0,0
28-02-23,2,0,2,0,0,1,0,0,0,1,0
03-01-23,3,2,1,0,0,1,0,0,0,0,0
03-02-23,16,6,10,0,0,4,0,0,0,6,0
03-03-23,1,0,1,0,1,0,0,0,0,0,0
03-04-23,2,1,1,0,0,0,1,0,0,0,0
03-05-23,4,4,0,0,0,0,0,0,0,0,0
03-06-23,8,5,3,0,0,2,0,0,0,1,0
03-07-23,2,2,0,0,0,0,0,0,0,0,0
03-08-23,1,1,0,0,0,0,0,0,0,0,0
03-09-23,7,7,0,0,0,0,0,0,0,0,0
03-10-23,1,0,1,0,0,0,0,0,0,1,0
03-11-23,2,2,0,0,0,0,0,0,0,0,0
03-12-23,3,2,1,0,0,1,0,0,0,0,0
13-03-23,4,3,1,1,0,0,0,0,0,0,0
14-03-23,2,1,1,1,0,0,0,0,0,0,0
15-03-23,5,2,3,0,0,1,0,0,0,2,0
16-03-23,3,3,0,0,0,0,0,0,0,0,0
17-03-23,0,0,0,0,0,0,0,0,0,0,0
18-03-23,4,4,0,0,0,0,0,0,0,0,0
19-03-23,7,3,4,0,0,1,3,0,0,0,0
20-03-23,2,1,1,0,0,1,0,0,0,0,0
21-03-23,4,1,3,0,0,1,0,0,0,2,0
22-03-23,5,4,1,0,0,0,0,0,0,1,0
23-03-23,1,1,0,0,0,0,0,0,0,0,0
24-03-23,0,0,0,0,0,0,0,0,0,0,0
25-03-23,6,5,1,0,0,1,0,0,0,0,0
26-03-23,0,0,0,0,0,0,0,0,0,0,0
27-03-23,4,4,0,0,0,0,0,0,0,0,0
28-03-23,6,5,1,0,0,1,0,0,0,0,0
29-03-23,2,2,0,0,0,0,0,0,0,0,0
30-03-23,6,3,3,0,0,3,0,0,0,0,0
31-03-23,0,0,0,0,0,0,0,0,0,0,0
04-01-23,4,4,0,0,0,0,0,0,0,0,0
04-02-23,3,1,2,0,0,1,0,0,0,1,0
04-03-23,2,0,2,0,0,0,0,0,0,2,0
04-04-23,5,5,0,0,0,0,0,0,0,0,0
04-05-23,5,5,0,0,0,0,0,0,0,0,0
04-06-23,12,8,4,0,0,1,2,0,0,1,0
04-07-23,0,0,0,0,0,0,0,0,0,0,0
04-08-23,1,1,0,0,0,0,0,0,0,0,0
04-09-23,4,4,0,0,0,0,0,0,0,0,0
04-10-23,9,7,2,0,0,1,1,0,0,0,0
04-11-23,6,3,3,2,0,1,0,0,0,0,0
04-12-23,4,2,2,0,0,2,0,0,0,0,0
13-04-23,3,3,0,0,0,0,0,0,0,0,0
14-04-23,0,0,0,0,0,0,0,0,0,0,0
15-04-23,0,0,0,0,0,0,0,0,0,0,0
16-04-23,7,4,3,0,0,1,0,0,0,2,0
17-04-23,5,2,3,0,1,2,0,0,0,0,0
18-04-23,7,1,6,0,0,6,0,0,0,0,0
19-04-23,0,0,0,0,0,0,0,0,0,0,0
20-04-23,1,1,0,0,0,0,0,0,0,0,0
21-04-23,0,0,0,0,0,0,0,0,0,0,0
22-04-23,0,0,0,0,0,0,0,0,0,0,0
23-04-23,0,0,0,0,0,0,0,0,0,0,0
24-04-23,9,6,3,0,0,3,0,0,0,0,0
25-04-23,11,5,6,0,0,2,1,0,0,3,0
26-04-23,8,5,3,0,0,1,0,0,0,2,0
27-04-23,13,11,2,0,0,2,0,0,0,0,0
28-04-23,0,0,0,0,0,0,0,0,0,0,0
29-04-23,15,10,5,0,0,5,0,0,0,0,0
30-04-23,9,4,5,0,0,5,0,0,0,0,0
05-01-23,24,21,3,0,0,0,0,0,0,3,0
05-02-23,27,20,7,0,1,3,0,0,0,2,1
05-03-23,16,9,7,1,1,3,0,0,0,2,0
05-04-23,9,7,2,1,1,0,0,0,0,0,0
05-05-23,4,4,0,0,0,0,0,0,0,0,0
05-06-23,14,13,1,0,0,1,0,0,0,0,0
05-07-23,9,8,1,0,0,1,0,0,0,0,0
05-08-23,34,29,5,1,0,2,0,0,0,2,0
05-09-23,21,15,6,0,1,2,0,0,0,3,0
05-10-23,28,24,4,0,1,0,1,0,0,2,0
05-11-23,19,14,5,0,0,2,1,0,0,2,0
05-12-23,5,5,0,0,0,0,0,0,0,0,0
13-05-23,29,23,6,0,0,6,0,0,0,0,0
14-05-23,18,14,4,0,0,3,0,0,0,1,0
15-05-23,18,16,2,0,0,2,0,0,0,0,0
16-05-23,31,26,5,0,1,1,0,0,0,3,0
17-05-23,38,34,4,1,0,2,1,0,0,0,0
18-05-23,29,22,7,3,1,1,1,0,0,1,0
19-05-23,3,3,0,0,0,0,0,0,0,0,0
20-05-23,52,51,1,0,0,0,0,0,0,1,0
21-05-23,33,22,11,7,0,1,1,0,0,2,0
22-05-23,40,36,4,0,1,2,0,0,0,1,0
23-05-23,46,41,5,0,1,3,0,0,0,1,0
24-05-23,35,30,5,0,0,2,1,0,0,2,0
25-05-23,52,41,11,1,2,8,0,0,0,0,0
26-05-23,4,4,0,0,0,0,0,0,0,0,0
27-05-23,80,73,7,0,0,6,0,0,0,1,0
28-05-23,67,58,9,3,0,4,1,0,0,1,0
29-05-23,72,58,14,6,0,7,0,0,0,1,0
30-05-23,84,61,23,6,1,10,0,0,0,6,0
31-05-23,95,82,13,1,0,9,0,0,0,3,0
06-01-23,112,99,13,2,0,8,1,0,0,2,0
06-02-23,4,2,2,0,1,0,0,0,0,1,0
06-03-23,141,128,13,0,0,8,0,0,0,5,0
06-04-23,97,87,10,0,1,3,3,0,0,3,0
06-05-23,101,87,14,0,1,7,3,1,0,2,0
06-06-23,96,89,7,0,0,3,0,0,0,4,0
06-07-23,147,127,20,1,0,12,2,0,0,5,0
06-08-23,134,122,12,1,1,6,0,0,0,4,0
06-09-23,11,9,2,0,1,0,1,0,0,0,0
06-10-23,156,148,8,2,2,2,1,0,0,1,0
06-11-23,189,136,53,14,2,19,1,2,3,12,0
06-12-23,180,150,30,2,1,20,0,1,2,4,0
13-06-23,211,174,37,2,2,14,5,1,0,13,0
14-06-23,201,175,26,9,1,7,0,1,0,8,0
15-06-23,285,237,48,4,3,25,1,1,0,14,0
16-06-23,39,25,14,6,5,2,0,1,0,0,0
17-06-23,477,402,75,11,3,31,6,0,0,24,0
18-06-23,305,232,73,25,9,20,3,0,0,14,2
19-06-23,322,259,63,13,7,19,10,0,2,11,1
20-06-23,334,273,61,6,3,28,0,1,0,21,2
21-06-23,360,282,78,13,9,21,11,0,2,20,2
22-06-23,369,278,91,8,3,56,3,0,3,13,5
23-06-23,46,36,10,6,0,0,2,1,0,0,1
24-06-23,500,417,83,15,7,19,5,0,0,26,11
25-06-23,399,267,132,29,9,46,16,6,5,18,3
26-06-23,371,236,135,13,12,50,14,7,8,28,3
27-06-23,145,104,41,8,8,15,2,0,0,2,6
28-06-23,108,55,53,9,2,16,11,1,2,12,0
29-06-23,44,24,20,0,1,9,5,2,0,2,1
30-06-23,72,41,31,0,1,16,11,0,0,3,0
07-01-23,270,178,92,5,12,20,13,0,0,42,0
07-02-23,509,224,285,36,11,127,13,4,2,89,3
07-03-23,436,174,262,64,10,101,19,1,10,50,7
07-04-23,678,429,249,62,6,91,20,6,1,62,1
07-05-23,584,382,202,30,13,84,10,6,11,46,2
07-06-23,661,433,228,25,7,92,23,6,4,70,1
07-07-23,182,72,110,32,9,35,17,4,3,6,4
07-08-23,820,603,217,36,7,41,17,3,1,110,2
07-09-23,836,516,320,32,11,117,33,9,10,98,10
07-10-23,889,574,315,52,17,147,22,3,15,56,3
07-11-23,1054,628,426,121,15,123,37,11,21,93,5
07-12-23,1246,709,537,104,16,185,18,14,20,172,8
13-07-23,1239,756,483,124,19,148,32,23,14,111,12
14-07-23,449,184,265,72,24,65,18,15,19,43,9
15-07-23,1623,1168,455,85,19,144,43,18,15,123,8
16-07-23,1424,741,683,184,46,187,53,29,21,153,10
17-07-23,1589,847,742,138,32,260,62,33,24,165,28
18-07-23,1533,779,754,172,41,229,78,29,15,170,20
19-07-23,1792,922,870,217,44,266,79,43,20,185,16
20-07-23,1755,845,910,246,52,230,68,40,18,240,16
21-07-23,896,403,493,183,52,88,41,21,13,87,8
22-07-23,2242,1239,1003,222,47,269,91,28,49,278,19
23-07-23,2292,1064,1228,339,44,331,102,68,47,285,12
24-07-23,2293,1238,1055,181,69,298,87,64,60,273,23
25-07-23,2418,1162,1256,333,48,335,92,77,55,293,23
26-07-23,2653,1327,1326,319,93,336,103,84,79,284,28
27-07-23,2361,1122,1239,266,96,280,114,105,64,289,25
28-07-23,1503,907,596,145,73,61,62,36,18,180,21
29-07-23,2202,1143,1059,209,93,390,87,46,33,191,10
30-07-23,2731,1184,1547,385,62,415,145,97,80,339,24
31-07-23,2694,1168,1526,447,88,362,140,100,70,294,25
08-01-23,2584,1131,1453,429,79,375,119,107,74,256,14
08-02-23,2711,1130,1581,475,69,420,116,100,75,314,12
08-03-23,2589,1101,1488,449,95,338,119,97,68,296,26
08-04-23,1757,892,865,163,78,227,73,55,33,221,15
08-05-23,2495,1069,1426,290,80,472,134,84,68,273,25
08-06-23,2764,1078,1686,545,73,378,119,110,87,348,26
08-07-23,2751,1119,1632,501,105,346,175,124,88,275,18
08-08-23,2742,1002,1740,607,89,364,149,130,64,316,21
08-09-23,2844,1092,1752,527,102,413,152,117,55,356,30
08-10-23,2959,1097,1862,573,82,397,165,139,77,405,24
08-11-23,2046,853,1193,286,97,350,106,54,22,269,9
08-12-23,2432,940,1492,271,76,391,182,130,43,386,13
13-08-23,2905,1042,1863,661,83,400,152,110,79,350,28
14-08-23,2480,919,1561,432,82,376,160,112,72,301,26
15-08-23,1984,731,1253,303,68,325,136,103,37,273,8
16-08-23,2149,834,1315,306,73,352,158,108,59,238,21
17-08-23,2288,899,1389,386,81,334,159,114,45,260,10
18-08-23,1565,804,761,126,55,212,90,69,19,182,8
19-08-23,1983,738,1245,340,61,291,150,63,61,265,14
20-08-23,2134,785,1349,388,57,341,127,105,53,266,12
21-08-23,2197,872,1325,370,63,322,145,120,62,228,15
22-08-23,2168,842,1326,330,59,394,126,98,49,259,11
23-08-23,2070,857,1213,332,58,336,141,95,45,192,14
24-08-23,2201,926,1275,399,61,262,153,87,65,238,10
25-08-23,1594,703,891,197,59,232,130,62,22,166,23
26-08-23,1960,833,1127,194,46,341,143,97,63,237,6
27-08-23,2327,920,1407,358,68,394,157,98,48,259,25
28-08-23,2331,918,1413,450,62,316,190,90,56,239,10
29-08-23,2291,920,1371,331,74,367,177,108,54,247,13
30-08-23,2367,899,1468,404,65,364,211,106,26,286,6
31-08-23,2308,875,1433,371,73,354,195,115,55,256,14
09-01-23,1534,589,945,187,56,281,136,68,22,185,10
09-02-23,2352,982,1370,303,56,364,179,90,68,305,5
09-03-23,2608,892,1716,480,69,375,263,124,50,346,9
09-04-23,2823,1005,1818,515,91,404,269,110,61,357,11
09-05-23,2782,951,1831,615,64,352,228,132,48,374,18
09-06-23,2115,833,1282,329,75,305,182,96,20,273,2
09-07-23,2689,899,1790,394,87,423,278,133,60,404,11
09-08-23,1876,842,1034,182,89,256,181,106,18,197,5
09-09-23,2748,1051,1697,379,70,380,297,115,52,391,13
09-10-23,2993,994,1999,548,81,477,253,207,47,374,12
09-11-23,2944,967,1977,663,81,403,268,146,78,327,11
09-12-23,2956,911,2045,561,75,462,266,158,48,468,7
13-09-23,2944,823,2121,638,90,468,284,156,52,419,14
14-09-23,2663,900,1763,452,70,380,273,170,54,354,10
15-09-23,2129,843,1286,374,80,350,170,46,6,254,6
16-09-23,2598,881,1717,476,60,374,254,146,24,383,0
17-09-23,3122,849,2273,699,98,416,318,195,76,458,13
18-09-23,3084,894,2190,666,93,470,315,180,72,381,13
19-09-23,3027,849,2178,694,65,450,371,191,59,341,7
20-09-23,3015,857,2158,623,75,454,319,192,49,440,6
21-09-23,2889,789,2100,564,64,547,332,223,40,324,6
22-09-23,2153,667,1486,462,67,299,232,110,29,277,10
23-09-23,2865,814,2051,522,49,465,324,187,27,469,8
24-09-23,3008,812,2196,627,50,455,339,190,50,477,8
25-09-23,3033,801,2232,686,68,508,299,172,66,423,10
26-09-23,3123,774,2349,792,76,432,379,189,58,409,14
27-09-23,2950,726,2224,757,70,441,352,162,34,402,6
28-09-23,2357,671,1686,482,57,366,291,165,22,299,4
29-09-23,1793,584,1209,306,41,314,193,78,9,264,4
30-09-23,2425,751,1674,356,45,372,365,156,39,337,4
10-01-23,2882,629,2253,771,65,372,420,206,65,343,11
10-02-23,2596,607,1989,517,57,397,353,225,52,376,12
10-03-23,2799,682,2117,563,52,418,436,229,49,361,9
10-04-23,2564,720,1844,434,43,420,395,199,54,294,5
10-05-23,2617,633,1984,716,55,337,355,210,31,273,7
10-06-23,1800,504,1296,408,23,287,221,103,15,237,2
10-07-23,2158,585,1573,306,54,401,328,171,19,290,4
10-08-23,2742,612,2130,711,52,385,371,203,38,365,5
10-09-23,2660,649,2011,607,44,382,364,225,50,331,8
10-10-23,2555,617,1938,668,45,309,385,175,34,319,3
10-11-23,2425,579,1846,538,56,358,338,206,40,298,12
10-12-23,2327,491,1836,582,54,316,317,217,29,317,4
13-10-23,1673,478,1195,436,33,186,255,102,9,171,3
14-10-23,2047,460,1587,357,33,276,343,197,29,349,3
15-10-23,2363,537,1826,417,54,313,412,223,37,359,11
16-10-23,2475,539,1936,695,39,300,384,197,38,281,2
17-10-23,2609,561,2048,696,42,321,377,226,40,341,5
18-10-23,2495,574,1921,574,52,340,402,219,46,283,5
19-10-23,2350,515,1835,598,57,294,374,219,28,259,6
20-10-23,1558,424,1134,394,46,198,239,64,27,165,1
21-10-23,1889,412,1477,388,31,265,315,226,32,220,0
22-10-23,2056,500,1556,465,56,260,350,174,30,218,3
23-10-23,2014,454,1560,455,57,242,362,194,8,235,7
24-10-23,1852,427,1425,595,35,213,268,126,30,150,8
25-10-23,1917,435,1482,418,30,199,374,191,33,236,1
26-10-23,1802,409,1393,336,44,229,344,215,25,193,7
27-10-23,1431,365,1066,323,37,144,211,155,35,157,4
28-10-23,1800,407,1393,401,29,180,311,201,37,231,3
29-10-23,1818,355,1463,414,43,217,340,196,34,215,4
30-10-23,1708,374,1334,413,19,191,324,167,13,201,6
31-10-23,1787,413,1374,421,31,209,332,165,26,186,4
11-01-23,1903,384,1519,508,31,189,331,188,22,242,8
11-02-23,1728,379,1349,392,29,197,307,175,35,211,3
11-03-23,1357,355,1002,324,28,108,253,126,29,134,0
11-04-23,1638,430,1208,297,31,179,290,169,24,214,4
11-05-23,2103,433,1670,514,49,250,399,193,24,236,5
11-06-23,1794,417,1377,383,53,194,375,152,14,201,5
11-07-23,1895,394,1501,406,39,206,357,246,16,226,5
11-08-23,1912,359,1553,537,34,221,372,184,15,189,1
11-09-23,1734,271,1463,408,41,220,369,210,22,188,5
11-10-23,1333,298,1035,347,29,141,231,135,12,135,5
11-11-23,1512,338,1174,265,21,186,333,194,12,163,0
11-12-23,1748,351,1397,353,48,187,334,217,28,229,1
13-11-23,1740,330,1410,453,40,167,335,186,19,208,2
14-11-23,1470,319,1151,311,30,184,266,173,18,166,3
15-11-23,1623,349,1274,347,34,182,334,195,13,166,3
16-11-23,1429,302,1127,291,34,173,319,128,10,172,0
17-11-23,956,206,750,242,27,120,190,94,6,71,0
18-11-23,914,204,710,209,23,76,211,95,12,84,0
19-11-23,1291,247,1044,261,36,147,277,146,13,163,1
20-11-23,1197,286,911,269,39,132,233,145,9,83,1
21-11-23,1084,221,863,200,26,125,243,131,17,120,1
22-11-23,1162,229,933,300,19,128,223,143,16,103,1
23-11-23,1094,253,841,239,22,127,220,92,14,126,1
24-11-23,645,154,491,143,25,87,121,32,10,73,0
25-11-23,759,184,575,166,23,79,126,93,16,72,0
26-11-23,971,217,754,237,18,102,198,95,6,92,6
27-11-23,920,219,701,206,26,111,166,80,9,103,0
28-11-23,959,201,758,247,27,125,176,85,2,95,1
29-11-23,968,193,775,257,22,118,185,77,11,103,2
30-11-23,877,144,733,246,26,113,161,91,5,89,2
12-01-23,468,138,330,67,15,62,88,41,13,44,0
12-02-23,605,139,466,101,7,70,150,48,14,76,0
12-03-23,742,156,586,173,17,95,141,88,0,70,2
12-04-23,682,135,547,209,18,78,111,46,13,72,0
12-05-23,669,124,545,168,19,79,129,72,16,60,2
12-06-23,566,118,448,145,17,64,110,50,16,45,1
12-07-23,537,108,429,140,9,72,79,55,8,66,0
12-08-23,251,64,187,31,6,55,48,21,5,19,2
12-09-23,362,94,268,72,11,52,64,23,8,38,0
12-10-23,459,86,373,109,15,70,87,43,7,42,0
12-11-23,413,103,310,100,20,64,60,25,10,31,0
12-12-23,311,80,231,56,7,63,68,16,5,16,0
13-12-23,349,62,287,72,10,64,66,31,7,37,0
14-12-23,308,97,211,55,16,41,41,30,0,28,0
15-12-23,190,57,133,37,9,28,34,12,0,13,0
16-12-23,179,51,128,44,3,24,22,21,1,8,5
17-12-23,254,63,191,43,7,61,38,14,2,26,0
18-12-23,239,65,174,66,9,39,28,10,1,21,0
19-12-23,196,40,156,41,2,42,39,11,1,20,0
20-12-23,207,57,150,38,9,33,35,14,8,13,0
21-12-23,177,40,137,40,13,31,25,19,0,9,0
22-12-23,103,30,73,25,5,29,7,5,0,2,0
23-12-23,114,33,81,16,5,34,10,0,0,16,0
24-12-23,188,41,147,40,10,35,19,17,0,24,2
25-12-23,89,19,70,19,7,31,7,2,0,3,1
26-12-23,152,35,117,30,8,26,15,9,0,29,0
27-12-23,134,28,106,28,5,22,13,12,8,17,1
28-12-23,110,28,82,23,9,20,12,8,0,10,0
29-12-23,56,14,42,7,1,15,10,2,1,6,0
30-12-23,72,32,40,12,2,13,3,0,0,10,0
31-12-23,106,35,71,31,0,14,8,12,1,5,0
01-01-24,85,26,59,17,3,19,5,4,0,10,1
01-02-24,60,13,47,8,5,20,6,2,1,5,0
01-03-24,70,32,38,9,0,12,9,2,1,5,0
01-04-24,75,27,48,7,1,17,7,5,4,7,0
01-05-24,33,17,16,0,0,11,0,2,0,3,0
01-06-24,42,17,25,8,0,6,2,0,4,4,1
01-07-24,13,9,4,1,0,3,0,0,0,0,0
01-08-24,62,25,37,7,0,12,15,0,0,3,0
01-09-24,45,18,27,7,2,10,5,2,0,1,0
01-10-24,59,18,41,15,0,12,7,2,0,5,0
01-11-24,46,14,32,10,0,15,3,2,0,1,1
01-12-24,17,10,7,2,0,3,2,0,0,0,0
13-01-24,25,11,14,4,1,6,3,0,0,0,0
14-01-24,38,14,24,4,1,10,1,2,0,6,0
15-01-24,33,13,20,3,0,14,0,1,0,2,0
16-01-24,30,11,19,4,0,10,0,0,0,5,0
17-01-24,23,3,20,5,0,9,0,0,0,6,0
18-01-24,29,9,20,0,0,9,2,0,0,9,0
19-01-24,18,5,13,3,0,10,0,0,0,0,0
20-01-24,18,6,12,2,1,3,1,0,0,5,0
21-01-24,32,8,24,3,0,2,3,3,2,10,1
22-01-24,30,4,26,4,0,10,1,1,0,10,0
23-01-24,24,7,17,5,0,7,0,0,0,4,1
24-01-24,20,7,13,0,1,10,1,0,0,1,0
25-01-24,18,5,13,1,1,7,0,0,0,4,0
26-01-24,14,6,8,1,0,6,0,1,0,0,0
27-01-24,22,5,17,1,0,8,0,0,0,8,0
28-01-24,25,2,23,5,1,9,6,0,1,1,0
29-01-24,14,6,8,1,0,3,1,0,0,3,0
30-01-24,15,14,1,5,0,7,0,0,0,2,0
31-01-24,20,9,11,3,0,4,0,1,0,3,0
02-01-24,17,4,13,3,0,7,0,0,0,3,0
02-02-24,11,5,6,2,1,3,0,0,0,0,0
02-03-24,10,6,4,1,0,2,0,0,0,1,0
02-04-24,28,9,19,4,0,7,1,1,0,5,1
02-05-24,11,6,5,1,0,2,0,0,0,2,0
02-06-24,22,5,17,0,1,13,1,0,0,2,0
02-07-24,25,6,19,7,0,8,2,0,0,2,0
02-08-24,20,9,11,1,0,7,0,1,0,2,0
02-09-24,3,2,1,0,0,1,0,0,0,0,0
02-10-24,8,6,2,2,0,0,0,0,0,0,0
02-11-24,14,5,9,4,0,1,1,0,0,3,0
02-12-24,7,3,4,2,0,1,0,0,0,1,0
13-02-24,13,5,8,2,0,3,1,0,0,2,0
14-02-24,8,1,7,0,0,3,0,0,0,4,0
15-02-24,5,1,4,0,0,4,0,0,0,0,0
16-02-24,3,2,1,1,0,0,0,0,0,0,0
17-02-24,11,5,6,0,0,3,0,0,0,3,0
18-02-24,7,3,4,1,1,2,0,0,0,0,0
19-02-24,11,6,5,3,0,1,0,0,0,1,0
20-02-24,6,0,6,0,0,4,0,0,0,2,0
21-02-24,5,2,3,1,0,2,0,0,0,0,0
22-02-24,16,4,12,0,0,10,0,0,0,2,0
23-02-24,3,1,2,0,0,2,0,0,0,0,0
24-02-24,11,4,7,1,0,0,0,0,0,6,0
25-02-24,20,2,18,1,3,12,0,0,0,2,0
26-02-24,6,4,2,1,0,1,0,0,0,0,0
27-02-24,19,8,11,1,0,7,0,0,0,3,0
28-02-24,9,3,6,2,0,2,0,0,0,2,0
29-02-24,10,6,4,0,0,2,0,0,0,2,0
03-01-24,4,1,3,0,0,1,0,0,0,2,0
03-02-24,9,4,5,0,1,2,0,0,0,2,0
03-03-24,10,3,7,0,1,4,0,0,0,2,0
03-04-24,10,4,6,0,0,2,2,1,0,1,0
03-05-24,3,3,0,0,0,0,0,0,0,0,0
03-06-24,13,4,9,0,0,7,0,0,0,2,0
03-07-24,12,6,6,1,2,3,0,0,0,0,0
03-08-24,11,7,4,0,0,4,0,0,0,0,0
03-09-24,6,3,3,0,0,2,0,0,0,1,0
03-10-24,12,4,8,1,0,7,0,0,0,0,0
03-11-24,10,5,5,0,0,2,1,0,0,2,0
03-12-24,8,5,3,0,0,2,1,0,0,0,0
13-03-24,8,4,4,2,0,2,0,0,0,0,0
14-03-24,15,1,14,5,0,5,2,1,0,1,0
15-03-24,2,1,1,0,1,0,0,0,0,0,0
16-03-24,10,5,5,0,0,1,0,2,0,2,0
17-03-24,9,0,9,1,0,7,0,0,0,1,0
18-03-24,20,7,13,1,0,10,1,0,0,1,0
19-03-24,19,6,13,1,0,10,0,1,0,1,0
20-03-24,14,3,11,3,0,6,0,0,0,2,0
21-03-24,11,3,8,1,2,3,0,0,0,2,0
22-03-24,6,4,2,0,0,2,0,0,0,0,0
23-03-24,4,4,0,0,0,0,0,0,0,0,0
24-03-24,11,2,9,1,0,5,0,0,0,3,0
25-03-24,10,3,7,2,0,4,1,0,0,0,0
26-03-24,4,1,3,2,0,1,0,0,0,0,0
27-03-24,14,3,11,1,0,7,0,0,0,3,0
28-03-24,10,2,8,4,0,3,0,0,1,0,0
29-03-24,4,3,1,0,0,0,1,0,0,0,0
30-03-24,11,11,0,0,0,0,0,0,0,0,0
31-03-24,21,7,14,3,0,10,0,1,0,0,0
04-01-24,14,3,11,2,1,3,0,0,0,5,0
04-02-24,10,6,4,0,0,3,0,0,1,0,0
04-03-24,6,1,5,0,0,4,0,0,1,0,0
04-04-24,11,1,10,5,0,3,0,0,0,2,0
04-05-24,1,1,0,0,0,0,0,0,0,0,0
04-06-24,9,5,4,1,0,0,0,0,0,3,0
04-07-24,13,4,9,0,2,5,0,0,0,1,1
04-08-24,5,3,2,0,0,0,2,0,0,0,0
04-09-24,15,2,13,0,0,12,0,0,0,1,0
04-10-24,0,0,0,0,0,0,0,0,0,0,0
04-11-24,18,0,18,0,3,12,0,0,0,3,0
04-12-24,2,2,0,0,0,0,0,0,0,0,0
13-04-24,14,7,7,6,0,0,0,0,0,1,0
14-04-24,8,5,3,3,0,0,0,0,0,0,0
15-04-24,34,8,26,7,3,14,2,0,0,0,0
16-04-24,34,5,29,3,1,15,0,0,0,10,0
17-04-24,17,6,11,3,0,7,1,0,0,0,0
18-04-24,23,6,17,1,0,13,1,0,1,1,0
19-04-24,13,9,4,4,0,0,0,0,0,0,0
20-04-24,17,12,5,4,0,1,0,0,0,0,0
21-04-24,34,17,17,8,2,0,2,0,0,5,0
22-04-24,37,6,31,6,0,22,1,0,0,2,0
23-04-24,11,4,7,4,0,0,0,2,0,1,0
24-04-24,33,13,20,8,1,10,1,0,0,0,0
25-04-24,19,4,15,1,0,9,2,0,0,3,0
26-04-24,8,3,5,5,0,0,0,0,0,0,0
27-04-24,15,9,6,1,2,1,0,0,0,2,0
28-04-24,31,11,20,3,0,13,2,0,0,2,0
29-04-24,28,3,25,1,0,14,1,0,0,9,0
30-04-24,24,6,18,2,0,4,0,1,0,11,0
05-01-24,11,1,10,5,0,5,0,0,0,0,0
05-02-24,19,6,13,3,1,8,0,0,0,1,0
05-03-24,9,3,6,4,0,0,0,0,0,2,0
05-04-24,13,8,5,0,0,0,1,2,0,2,0
05-05-24,27,6,21,1,1,13,2,2,0,2,0
05-06-24,35,13,22,5,2,4,1,0,0,10,0
05-07-24,15,6,11,1,0,2,0,0,0,6,0
05-08-24,22,5,17,2,1,5,0,2,0,7,0
05-09-24,31,11,20,4,0,3,0,0,0,13,0
05-10-24,6,2,4,0,2,0,0,0,0,2,0
05-11-24,17,9,8,0,1,0,1,0,0,6,0
05-12-24,46,5,41,11,0,23,0,0,0,4,3
13-05-24,36,7,29,5,0,14,0,0,0,10,0
14-05-24,28,10,18,9,1,3,0,0,0,5,0
15-05-24,21,11,10,1,0,3,1,0,0,5,0
16-05-24,24,14,10,6,0,1,0,0,0,3,0
17-05-24,12,6,6,5,1,0,0,0,0,0,0
18-05-24,13,7,6,0,0,0,0,0,0,6,0
19-05-24,34,8,26,2,2,12,2,0,0,8,0
20-05-24,27,10,17,3,0,6,0,0,3,5,0
21-05-24,21,6,15,1,2,2,0,1,0,9,0
22-05-24,7,7,0,0,0,0,0,0,0,0,0
23-05-24,31,5,26,1,0,11,2,1,0,11,0
24-05-24,12,5,7,1,0,3,0,0,0,3,0
25-05-24,19,9,10,2,2,5,1,0,0,0,0
26-05-24,28,4,24,6,0,11,2,0,0,5,0
27-05-24,16,10,6,0,0,6,0,0,0,0,0
28-05-24,6,2,4,2,0,2,0,0,0,0,0
29-05-24,15,6,9,2,0,3,0,0,0,4,0
30-05-24,25,12,13,4,0,3,2,0,0,4,0
31-05-24,18,7,11,0,0,7,2,0,0,2,0
06-01-24,16,9,7,2,1,1,1,0,0,2,0
06-02-24,34,7,27,4,0,15,2,1,0,4,1
06-03-24,22,15,7,3,0,3,0,0,0,1,0
06-04-24,35,10,20,4,2,8,9,0,0,2,0
06-05-24,24,10,14,6,0,3,0,0,0,5,0
06-06-24,19,10,9,3,2,2,0,0,0,2,0
06-07-24,16,3,13,3,0,1,7,0,0,2,0
06-08-24,12,8,4,3,0,0,0,0,0,1,0
06-09-24,25,7,18,0,1,7,3,0,1,6,0
06-10-24,47,16,31,6,2,2,10,0,0,11,0
06-11-24,15,7,8,0,0,3,1,0,0,4,0
06-12-24,32,16,16,4,0,10,0,0,0,2,0
13-06-24,31,12,19,6,0,6,1,0,0,6,0
14-06-24,12,8,4,2,0,0,1,0,0,1,0
15-06-24,14,8,6,3,1,0,1,0,0,1,0
16-06-24,4,1,3,3,0,0,0,0,0,0,0
17-06-24,0,0,0,0,0,0,0,0,0,0,0
18-06-24,7,2,5,2,1,2,0,0,0,0,0
19-06-24,59,23,36,5,0,21,4,0,0,6,0
20-06-24,27,9,18,2,1,7,3,0,0,5,0
21-06-24,11,11,0,0,0,0,0,0,0,0,0
22-06-24,28,7,21,0,2,8,3,0,0,8,0
23-06-24,42,13,29,10,0,7,4,0,0,8,0
24-06-24,34,16,18,0,0,16,0,0,0,2,0
25-06-24,43,16,27,3,1,13,1,0,0,9,0
26-06-24,34,17,17,4,0,5,3,2,0,3,0
27-06-24,42,18,24,5,0,12,5,1,0,1,0
28-06-24,9,7,2,0,0,2,0,0,0,0,0
29-06-24,60,30,30,6,1,18,4,0,0,1,0
30-06-24,44,12,32,3,0,24,2,0,0,3,0
07-01-24,51,17,34,8,1,17,2,1,2,3,0
07-02-24,49,19,30,4,0,17,2,0,0,7,0
07-03-24,61,17,44,9,1,25,2,0,0,7,0
07-04-24,32,12,20,8,0,6,1,1,0,4,0
07-05-24,22,13,9,7,0,1,1,0,0,0,0
07-06-24,26,19,7,3,0,0,0,0,0,4,0
07-07-24,86,33,53,8,3,25,5,0,0,12,0
07-08-24,63,26,37,6,1,23,0,1,0,6,0
07-09-24,88,28,60,8,1,29,14,0,0,8,0
07-10-24,79,31,48,17,3,17,6,3,0,2,0
07-11-24,103,45,58,15,2,23,8,0,0,10,0
07-12-24,25,13,12,7,1,3,0,1,0,0,0
13-07-24,75,57,18,0,3,0,7,1,0,7,0
14-07-24,155,47,108,17,2,65,13,0,0,11,0
15-07-24,112,55,57,12,0,33,4,2,0,6,0
16-07-24,110,52,58,13,1,26,5,2,0,11,0
17-07-24,25,20,5,0,0,2,0,0,0,3,0
18-07-24,,,,,,,,,,,
19-07-24,,,,,,,,,,,
20-07-24,,,,,,,,,,,
21-07-24,,,,,,,,,,,
22-07-24,,,,,,,,,,,
23-07-24,,,,,,,,,,,
24-07-24,174,82,92,2,3,53,0,0,0,34,0
25-07-24,263,164,99,2,9,55,8,2,0,23,0
26-07-24,148,30,118,0,0,118,0,0,0,0,0
27-07-24,98,74,24,0,0,6,0,0,0,18,0
28-07-24,272,87,185,2,4,135,14,2,0,28,0
29-07-24,226,98,128,6,2,69,12,3,2,34,0
30-07-24,150,45,105,5,0,50,15,0,6,29,0
31-07-24,176,73,103,6,3,63,12,0,0,19,0
08-01-24,197,93,104,2,7,53,14,1,0,27,0
08-02-24,80,38,42,4,1,2,0,0,8,27,0
08-03-24,154,118,36,22,1,0,0,0,0,13,0
08-04-24,211,78,133,13,4,90,23,3,0,0,0
08-05-24,35,34,1,0,1,0,0,0,0,0,0
08-06-24,192,38,154,13,0,118,3,0,2,18,0
08-07-24,159,60,99,16,3,40,13,0,0,27,0
08-08-24,181,93,88,15,2,52,4,1,0,14,0
08-09-24,34,20,14,3,2,8,1,0,0,0,0
08-10-24,204,131,73,0,3,69,1,0,0,0,0
08-11-24,202,99,103,10,3,71,19,0,0,0,0
08-12-24,285,112,173,6,4,62,21,5,4,71,0
13-08-24,215,100,115,15,2,60,14,2,0,22,0
14-08-24,233,88,145,11,5,69,26,3,0,31,0
15-08-24,228,106,122,14,6,50,9,1,0,42,0
16-08-24,50,38,12,0,0,9,3,0,0,0,0
17-08-24,237,132,105,22,8,72,3,0,0,0,0
18-08-24,334,120,214,14,4,91,37,0,0,68,0
19-08-24,265,97,168,26,6,58,34,9,0,35,0
20-08-24,249,95,154,20,11,78,19,7,0,19,0
21-08-24,296,114,182,17,7,95,29,3,3,28,0
22-08-24,217,102,115,15,5,55,15,1,0,24,0
23-08-24,78,47,31,17,0,12,2,0,0,0,0
24-08-24,303,158,145,15,5,92,3,0,0,30,0
25-08-24,319,127,192,19,7,68,53,5,3,37,0
26-08-24,105,64,41,16,1,15,7,0,0,2,0
27-08-24,364,187,177,13,16,82,30,4,0,32,0
28-08-24,326,120,206,38,9,102,38,2,0,17,0
29-08-24,269,161,108,18,8,11,40,6,0,25,0
30-08-24,153,68,85,20,0,51,14,0,0,0,0
31-08-24,346,200,146,15,16,102,13,0,0,0,0
09-01-24,478,162,316,50,3,103,58,8,0,94,0
09-02-24,289,129,160,26,8,75,32,5,0,14,0
09-03-24,335,113,222,48,5,87,33,9,1,39,0
09-04-24,385,143,242,48,3,96,47,4,0,44,0
09-05-24,358,165,193,42,7,69,35,4,0,36,0
09-06-24,118,72,46,25,0,7,14,0,0,0,0
09-07-24,403,257,146,31,8,92,15,0,0,0,0
09-08-24,463,208,255,39,9,91,46,10,6,54,0
09-09-24,615,323,292,93,6,94,60,13,2,24,0
09-10-24,534,205,329,84,17,113,59,18,1,37,0
09-11-24,465,188,277,48,22,106,42,7,7,45,0
09-12-24,561,304,257,94,8,61,34,9,15,36,0
13-09-24,196,103,93,37,0,33,14,7,2,0,0
14-09-24,548,359,189,45,24,24,20,9,12,55,0
15-09-24,486,247,239,63,0,79,39,3,9,46,0
16-09-24,267,206,267,31,10,9,10,1,0,0,0
17-09-24,872,367,505,88,13,224,72,25,3,80,0
18-09-24,865,401,464,113,18,145,94,20,28,46,0
19-09-24,887,362,525,143,35,149,96,14,39,49,0
20-09-24,299,169,130,68,18,10,24,3,2,5,0
21-09-24,843,395,448,106,9,193,48,21,0,71,0
22-09-24,926,326,600,186,18,151,101,46,33,65,0
23-09-24,866,327,539,158,36,121,85,54,18,55,12
24-09-24,801,279,522,197,27,126,61,37,17,55,2
25-09-24,854,365,489,200,35,98,64,27,10,55,0
26-09-24,829,363,466,161,23,91,73,24,23,71,0
27-09-24,321,166,155,65,22,19,15,28,0,6,0
28-09-24,860,387,473,98,32,164,53,2,17,101,6
29-09-24,1221,453,768,250,46,183,134,53,28,74,0
30-09-24,1152,449,703,209,27,233,86,40,38,70,0
10-01-24,1144,461,683,232,35,144,81,33,47,99,12
10-02-24,1017,391,626,216,24,150,92,33,31,76,4
10-03-24,1022,423,599,169,42,143,119,27,0,93,6
10-04-24,317,164,153,50,19,38,23,7,10,5,1
10-05-24,927,441,486,164,38,49,76,18,30,102,9
10-06-24,1225,465,760,267,19,169,111,47,53,87,7
10-07-24,1218,445,773,234,21,221,91,69,33,102,2
10-08-24,981,392,589,143,17,160,95,47,30,93,4
10-09-24,1033,441,592,194,32,131,80,59,7,86,3
10-10-24,583,260,323,149,29,22,27,27,7,62,0
10-11-24,490,225,265,122,16,59,35,0,6,27,0
10-12-24,915,343,572,88,45,197,97,24,9,108,4
13-10-24,660,342,318,97,20,57,71,23,17,32,1
14-10-24,1186,517,669,113,32,209,152,41,21,96,5
15-10-24,1108,349,759,270,30,160,122,52,18,101,6
16-10-24,1186,469,717,254,41,136,104,69,14,95,4
17-10-24,1100,419,681,167,32,148,143,40,26,121,4
18-10-24,411,210,201,49,28,47,43,12,0,18,4
19-10-24,1121,470,651,163,25,149,112,44,10,146,2
20-10-24,1298,477,821,273,38,196,146,42,36,83,7
21-10-24,1039,403,636,200,31,149,101,51,24,77,3
22-10-24,1139,417,722,247,39,177,121,30,16,88,4
23-10-24,1138,457,681,180,37,154,104,66,31,104,5
24-10-24,1029,399,630,197,25,143,132,21,19,88,5
25-10-24,477,228,249,114,12,39,33,19,5,25,2
26-10-24,961,401,560,149,44,141,105,21,1,94,5
27-10-24,1248,461,787,244,51,207,107,40,23,111,4
28-10-24,1197,421,776,281,36,140,136,71,26,82,4
29-10-24,1312,503,809,246,28,189,169,40,17,118,2
30-10-24,1154,415,739,221,44,132,145,65,36,94,2
31-10-24,1243,497,746,234,44,143,124,67,24,105,5
11-01-24,382,176,206,35,25,63,46,20,0,12,5
11-02-24,966,474,492,147,40,71,81,21,2,125,5
11-03-24,1306,440,866,237,31,214,154,57,46,118,9
11-04-24,1297,430,867,315,33,185,171,34,36,89,4
11-05-24,1370,525,845,350,39,144,135,28,27,122,0
11-06-24,1109,400,709,175,45,166,139,52,20,107,5
11-07-24,1209,422,787,211,40,160,137,71,26,138,4
11-08-24,466,242,224,92,20,50,43,9,1,6,3
11-09-24,1134,409,725,240,41,163,110,33,5,131,2
11-10-24,1337,443,894,337,48,162,139,69,33,101,5
11-11-24,1194,441,753,246,45,145,142,68,16,88,3
11-12-24,1211,430,781,272,43,139,130,67,18,108,4
13-11-24,1221,396,825,312,35,123,160,66,28,95,6
14-11-24,1107,415,692,243,35,117,121,69,22,81,4
15-11-24,474,207,267,54,20,61,56,66,3,2,5
16-11-24,994,404,590,218,46,65,74,61,6,119,1
17-11-24,1389,376,1013,391,44,172,159,96,19,123,9
18-11-24,1083,380,703,259,36,107,145,58,10,84,4
19-11-24,1052,405,647,159,35,137,140,74,12,85,5
20-11-24,1034,371,663,159,36,128,145,65,12,111,7
21-11-24,1214,358,856,408,39,94,117,91,14,82,11
22-11-24,458,181,277,58,22,62,65,47,2,20,1
23-11-24,886,391,495,103,27,69,107,40,4,144,1
24-11-24,1079,337,742,250,35,133,143,58,17,97,9
25-11-24,934,333,601,188,41,119,126,49,16,61,1
26-11-24,990,345,645,215,38,103,146,59,2,81,1
27-11-24,888,306,582,226,37,80,117,39,17,50,16
28-11-24,837,300,537,207,18,85,109,32,10,72,4
29-11-24,354,177,177,46,22,38,25,41,1,4,0
30-11-24,675,319,356,69,18,72,66,27,6,98,0
12-01-24,882,276,606,201,33,141,91,54,11,67,8
12-02-24,705,269,436,134,18,73,96,43,10,60,2
12-03-24,629,243,386,114,30,54,92,28,12,55,1
12-04-24,629,225,404,132,22,61,75,34,16,55,9
12-05-24,570,208,362,127,17,47,64,50,1,54,2
12-06-24,186,109,77,40,10,5,17,0,0,4,1
12-07-24,562,268,294,55,18,78,47,37,2,53,4
12-08-24,596,240,356,124,20,67,72,32,8,31,2
12-09-24,478,200,278,95,7,41,60,33,4,35,3
12-10-24,453,176,277,93,12,57,42,40,4,29,0
12-11-24,444,169,275,89,13,73,45,27,3,23,2
12-12-24,344,154,190,29,7,51,41,19,2,41,0
13-12-24,241,87,154,61,8,21,44,8,1,9,2
14-12-24,316,161,155,36,6,47,14,11,0,40,1
15-12-24,373,132,241,88,15,34,44,20,2,36,2
16-12-24,107,44,63,20,7,25,6,2,0,2,1
17-12-24,311,121,190,49,10,40,32,7,0,51,1
18-12-24,274,84,190,55,9,41,43,4,3,33,2
19-12-24,236,70,166,54,16,30,26,8,3,28,1
20-12-24,83,35,48,26,3,7,2,8,1,1,0
21-12-24,141,70,71,22,5,12,11,8,0,13,0
22-12-24,165,49,116,27,7,21,22,3,1,35,0
23-12-24,172,70,102,48,4,17,5,10,1,17,0
24-12-24,125,65,60,15,1,8,17,4,0,14,1
25-12-24,67,24,43,11,5,20,0,4,0,2,1
26-12-24,153,42,111,34,2,13,25,6,1,30,0
27-12-24,53,25,28,8,2,12,2,2,1,0,1
28-12-24,104,43,61,33,3,7,2,3,0,13,0
29-12-24,148,46,102,23,4,27,20,14,0,14,0
30-12-24,114,40,74,29,1,11,9,9,0,15,0
31-12-24,84,30,54,14,1,21,3,2,0,13,0
