Date,Division,effected,Rainfall,Humidity,Temparature,Windspeed,Sunshine
01-01-22,Dhaka,2,0,77.4,18.68,1.8,6.96
02-01-22,Dhaka,7,0,88,16.64,1.44,3.56
03-01-22,Dhaka,4,0,80.4,17.62,1.4,6.32
04-01-22,Dhaka,3,0,82,17.18,1.7,6.06
05-01-22,Dhaka,2,0,86.4,16.5,1.7,4.96
06-01-22,Dhaka,3,0,82,17.66,0.8,6.16
07-01-22,Dhaka,1,0,78,19.34,0.84,6.38
08-01-22,Dhaka,2,0,75.8,20.12,1.5,6.7
09-01-22,Dhaka,4,0,76,20.12,2,6.42
10-01-22,Dhaka,2,0,75.6,20.5,1.34,4.82
11-01-22,Dhaka,3,0,74.4,21.34,2.2,2.36
12-01-22,Dhaka,0,2,84,19.98,0.8,2.02
13-01-22,Dhaka,3,1.4,81.4,19.86,1,3.68
14-01-22,Dhaka,1,0,81.2,18.56,1.34,0
15-01-22,Dhaka,3,0.4,81.2,18.3,1.06,3
16-01-22,Dhaka,2,0.2,71.8,17.44,2.2,5.96
17-01-22,Dhaka,2,0,75.8,17.9,2.1,5.6
18-01-22,Dhaka,3,0,79,17.94,1.5,4.9
19-01-22,Dhaka,5,0,80.4,17.44,1.3,4.3
20-01-22,Dhaka,1,0,78.8,16.96,1.8,4.12
21-01-22,Dhaka,0,0,78,17.72,0.2,4.24
22-01-22,Dhaka,0,0,83.4,18.26,1.2,0.7
23-01-22,Dhaka,1,0,83.6,18.84,0.8,0.86
24-01-22,Dhaka,2,4.6,85,18.74,1.6,1.58
25-01-22,Dhaka,1,0,81.6,20.12,0.7,4.46
26-01-22,Dhaka,0,0,84,19.68,1.3,1.94
27-01-22,Dhaka,1,4.2,71,17.4,2.38,6.06
28-01-22,Dhaka,2,0,69.2,15.66,1.6,6.12
29-01-22,Dhaka,0,0,74.2,15.3,1.76,5.96
30-01-22,Dhaka,0,0,76.2,15.64,2.1,5.6
31-01-22,Dhaka,0,0,74.4,17.1,1.94,5.94
01-02-22,Dhaka,0,0,77.4,19.1,1.94,6.08
02-02-22,Dhaka,2,0,70.8,19.9,1,7.1
03-02-22,Dhaka,2,0,81.4,21.02,1.34,3.94
04-02-22,Dhaka,0,0.8,90.2,17.78,2.24,2.76
05-02-22,Dhaka,2,36.2,78.6,17.3,2.04,7.34
06-02-22,Dhaka,1,0,76.2,16.36,1.86,8.02
07-02-22,Dhaka,0,0,76.4,16.52,2.34,7.38
08-02-22,Dhaka,0,0,75.4,17.54,1.4,7.62
09-02-22,Dhaka,0,0,74.8,19.06,1.6,7.3
10-02-22,Dhaka,0,0,86.8,17.94,0.6,1.58
11-02-22,Dhaka,0,0.8,80.6,18.74,1.4,2.64
12-02-22,Dhaka,1,0,66.4,17.84,2.12,6.82
13-02-22,Dhaka,1,0,66.4,18.96,1.26,8.18
14-02-22,Dhaka,0,0,67.4,19.18,1.7,8.28
15-02-22,Dhaka,0,0,66.6,19.3,1.4,7.82
16-02-22,Dhaka,0,0,64.6,19.42,1.36,7.98
17-02-22,Dhaka,0,0,67.6,19.52,2.06,6.68
18-02-22,Dhaka,0,0,63.6,19.62,2.3,8.3
19-02-22,Dhaka,0,0,60.4,19.62,3.1,7.32
20-02-22,Dhaka,0,0,72.4,19.82,1.94,3.48
21-02-22,Dhaka,0,3.8,69.4,20.5,1.84,7.74
22-02-22,Dhaka,0,0,69,21.96,1.2,6.04
23-02-22,Dhaka,1,0,73.6,22.26,1.74,6.62
24-02-22,Dhaka,0,0,70,23.22,1.9,6.4
25-02-22,Dhaka,0,2.2,68.8,23.5,1.6,7.44
26-02-22,Dhaka,0,0,71.8,23.78,7.1,7.74
27-02-22,Dhaka,0,0,72.2,23.36,1.8,6.48
28-02-22,Dhaka,0,2.2,73.8,24,1.14,7.46
01-03-22,Dhaka,0,0,64.2,23.62,2.2,8.22
02-03-22,Dhaka,1,0,61.6,23.54,1.4,8.8
03-03-22,Dhaka,0,0,64.4,23.36,2.1,8.66
04-03-22,Dhaka,0,0,61.8,23.56,2.2,8.42
05-03-22,Dhaka,0,0,62.4,24.44,1.4,8.36
06-03-22,Dhaka,1,0,59.4,24.46,1.4,8.58
07-03-22,Dhaka,0,0,62.6,25.46,2.74,8.84
08-03-22,Dhaka,0,0,66.8,25.88,2.46,8.72
09-03-22,Dhaka,1,0,62,25.64,1.62,9.1
10-03-22,Dhaka,1,0,59.4,25.7,2.14,9.2
11-03-22,Dhaka,2,0,59.8,25.44,1.8,9.06
12-03-22,Dhaka,0,0,60,25.28,2.14,8.72
13-03-22,Dhaka,0,0,59,25.66,1.6,9.3
14-03-22,Dhaka,0,0,63,26.68,2.08,8.72
15-03-22,Dhaka,0,0,63.4,26.8,2.1,8.68
16-03-22,Dhaka,0,0,60,27.8,1.8,8.6
17-03-22,Dhaka,0,0,61.2,27.84,1.6,8.7
18-03-22,Dhaka,0,0,58.4,27.86,1.1,9.02
19-03-22,Dhaka,0,0,56.6,27.92,1.4,8.96
20-03-22,Dhaka,0,0,59,27.84,1.7,8.7
21-03-22,Dhaka,0,0,70.2,27.62,1.56,7.1
22-03-22,Dhaka,0,0,72.8,28.26,1.2,6.92
23-03-22,Dhaka,0,0,68.8,29.18,1.4,7.16
24-03-22,Dhaka,0,0,73.4,28.6,3.2,6.9
25-03-22,Dhaka,0,0,75.4,28.7,3.32,4.06
26-03-22,Dhaka,0,0,77.4,29,2.4,2.86
27-03-22,Dhaka,1,0,76,28.78,2.46,4.96
28-03-22,Dhaka,0,1.8,72.8,29.06,2.8,7.02
29-03-22,Dhaka,0,0,75.4,28.72,2.46,5.36
30-03-22,Dhaka,4,1,75.4,28.86,2.64,6.14
31-03-22,Dhaka,0,0,74.2,29.26,2.1,6.84
01-04-22,Dhaka,0,0,74.4,29.5,2.96,6.14
02-04-22,Dhaka,0,0,77.4,29.02,1.82,1.98
03-04-22,Dhaka,2,0,74.6,29.1,2.58,4.3
04-04-22,Dhaka,0,0,73,29.24,4.06,6.64
05-04-22,Dhaka,0,0,71,29.22,3,7.36
06-04-22,Dhaka,0,0,73.6,29.16,2.82,6.92
07-04-22,Dhaka,1,0,73.2,29.44,1.9,7.74
08-04-22,Dhaka,0,0,71.8,29.36,2.14,8.38
09-04-22,Dhaka,0,0,74.2,29.4,2.76,6.14
10-04-22,Dhaka,2,0,74.4,29.34,3.38,3.36
11-04-22,Dhaka,1,0,76.2,29.72,2.64,4.18
12-04-22,Dhaka,0,0,79.4,29.06,2.28,3.1
13-04-22,Dhaka,1,0,74.4,29.96,3.08,5.9
14-04-22,Dhaka,0,0,77,29.86,3.66,3.4
15-04-22,Dhaka,0,0,74.8,30.66,2.68,7.64
16-04-22,Dhaka,1,0,77.4,30.06,2.66,3.4
17-04-22,Dhaka,1,0,74.6,30.02,2.94,4.84
18-04-22,Dhaka,1,0,76.6,30.2,3.18,6.7
19-04-22,Dhaka,0,0,71.8,30.34,2.34,6.38
20-04-22,Dhaka,2,2.4,84.2,23.5,1.9,2.32
21-04-22,Dhaka,1,27.6,78.6,27.44,1.86,3.96
22-04-22,Dhaka,0,0,84.4,26.62,3,3.5
23-04-22,Dhaka,0,25.2,78.4,29.68,1.66,7.72
24-04-22,Dhaka,1,0,76,31.24,2.18,9.2
25-04-22,Dhaka,1,0,75.2,31.32,2.04,6.6
26-04-22,Dhaka,3,0,75.2,31.16,1.86,7.82
27-04-22,Dhaka,1,0,74.8,30.84,2.3,8.54
28-04-22,Dhaka,0,0.8,71.8,30.78,1.62,5.52
29-04-22,Dhaka,0,0.2,72.2,30.1,2.52,8.48
30-04-22,Dhaka,0,1,67.6,28.82,2.44,5.9
01-05-22,Dhaka,0,7.6,69.4,29.56,1.9,8.3
02-05-22,Dhaka,0,10.6,72.4,28.14,2.16,6.86
03-05-22,Dhaka,0,0.2,88.2,24.78,1.86,0.92
04-05-22,Dhaka,0,21,81.2,26.96,2.08,4.4
05-05-22,Dhaka,1,24.6,75.8,28.52,2.3,7.84
06-05-22,Dhaka,1,0.2,77.6,28.12,2.2,6.18
07-05-22,Dhaka,0,13.6,77,29.12,1.6,7.86
08-05-22,Dhaka,5,1.8,70.6,30.34,1.64,8.82
09-05-22,Dhaka,1,5,85.8,27.04,2.3,0.5
10-05-22,Dhaka,2,9.4,90.4,26.86,1.56,1.54
11-05-22,Dhaka,0,35.8,87.8,27.36,1.44,1.32
12-05-22,Dhaka,0,4.4,85.2,28.34,1.92,3.8
13-05-22,Dhaka,1,2.4,81.6,29.1,3.22,2.4
14-05-22,Dhaka,3,2.8,77.2,30.32,3.08,3.84
15-05-22,Dhaka,1,0.2,74.8,30.82,2.76,6.24
16-05-22,Dhaka,8,0,74.6,31.22,3.1,7.46
17-05-22,Dhaka,12,0,75.4,30.78,2.82,5.7
18-05-22,Dhaka,5,3.4,74.2,31.54,2.44,8.32
19-05-22,Dhaka,5,0,75.8,30.34,2.18,6.38
20-05-22,Dhaka,0,12.2,77,29.18,2.82,6.56
21-05-22,Dhaka,9,16.2,78.4,26.44,3.84,3.96
22-05-22,Dhaka,6,19.2,75.8,29.36,1.6,3.76
23-05-22,Dhaka,14,0,72.8,30.3,1.66,9.62
24-05-22,Dhaka,12,0,73.2,30.08,2.16,7.48
25-05-22,Dhaka,6,2.2,82.4,27.58,2.14,4.26
26-05-22,Dhaka,7,37,77.2,29,1.6,8.52
27-05-22,Dhaka,5,8,76.4,28.44,1.8,3.84
28-05-22,Dhaka,15,3.6,79.6,28.82,2.1,5.36
29-05-22,Dhaka,10,5.4,81.2,27.8,1.56,0.88
30-05-22,Dhaka,18,10.6,84.2,28.72,1.4,1.06
31-05-22,Dhaka,14,8,83.2,28.72,1,2.72
01-06-22,Dhaka,9,7.8,82,29.4,1.26,2.82
02-06-22,Dhaka,19,4.2,81.4,29.3,1.78,2.26
03-06-22,Dhaka,16,1,81.4,29.64,1.8,2.18
04-06-22,Dhaka,13,2.4,83,29.2,1.82,2.26
05-06-22,Dhaka,14,2.2,78.2,30.94,1.9,4.74
06-06-22,Dhaka,19,0,79.2,29.76,1.64,3.66
07-06-22,Dhaka,16,20.6,80.2,30.44,1.74,3.08
08-06-22,Dhaka,16,0,78.6,31.16,1.66,4.28
09-06-22,Dhaka,28,3,88.4,26.28,2.06,0.02
10-06-22,Dhaka,17,42.6,77.2,29.8,2.08,7.42
11-06-22,Dhaka,19,0,78.8,30.66,2.24,5
12-06-22,Dhaka,23,0,78.8,30.86,2.28,3.62
13-06-22,Dhaka,13,0.2,80.2,30.68,2.52,2.46
14-06-22,Dhaka,17,3,81.4,30.24,2.84,1.28
15-06-22,Dhaka,22,1.6,82.4,29.54,2.2,0.36
16-06-22,Dhaka,31,9.2,84.4,28.98,2.36,0.88
17-06-22,Dhaka,29,15,91,27.54,2.34,0.16
18-06-22,Dhaka,39,28.8,91.2,27.28,1.66,0.46
19-06-22,Dhaka,24,10.8,86.8,27.7,1.7,1.16
20-06-22,Dhaka,26,6.8,86.2,27.44,2.32,1.96
21-06-22,Dhaka,27,14,86.2,28.18,4.24,1.66
22-06-22,Dhaka,27,1.4,85,28.54,2.1,2.62
23-06-22,Dhaka,27,27,80.8,29.1,1.7,5.08
24-06-22,Dhaka,17,7.2,80.4,29.3,1.82,5.86
25-06-22,Dhaka,33,0,82.4,28.88,1.9,5.84
26-06-22,Dhaka,29,3.2,80.8,29.68,1.92,7.66
27-06-22,Dhaka,17,1.6,78.4,30.24,1.46,7.98
28-06-22,Dhaka,46,1,81,29.68,1.6,3.64
29-06-22,Dhaka,38,4.2,85.2,29.12,1.54,1.18
30-06-22,Dhaka,33,10.8,90.2,28.24,1.8,0.3
01-07-22,Dhaka,19,11,83,29.54,1.6,3.36
02-07-22,Dhaka,47,3.6,79,29.86,1.6,6.74
03-07-22,Dhaka,32,0.8,83.4,29.32,1.86,3.82
04-07-22,Dhaka,31,6.6,81,30.14,1.8,4.86
05-07-22,Dhaka,43,3.2,78.2,30.52,1.98,4.72
06-07-22,Dhaka,32,1.2,84,29.18,2.24,2.1
07-07-22,Dhaka,28,4.4,79.2,30.34,1.9,8.24
08-07-22,Dhaka,29,0.8,78.2,30.36,1.94,4.1
09-07-22,Dhaka,17,0,75.4,30.82,1.8,9.22
10-07-22,Dhaka,4,2,75.4,30.58,2.16,9.7
11-07-22,Dhaka,7,1.6,78.6,29.98,1.72,6.04
12-07-22,Dhaka,42,1.2,74.4,30.84,3.36,9.9
13-07-22,Dhaka,39,0,73.8,30.98,2.36,9.4
14-07-22,Dhaka,41,0,70.4,31.46,2.84,10.68
15-07-22,Dhaka,30,0.4,74.8,31.06,2.42,9.08
16-07-22,Dhaka,56,1.2,72.2,31.12,2.9,9.88
17-07-22,Dhaka,35,2,79.6,29.98,2.76,6.12
18-07-22,Dhaka,47,8.6,77.4,30.34,1.92,6.48
19-07-22,Dhaka,41,2.6,81.4,29.86,1.64,4.52
20-07-22,Dhaka,56,3,83.8,29.7,1.68,2.48
21-07-22,Dhaka,52,1.4,80.2,30.3,1.78,6.74
22-07-22,Dhaka,34,3.6,78.8,30.68,2.16,6.14
23-07-22,Dhaka,63,1.2,81.8,29.46,1.72,3.5
24-07-22,Dhaka,59,7,86.8,27.64,1.66,0.26
25-07-22,Dhaka,40,16.2,84.2,28.28,1.64,1.5
26-07-22,Dhaka,74,6.6,87.2,27.8,1.6,0.84
27-07-22,Dhaka,74,2,76.4,30.14,1,7.22
28-07-22,Dhaka,58,3.8,80.6,29.58,1.46,3.66
29-07-22,Dhaka,51,1.4,79.6,30.12,1.7,5.2
30-07-22,Dhaka,74,3.4,75.8,30.48,1.36,4.56
31-07-22,Dhaka,59,1,83.8,29.54,1.44,1.2
01-08-22,Dhaka,68,10.4,88,28.2,1.94,1.24
02-08-22,Dhaka,51,17.2,84.4,29.44,1.2,1.32
03-08-22,Dhaka,59,1.2,87,29.08,1.4,1.56
04-08-22,Dhaka,67,13,83.2,29.62,1.56,4.38
05-08-22,Dhaka,40,0.4,78.2,30.6,1.68,7.58
06-08-22,Dhaka,77,2,82.8,29.54,1.78,4.42
07-08-22,Dhaka,73,17.8,76.2,30.46,1.42,9.16
08-08-22,Dhaka,59,1.2,76.4,30.2,2.98,8.02
09-08-22,Dhaka,50,1.4,79,28.82,4.52,6.68
10-08-22,Dhaka,73,9.4,81,28.26,5.12,2.08
11-08-22,Dhaka,73,2.8,82.4,28.46,4.76,4.12
12-08-22,Dhaka,50,2.8,80.6,29.78,1.58,6.9
13-08-22,Dhaka,89,1.4,82.2,28.88,3.8,3.28
14-08-22,Dhaka,72,4.6,88.4,27.3,4.72,1.6
15-08-22,Dhaka,69,33.8,82.6,29.1,2.06,3.26
16-08-22,Dhaka,108,0.6,77.4,30.52,1.36,9.06
17-08-22,Dhaka,82,0,78.2,31.18,1.36,6.84
18-08-22,Dhaka,81,0,78.4,30.92,2.5,8.94
19-08-22,Dhaka,46,19.6,78.2,29.14,4.68,3.02
20-08-22,Dhaka,97,8,77.6,29.98,2.66,8.2
21-08-22,Dhaka,116,0.8,79.6,30.3,1.94,7.94
22-08-22,Dhaka,122,0,79.8,30.72,1.1,7.02
23-08-22,Dhaka,108,35,83.6,29.1,1.4,3.7
24-08-22,Dhaka,127,5,82.8,28.68,2,6.2
25-08-22,Dhaka,142,3.4,77.4,30.14,1.8,7.98
26-08-22,Dhaka,67,0,76.6,30.62,1.36,7.04
27-08-22,Dhaka,111,0,80.8,29.74,1.66,1
28-08-22,Dhaka,144,0,82.6,29.22,1.82,3.42
29-08-22,Dhaka,149,3.2,78.4,30.28,1.56,8.58
30-08-22,Dhaka,198,1.4,75,30.92,1.34,9.54
31-08-22,Dhaka,205,0,74.8,31.12,1.54,9
01-09-22,Dhaka,147,0.2,79.8,30.42,1.52,3.62
02-09-22,Dhaka,73,8.6,80.6,29.92,1.62,4.82
03-09-22,Dhaka,204,7.4,84,29.46,1.58,5.22
04-09-22,Dhaka,159,8.4,86.2,29.04,1.5,1.1
05-09-22,Dhaka,157,9,87.8,28.56,1.4,2.08
06-09-22,Dhaka,228,7.6,86.8,29.06,1.26,2.16
07-09-22,Dhaka,201,9.8,80.8,30.34,1.56,5.88
08-09-22,Dhaka,204,3,81.4,30.06,1.7,6.8
09-09-22,Dhaka,140,16.4,77.2,30.66,1.2,7.88
10-09-22,Dhaka,244,0,82.4,29.1,1.72,3.9
11-09-22,Dhaka,242,14.8,88.2,27.28,2.18,1.4
12-09-22,Dhaka,245,26.4,90.2,26.7,1.86,0.22
13-09-22,Dhaka,254,20.8,94.4,25.9,1.66,0
14-09-22,Dhaka,279,66,94,26.2,1.8,0
15-09-22,Dhaka,303,40.2,87.6,27.74,1.52,2.94
16-09-22,Dhaka,138,3,82.8,28.54,0.8,2.34
17-09-22,Dhaka,317,0.2,83.2,29.56,1.1,6.26
18-09-22,Dhaka,288,0.2,86,29.04,0.76,1.5
19-09-22,Dhaka,263,1.2,78,29.46,1.9,6.78
20-09-22,Dhaka,326,0.4,80,29.18,2.36,5.8
21-09-22,Dhaka,339,2.6,81,29.5,1.86,6
22-09-22,Dhaka,320,0.4,80.8,29.42,1.6,6.88
23-09-22,Dhaka,92,0.8,79.6,29.74,1.3,5.58
24-09-22,Dhaka,326,0.2,79.8,29.54,1.26,4.48
25-09-22,Dhaka,329,0,83,28.82,1.2,2.28
26-09-22,Dhaka,348,4.2,84,28.88,1,4.02
27-09-22,Dhaka,335,9,85.6,28.64,1.8,2.22
28-09-22,Dhaka,392,4.4,82.8,29.66,1.8,5.18
29-09-22,Dhaka,372,1.4,82.8,29.22,1.8,5.8
30-09-22,Dhaka,157,0.8,80.2,30.1,1.3,5.04
01-10-22,Dhaka,521,0,80,30.06,0.6,3.32
02-10-22,Dhaka,396,0.6,88,27.44,1.56,0.78
03-10-22,Dhaka,364,22.2,90.2,27.08,1.9,0.38
04-10-22,Dhaka,368,22.4,86.2,27.98,1.94,4.78
05-10-22,Dhaka,290,11,79.6,29.04,1.66,6.96
06-10-22,Dhaka,447,0,82.8,28.12,1.6,6.24
07-10-22,Dhaka,195,2,80,29.16,0.4,6.22
08-10-22,Dhaka,513,0,75.6,30.3,1.8,9.12
09-10-22,Dhaka,251,0,77,29.92,1.36,8.3
10-10-22,Dhaka,407,0,78.6,29.36,1.7,7.16
11-10-22,Dhaka,484,1.4,82,28.5,1.84,6.58
12-10-22,Dhaka,427,2.8,87.4,27,1.4,3.72
13-10-22,Dhaka,532,5.6,82.2,28.06,1.4,6.46
14-10-22,Dhaka,204,4.4,81.4,28.78,1.3,6.56
15-10-22,Dhaka,502,0,73.4,28.62,2.26,8.68
16-10-22,Dhaka,568,0,73,28.2,2.5,9.22
17-10-22,Dhaka,603,0,76.8,28.22,1.6,9.08
18-10-22,Dhaka,614,0,79.4,28.44,1.4,7.48
19-10-22,Dhaka,623,0,74.4,27.78,1.8,6.02
20-10-22,Dhaka,586,0,73.2,28.1,1.7,8.94
21-10-22,Dhaka,309,0,75.8,27.98,1.7,9.3
22-10-22,Dhaka,607,0,74.6,28.56,1.46,8.64
23-10-22,Dhaka,694,0,86.2,26.92,1.6,0.02
24-10-22,Dhaka,642,7.2,95.4,22.26,8.1,0
25-10-22,Dhaka,533,244.4,85.8,23.7,2.16,5.18
26-10-22,Dhaka,592,0.6,82.4,25.92,1,8.98
27-10-22,Dhaka,559,0,80.6,25.8,1.7,7.42
28-10-22,Dhaka,326,0,78.6,25.1,2.2,8.86
29-10-22,Dhaka,526,0,78.8,24.88,1,7.62
30-10-22,Dhaka,691,0,77.6,25.94,0.3,7.64
31-10-22,Dhaka,545,0,78.6,26.8,1.1,6.96
01-11-22,Dhaka,682,0,77.2,27.32,1.1,7.92
02-11-22,Dhaka,749,0,75.4,26.7,1.24,8.74
03-11-22,Dhaka,538,0,78,24.68,1.8,4.94
04-11-22,Dhaka,297,0,80.6,24.88,1.8,7.82
05-11-22,Dhaka,440,0,80,25.7,0.6,7.56
06-11-22,Dhaka,625,0,77.2,25.24,0.6,7.72
07-11-22,Dhaka,582,0,75,24.68,0.4,8.48
08-11-22,Dhaka,522,0,78.6,25.12,1.4,7.24
09-11-22,Dhaka,511,0,76.8,25.4,1.6,7.58
10-11-22,Dhaka,552,0,74.2,24.78,1.4,7.96
11-11-22,Dhaka,180,0,75,24.32,1.3,7.84
12-11-22,Dhaka,602,0,75.4,24.4,1.7,7.86
13-11-22,Dhaka,480,0,70.4,22.86,1.58,7.18
14-11-22,Dhaka,489,0,72.2,22.7,1.46,8.32
15-11-22,Dhaka,456,0,76.4,23.2,1.2,8.18
16-11-22,Dhaka,470,0,74.2,23.16,1.2,8.36
17-11-22,Dhaka,419,0,73.6,22.84,1.2,7.54
18-11-22,Dhaka,184,0,74.2,22.7,1.1,7.12
19-11-22,Dhaka,340,0,77.2,22.54,1.2,6.64
20-11-22,Dhaka,398,0,70.2,23.8,0.8,5.96
21-11-22,Dhaka,342,0,71.2,22.76,1.2,8.3
22-11-22,Dhaka,320,0,73.4,21.7,1.9,7.82
23-11-22,Dhaka,299,0,72.4,21.82,1.9,7.8
24-11-22,Dhaka,307,0,74,21.64,1.9,7.64
25-11-22,Dhaka,164,0,76.8,22.16,1.5,8.16
26-11-22,Dhaka,294,0,75.4,22.46,1.4,7.7
27-11-22,Dhaka,349,0,74.4,22.36,1,8.18
28-11-22,Dhaka,215,0,73.4,23.1,1.1,7.78
29-11-22,Dhaka,302,0,71.8,23.9,1.54,6.04
30-11-22,Dhaka,278,0,69.6,24.08,1.24,6.36
01-12-22,Dhaka,271,0,71.8,22.74,1.24,8.06
02-12-22,Dhaka,78,0,70.8,21.76,1.44,8.06
03-12-22,Dhaka,224,0,71,21.06,2.2,7.98
04-12-22,Dhaka,253,0,74,21.22,2.06,7.66
05-12-22,Dhaka,183,0,74.4,21.58,1.74,7.74
06-12-22,Dhaka,165,0,74,21.48,1.9,7.76
07-12-22,Dhaka,155,0,73.8,21.08,1.84,7.18
08-12-22,Dhaka,164,0,76.4,20.54,1.94,5.98
09-12-22,Dhaka,87,0,79.4,20.42,1.2,7.32
10-12-22,Dhaka,166,0,76,21.58,1.34,5.38
11-12-22,Dhaka,139,0,75.4,21.16,1.2,7.56
12-12-22,Dhaka,144,0,77.2,20.32,0.94,6.5
13-12-22,Dhaka,127,0,79.4,20.62,1.6,5.44
14-12-22,Dhaka,112,0,80.6,20.26,1.8,4.3
15-12-22,Dhaka,106,0,78.4,18.68,1.1,4.42
16-12-22,Dhaka,32,0,75.4,18.56,1.4,6
17-12-22,Dhaka,78,0,79.8,19.1,1.3,3.64
18-12-22,Dhaka,78,0,82,18.94,1.2,5.56
19-12-22,Dhaka,72,0,79.2,19.78,1.4,6.26
20-12-22,Dhaka,81,0,80.4,19.94,0.76,6.1
21-12-22,Dhaka,86,0,78.6,20.32,1.6,5.36
22-12-22,Dhaka,56,0,79.4,19.58,0.9,5.14
23-12-22,Dhaka,27,0,72.8,18.78,1.4,6.36
24-12-22,Dhaka,61,0,74.6,18.24,1.5,7.52
25-12-22,Dhaka,35,0,77.2,19.74,0.8,5.68
26-12-22,Dhaka,52,0,79.8,21.42,1.7,5.56
27-12-22,Dhaka,40,1.2,86.2,20.76,0.6,1.4
28-12-22,Dhaka,39,2.8,87.2,18.72,1.1,2.62
29-12-22,Dhaka,31,0,82.8,16.84,0.8,4.6
30-12-22,Dhaka,6,0,86.4,16.38,1.2,2.02
31-12-22,Dhaka,30,0,85.6,16.86,0.6,4.2
01-01-23,Dhaka,21,0,84,17.42,1.4,3.3
02-01-23,Dhaka,25,0,80.4,18.04,0.8,5.82
03-01-23,Dhaka,37,0,88.6,16.02,1.76,2.2
04-01-23,Dhaka,27,0,91,14.7,1.8,0
05-01-23,Dhaka,25,0,89,14.66,2.24,2.52
06-01-23,Dhaka,5,0,89.6,13.78,2.08,2.06
07-01-23,Dhaka,14,0,93,12.68,2.24,0.02
08-01-23,Dhaka,7,0,90,14.88,1.4,2.68
09-01-23,Dhaka,12,0,78.4,18.26,1.54,7.62
10-01-23,Dhaka,18,0,73.6,18.46,1.42,7.52
11-01-23,Dhaka,18,0,71.4,16.64,1.5,7
12-01-23,Dhaka,16,0,78.8,15,1.4,6.04
13-01-23,Dhaka,4,0,77.6,17.92,0.8,6.04
14-01-23,Dhaka,5,0,87.2,19.54,1.2,0.2
15-01-23,Dhaka,9,0,77.6,19.4,1.1,5.12
16-01-23,Dhaka,10,0,73.6,17.64,1.6,4.1
17-01-23,Dhaka,6,0,74.6,16.9,1.64,3.08
18-01-23,Dhaka,10,0,74.4,16.8,1.4,2.44
19-01-23,Dhaka,12,0,71.6,16.3,2.9,6.96
20-01-23,Dhaka,1,0,74.8,16.62,1.6,6.68
21-01-23,Dhaka,9,0,74.4,17.4,0.8,6.74
22-01-23,Dhaka,4,0,75.2,19.12,0.4,5.58
23-01-23,Dhaka,9,0,79.4,19.94,0.4,3.14
24-01-23,Dhaka,9,0,77,20.78,1.4,5.78
25-01-23,Dhaka,7,0,79,21.1,1.4,5.44
26-01-23,Dhaka,6,0,79.8,21.74,1,2.54
27-01-23,Dhaka,2,0,76.8,21.54,1.5,7.04
28-01-23,Dhaka,3,0,79.2,20.92,1.54,6.3
29-01-23,Dhaka,8,0,82,19,1.5,6.28
30-01-23,Dhaka,4,0,81.8,20.34,1.8,5.88
31-01-23,Dhaka,7,0,75.2,22.66,1.46,4.4
01-02-23,Dhaka,2,0,72.6,20.74,2.34,1.46
02-02-23,Dhaka,4,0,71.6,18.62,2.12,8.44
03-02-23,Dhaka,2,0,75.4,18.84,2.18,8.14
04-02-23,Dhaka,7,0,75,18.94,2.6,7.66
05-02-23,Dhaka,3,0,73,19.18,1.8,7.8
06-02-23,Dhaka,7,0,72.2,19.68,1.54,8
07-02-23,Dhaka,4,0,77.2,20.68,2.24,6.82
08-02-23,Dhaka,5,0,78.8,22.56,2.2,6.54
09-02-23,Dhaka,3,0,79,22.18,1,3.54
10-02-23,Dhaka,3,0,70,21.32,2.04,8.2
11-02-23,Dhaka,4,0,73,22.54,1.2,7.54
12-02-23,Dhaka,6,0,72.8,23.38,2.3,5.36
13-02-23,Dhaka,3,0,51,20.14,3.34,9.16
14-02-23,Dhaka,6,0,58.6,19.16,2.5,7.26
15-02-23,Dhaka,6,0,64.4,20.06,2.1,8.18
16-02-23,Dhaka,3,0,67.8,20.64,1.7,7.28
17-02-23,Dhaka,0,0,70.8,21.92,1.2,6.26
18-02-23,Dhaka,3,0,74.6,23.46,1.3,4.96
19-02-23,Dhaka,3,0,79.4,23.44,1.1,2.06
20-02-23,Dhaka,2,0,77.6,24.22,0.8,4.66
21-02-23,Dhaka,1,0,80.2,25.06,2,3.36
22-02-23,Dhaka,4,0,76,26.08,3.08,5.82
23-02-23,Dhaka,4,0,71.4,26.16,1.46,6.64
24-02-23,Dhaka,0,0,74,26.34,1.4,5.34
25-02-23,Dhaka,3,0.4,71,24.7,1.6,5.96
26-02-23,Dhaka,3,0,64.4,23.96,1.4,8.7
27-02-23,Dhaka,1,0,64.6,25.4,1.9,7.26
28-02-23,Dhaka,0,0,61.8,24.46,2,8.1
01-03-23,Dhaka,2,0,64.2,24.46,1.7,8.3
02-03-23,Dhaka,6,0,66.6,25.54,1.6,6.82
03-03-23,Dhaka,0,0,64.8,25.84,1.4,7.78
04-03-23,Dhaka,1,0,65,25.88,1.7,8.14
05-03-23,Dhaka,4,0,64.4,26.2,2,7.66
06-03-23,Dhaka,5,0,63,25.62,1.56,8.92
07-03-23,Dhaka,2,0,56.8,25.82,2.2,8.66
08-03-23,Dhaka,1,0,56,25.7,1.2,6.44
09-03-23,Dhaka,7,0,61.2,25.68,2.24,6.8
10-03-23,Dhaka,0,0,65.8,25.3,1.1,0.62
11-03-23,Dhaka,2,0,64.2,25.82,1.4,3.72
12-03-23,Dhaka,2,0,58.8,26.48,2.5,8.44
13-03-23,Dhaka,4,0,59.6,26.76,2,8.7
14-03-23,Dhaka,2,0,62.2,27.28,1.44,3.22
15-03-23,Dhaka,2,0,76.4,26.06,2.06,1.24
16-03-23,Dhaka,3,1.2,76.2,26.7,1.5,2.04
17-03-23,Dhaka,0,1.6,77.8,24.48,1.44,0.72
18-03-23,Dhaka,4,1,70.2,25.9,1,3.78
19-03-23,Dhaka,3,1.4,87.2,22.62,1.8,0
20-03-23,Dhaka,1,18.8,81.2,23.06,1.7,2.54
21-03-23,Dhaka,1,5.2,78,23.96,1.76,5.64
22-03-23,Dhaka,4,4,72,25.24,1.46,8.92
23-03-23,Dhaka,1,0,71,25.96,1.8,7.76
24-03-23,Dhaka,0,0,74.4,25.88,1.7,7.26
25-03-23,Dhaka,5,3.8,76.4,26.12,2.16,6.48
26-03-23,Dhaka,0,3.2,74.6,26.38,1.94,7.04
27-03-23,Dhaka,4,9.6,72.2,26.46,1.3,6.06
28-03-23,Dhaka,5,0,69.6,27.68,1.4,7.28
29-03-23,Dhaka,2,0,81.4,25.1,3.7,3.86
30-03-23,Dhaka,3,16,76.6,26.56,2.7,6.38
31-03-23,Dhaka,0,18.4,78.2,25.18,1.2,2.62
01-04-23,Dhaka,4,30.8,83,23.8,1.6,2.1
02-04-23,Dhaka,1,0.4,73.2,26.02,1.8,9.04
03-04-23,Dhaka,0,0,64.8,27.46,1.8,9.4
04-04-23,Dhaka,5,0,70.8,29.02,1.94,8.64
05-04-23,Dhaka,5,0,72.8,29.06,2.04,8.02
06-04-23,Dhaka,8,0,63,28.46,2.2,9.14
07-04-23,Dhaka,0,0,63.4,28.38,2,9.08
08-04-23,Dhaka,1,0,57.2,29.1,2.2,9.3
09-04-23,Dhaka,4,0,56.6,29.44,2.3,9.28
10-04-23,Dhaka,7,0,59.4,29.4,2.2,8.82
11-04-23,Dhaka,5,0,59.4,29.8,1,9
12-04-23,Dhaka,2,0,55.6,29.72,1.6,9.62
13-04-23,Dhaka,3,0,54.2,30.56,3.1,9.76
14-04-23,Dhaka,0,0,57,31.34,1.5,9.9
15-04-23,Dhaka,0,0,61,32.22,1,7.96
16-04-23,Dhaka,4,0,59.6,32.48,1.92,7.98
17-04-23,Dhaka,2,0,70.4,32.14,1.92,8.36
18-04-23,Dhaka,1,0,72.2,31.72,1.86,7.1
19-04-23,Dhaka,0,0,73.8,31.84,2.16,8.26
20-04-23,Dhaka,1,0,73.4,31.74,2.72,8.32
21-04-23,Dhaka,0,0,69.2,30,1.84,5.1
22-04-23,Dhaka,0,0,65.6,29.62,1.14,7.1
23-04-23,Dhaka,0,0.2,71.6,25.9,1.28,0.38
24-04-23,Dhaka,6,0,69.4,26.96,1.8,7.64
25-04-23,Dhaka,5,0,64.4,28.78,1.46,9.56
26-04-23,Dhaka,5,0,60,29.74,1.3,9.08
27-04-23,Dhaka,11,0,70.6,27.3,3.5,7.8
28-04-23,Dhaka,0,17.6,70,27.74,1.42,9.18
29-04-23,Dhaka,10,0.2,74.4,27.14,2.36,7.34
30-04-23,Dhaka,4,18.4,71.6,27.72,2.04,7.28
01-05-23,Dhaka,21,1.6,74.6,26.64,1.74,3.88
02-05-23,Dhaka,20,2,65.8,28.88,1.9,9.6
03-05-23,Dhaka,10,0,77.2,27.2,2.04,4.08
04-05-23,Dhaka,8,3,79.2,27.66,1.58,2.74
05-05-23,Dhaka,4,7.6,75.8,28.9,1.6,7.34
06-05-23,Dhaka,13,0.8,72.2,29.64,1,7.2
07-05-23,Dhaka,8,2.6,67.8,31.24,1.2,9.48
08-05-23,Dhaka,30,0,65,31.64,1.8,10
09-05-23,Dhaka,15,0,62.8,31.54,1.5,7.4
10-05-23,Dhaka,24,2.4,66.2,30.78,2,9.26
11-05-23,Dhaka,14,5,68.4,30.64,1.54,9.84
12-05-23,Dhaka,5,0.8,72,29.94,0.6,2.28
13-05-23,Dhaka,23,0,71.6,30.08,2.08,2.62
14-05-23,Dhaka,14,0,64.6,27.56,2.84,1.6
15-05-23,Dhaka,16,0,65.6,28.58,2.24,9.92
16-05-23,Dhaka,26,2.4,71.6,28.12,3.48,7.5
17-05-23,Dhaka,35,5.6,77,26.54,3.08,6.24
18-05-23,Dhaka,25,25,78.4,25.96,2.06,4.08
19-05-23,Dhaka,3,13.4,77.4,29.1,1.92,5.04
20-05-23,Dhaka,51,0.2,70.6,29.88,2.26,9.7
21-05-23,Dhaka,29,0,76.2,29.44,2.24,6.64
22-05-23,Dhaka,36,22.2,74.4,30.38,2.02,9.16
23-05-23,Dhaka,41,0,84.6,26.92,2.94,4.06
24-05-23,Dhaka,30,39,81.4,26.2,1.54,4.06
25-05-23,Dhaka,42,0,76,28.64,2,6.46
26-05-23,Dhaka,4,2.2,72.8,28.62,1.66,8.16
27-05-23,Dhaka,73,3.2,83.2,26.32,1.8,3.7
28-05-23,Dhaka,61,18.2,75.6,28.76,0.8,8.44
29-05-23,Dhaka,64,0,71.4,30.26,1.3,10.36
30-05-23,Dhaka,67,0,69.2,31.56,0.9,8.86
31-05-23,Dhaka,83,0,68.2,32.32,1.26,9.14
01-06-23,Dhaka,101,0,73.2,32.38,1.76,7.42
02-06-23,Dhaka,2,0,69.4,32.22,1.6,8.86
03-06-23,Dhaka,128,0,71.6,32.2,1.68,8.06
04-06-23,Dhaka,87,0,72.6,32.34,2.1,8.2
05-06-23,Dhaka,87,0,68,32.68,1.6,9.8
06-06-23,Dhaka,89,0,70.4,32.96,1,8.68
07-06-23,Dhaka,128,0,73.6,32.52,1.1,1.56
08-06-23,Dhaka,123,0,84.8,29.68,1.4,0
09-06-23,Dhaka,9,2.2,88.6,27.28,1.2,0
10-06-23,Dhaka,150,35.6,84,28.2,1.1,0.56
11-06-23,Dhaka,150,0.8,83.6,29.2,2.02,1.76
12-06-23,Dhaka,152,0,85.4,27.7,2.24,1.32
13-06-23,Dhaka,176,15.8,81.4,29.22,1.66,5.3
14-06-23,Dhaka,184,10.8,75,32.18,2.32,7.72
15-06-23,Dhaka,241,2.6,81.4,30.58,2.5,1.66
16-06-23,Dhaka,31,0.4,78.8,31.14,2.72,2.98
17-06-23,Dhaka,413,10.8,77,30.24,2.56,5.8
18-06-23,Dhaka,257,14.2,83.2,29.36,2.08,1.02
19-06-23,Dhaka,272,5.6,82,29.14,2.3,1.92
20-06-23,Dhaka,279,0.6,87.2,28.36,2.24,2.34
21-06-23,Dhaka,295,20.4,84.6,29.48,2.4,2.78
22-06-23,Dhaka,286,13.6,86,28.8,1.64,0.9
23-06-23,Dhaka,42,0.4,82.6,29.38,2.16,4.46
24-06-23,Dhaka,432,5.8,79.4,29.74,2.4,5.68
25-06-23,Dhaka,296,0.4,79.8,29.28,2.78,6.02
26-06-23,Dhaka,249,2.2,84.2,28.42,2.68,1.74
27-06-23,Dhaka,112,5.2,90.6,27.38,2.32,0.06
28-06-23,Dhaka,64,24.2,93.8,26.6,1.2,0
29-06-23,Dhaka,24,56.4,94,26.7,1.58,0
30-06-23,Dhaka,41,22.4,89.8,27.6,1,1.24
01-07-23,Dhaka,183,33.2,92.4,27.44,1.56,1.08
02-07-23,Dhaka,260,39.6,88.8,29.18,1.34,1.04
03-07-23,Dhaka,238,10,83.6,30.06,1.72,3.12
04-07-23,Dhaka,491,2.8,77.4,30.98,1.86,9.08
05-07-23,Dhaka,412,0.2,80,30.14,1.84,6.36
06-07-23,Dhaka,458,3,87.4,28.62,1.56,2.36
07-07-23,Dhaka,104,20.4,83.8,29.28,2.04,3.92
08-07-23,Dhaka,639,17.6,80.6,30.02,2.38,7.3
09-07-23,Dhaka,548,1.2,82,30.14,1.1,5.16
10-07-23,Dhaka,626,5.2,83,29.86,1.62,3.88
11-07-23,Dhaka,749,10,81.6,29.84,2.12,3.14
12-07-23,Dhaka,813,0,81.8,29.5,1.96,5.7
13-07-23,Dhaka,880,5.2,83.8,29.66,1.52,3.56
14-07-23,Dhaka,256,2.4,83.4,29.66,1.3,4.62
15-07-23,Dhaka,1253,39.6,83,29.02,2.2,3.74
16-07-23,Dhaka,925,2.6,85.4,28.66,1.82,2.18
17-07-23,Dhaka,985,5,80.4,29.92,2.22,5.64
18-07-23,Dhaka,951,0.6,76.6,30.84,2.02,8.62
19-07-23,Dhaka,1139,0.2,76.4,30.9,2.4,9.18
20-07-23,Dhaka,1091,1.8,74.6,31.08,2.1,10.06
21-07-23,Dhaka,586,0.8,78.4,30.52,2.18,5.96
22-07-23,Dhaka,1461,5.6,77.2,30.62,2.06,8.54
23-07-23,Dhaka,1403,0.8,78,30.94,1.76,6.2
24-07-23,Dhaka,1419,0.4,76.6,30.94,1.4,7.34
25-07-23,Dhaka,1495,0.6,77.8,30.74,1.9,8.12
26-07-23,Dhaka,1646,1.6,81.6,29.76,1.76,5.64
27-07-23,Dhaka,1388,10,84.2,29.64,1.68,3.84
28-07-23,Dhaka,1052,6.6,79,30.38,1.74,7.38
29-07-23,Dhaka,1352,2.6,82.4,30.16,1.64,3.5
30-07-23,Dhaka,1569,6.8,75,31.92,1.46,8.7
31-07-23,Dhaka,1615,12.2,78.8,31.24,1.54,6.74
01-08-23,Dhaka,1560,19.4,81,29.92,3.62,5.48
02-08-23,Dhaka,1605,17.6,87.2,28.48,2.8,0.6
03-08-23,Dhaka,1550,7.4,87.6,28.58,1.98,0.16
04-08-23,Dhaka,1055,5,90.2,28.06,1.66,0.6
05-08-23,Dhaka,1359,26,86.8,28.84,1.74,3.5
06-08-23,Dhaka,1623,15.2,93,27.5,2.16,0
07-08-23,Dhaka,1620,30.4,94.8,27.36,1.6,0
08-08-23,Dhaka,1609,55.8,90.6,27.5,2,0
09-08-23,Dhaka,1619,11.6,85.8,28.62,1.3,4.02
10-08-23,Dhaka,1670,14.2,87.6,28.36,1.6,2.06
11-08-23,Dhaka,1139,27.4,86.8,28.98,1.2,0.78
12-08-23,Dhaka,1211,1.4,87.2,28.74,2,1.28
13-08-23,Dhaka,1703,25.2,92.8,27.46,0.6,0.06
14-08-23,Dhaka,1351,28.6,88,28.68,0.6,1.76
15-08-23,Dhaka,1034,2.2,85.6,29.74,1.06,1.68
16-08-23,Dhaka,1140,6.2,87.8,29.4,1.2,1
17-08-23,Dhaka,1285,32.4,81,30.32,1.8,6.82
18-08-23,Dhaka,930,0.4,78.8,29.88,1.98,8.5
19-08-23,Dhaka,1078,0.8,80.6,29.8,1.6,7.12
20-08-23,Dhaka,1173,5.8,77.2,30.6,1.84,8.36
21-08-23,Dhaka,1242,1,77,30.64,1.24,5.28
22-08-23,Dhaka,1172,0,84.6,29.04,1.82,0.82
23-08-23,Dhaka,1189,5,86,28.46,1.44,0.8
24-08-23,Dhaka,1325,15.4,88.6,28.66,1.52,0.34
25-08-23,Dhaka,900,17,92.6,27.22,1.66,0.44
26-08-23,Dhaka,1027,25.8,87.6,28.24,1.7,0.08
27-08-23,Dhaka,1278,10,83,29.82,1.7,3.86
28-08-23,Dhaka,1368,2.8,81.4,29.96,1.4,4.06
29-08-23,Dhaka,1251,1.6,80.2,30.42,1.5,6.56
30-08-23,Dhaka,1303,0.2,75.2,31.58,1.5,6.4
31-08-23,Dhaka,1246,0,80.2,30.82,1.4,3.96
01-09-23,Dhaka,776,2.6,83.8,29.94,1.44,3.42
02-09-23,Dhaka,1285,6.2,83.8,30.22,0.66,2.5
03-09-23,Dhaka,1372,23.4,83.2,29.4,0.9,3.86
04-09-23,Dhaka,1520,10.8,83,30,0.9,3.36
05-09-23,Dhaka,1566,0.2,79.8,31.04,1.2,7.28
06-09-23,Dhaka,1162,3,78.2,30.76,1.72,5
07-09-23,Dhaka,1293,7.4,86.8,28.72,2.12,3
08-09-23,Dhaka,1024,23.2,88,28.36,1.56,0.76
09-09-23,Dhaka,1430,2.8,81.8,30,1.6,4.44
10-09-23,Dhaka,1542,0,80.8,30.54,1.4,5.04
11-09-23,Dhaka,1630,0,87.2,29.26,0.66,1.54
12-09-23,Dhaka,1472,10.6,86.4,29.42,0.6,2.92
13-09-23,Dhaka,1461,10.4,79.4,30,2.24,8.08
14-09-23,Dhaka,1352,2.4,83.4,29.08,2.2,4.3
15-09-23,Dhaka,1217,2.8,81,29.64,1.72,3.7
16-09-23,Dhaka,1357,0.4,80,30.66,1.2,8.2
17-09-23,Dhaka,1548,0,78.4,30.88,1.7,6.46
18-09-23,Dhaka,1560,6.6,85.4,28.2,1,2.98
19-09-23,Dhaka,1543,18,91.6,27.36,1.7,1.14
20-09-23,Dhaka,1480,26.8,89.6,27.58,2.42,0.66
21-09-23,Dhaka,1353,12,88.6,28,2.38,2.8
22-09-23,Dhaka,1129,30.2,87,28.6,1.76,3.38
23-09-23,Dhaka,1336,8.8,89.6,27.7,1.54,1.5
24-09-23,Dhaka,1439,12.2,87.6,27.94,1.64,3.88
25-09-23,Dhaka,1487,9.4,85,28.66,1.54,4.4
26-09-23,Dhaka,1566,9.2,81.6,29.84,1,7.12
27-09-23,Dhaka,1483,0,83.2,30.18,1,3.94
28-09-23,Dhaka,1153,0,77.6,31.44,1.5,7.56
29-09-23,Dhaka,890,0,83.4,29.88,1,1.1
30-09-23,Dhaka,1107,3,83.8,28.76,1.66,2.64
01-10-23,Dhaka,1400,6.8,83.6,29.02,2.22,6.24
02-10-23,Dhaka,1124,5.8,85.4,28.52,1.84,4.26
03-10-23,Dhaka,1245,5.4,87.8,27.64,1.64,1.78
04-10-23,Dhaka,1154,13.8,92.8,26.78,2.84,0
05-10-23,Dhaka,1349,21.8,94,27.04,1.9,0.88
06-10-23,Dhaka,912,115.4,91.2,27.74,1,2.5
07-10-23,Dhaka,891,26.4,85.8,28.92,0.66,3.78
08-10-23,Dhaka,1323,0.8,81.6,29.58,1.5,7.56
09-10-23,Dhaka,1256,0,84,29.58,1.9,6.1
10-10-23,Dhaka,1285,0.2,81.8,29.18,0.8,5.04
11-10-23,Dhaka,1117,4,82,29.3,1,4.34
12-10-23,Dhaka,1073,0,77.8,29.7,1.2,7.22
13-10-23,Dhaka,914,1.6,77.2,28.62,1.2,8.04
14-10-23,Dhaka,817,0,74.2,28.88,1.1,8.4
15-10-23,Dhaka,954,0,77.2,28.16,1.4,6.98
16-10-23,Dhaka,1234,0,76.8,28.06,1.2,7.84
17-10-23,Dhaka,1257,0,80,27.7,0,6.3
18-10-23,Dhaka,1148,1.4,78.2,27.86,0.8,7.56
19-10-23,Dhaka,1113,0,76.4,27.52,1.8,8.3
20-10-23,Dhaka,818,0,72,27.26,1.34,8.9
21-10-23,Dhaka,800,0,72.6,27.52,1.4,8.64
22-10-23,Dhaka,965,0,78.4,27.62,1.1,4.8
23-10-23,Dhaka,909,0.4,84.8,26.48,1.4,1.66
24-10-23,Dhaka,1022,14,82.8,26.48,2.38,1.74
25-10-23,Dhaka,853,0,77.8,27.52,1.6,6.1
26-10-23,Dhaka,745,0,77.4,27.54,1.1,8.62
27-10-23,Dhaka,688,0,75.2,26.84,1.2,7.32
28-10-23,Dhaka,808,0,71.6,26.26,1.08,8.16
29-10-23,Dhaka,769,0,70.6,25.82,1.6,8.28
30-10-23,Dhaka,787,0,76.4,25.94,0.8,7.54
31-10-23,Dhaka,834,0,74.4,26.82,1,8.3
01-11-23,Dhaka,892,0,72.4,27.84,1.4,9
02-11-23,Dhaka,771,0,71.6,27.66,1.3,8.72
03-11-23,Dhaka,679,0,74.2,27.22,1.2,7.04
04-11-23,Dhaka,727,0,75.2,27.1,1,5.4
05-11-23,Dhaka,947,0,75,26.3,0.64,4.64
06-11-23,Dhaka,800,0,70.8,25.08,1.5,8.34
07-11-23,Dhaka,800,0,73.4,24.86,1.26,6.54
08-11-23,Dhaka,896,0,74.2,24.34,1.3,6.92
09-11-23,Dhaka,679,0,73.6,24.26,1.2,7.84
10-11-23,Dhaka,645,0,72.2,24.2,1.8,7.48
11-11-23,Dhaka,603,0,74.6,24.26,1.3,8.12
12-11-23,Dhaka,704,0,75,24.72,1.4,8.22
13-11-23,Dhaka,783,0,74.8,24.92,0.8,7.98
14-11-23,Dhaka,630,0,73,24.6,0.6,8.18
15-11-23,Dhaka,696,0,69.6,25.34,1.4,6.94
16-11-23,Dhaka,593,0,88.4,24.06,1.2,0
17-11-23,Dhaka,448,13,91,22.32,5,1.72
18-11-23,Dhaka,413,29,81.4,24.14,1.7,8.02
19-11-23,Dhaka,508,0,80.4,24.9,1,7.38
20-11-23,Dhaka,555,0,79.4,24.86,1,5.48
21-11-23,Dhaka,421,0,79.8,24.04,1.5,4.84
22-11-23,Dhaka,529,0,73.4,22.88,1.2,6.22
23-11-23,Dhaka,492,0,74.8,22.3,1.2,6.14
24-11-23,Dhaka,297,0,77,22.84,0.4,6.82
25-11-23,Dhaka,350,0,76.8,22.66,0.6,7.52
26-11-23,Dhaka,454,0,75.2,22.74,1.4,7.66
27-11-23,Dhaka,425,0,75.2,24.16,1.4,7.34
28-11-23,Dhaka,448,0,75,24.26,0.8,5.96
29-11-23,Dhaka,450,0,79.6,23.66,0.2,2.92
30-11-23,Dhaka,390,0,77.8,23.62,1.4,7.26
01-12-23,Dhaka,205,0,72.6,23.66,0.8,6.94
02-12-23,Dhaka,240,0,72.6,23.52,0.8,7.18
03-12-23,Dhaka,329,0,75.8,23.26,1.04,5.58
04-12-23,Dhaka,344,0,78,23.64,0.7,1.76
05-12-23,Dhaka,292,0,78.2,23.4,0.8,0
06-12-23,Dhaka,263,0.2,81.6,23.42,1.58,0
07-12-23,Dhaka,248,6.4,94,20.46,0.8,0
08-12-23,Dhaka,95,44.8,90.6,20.68,1,0.2
09-12-23,Dhaka,166,0.8,86.6,20.84,1.2,4.34
10-12-23,Dhaka,195,0,86.2,19.38,1.2,4.58
11-12-23,Dhaka,203,0,84.8,19,1.2,4.74
12-12-23,Dhaka,136,0,88.4,19.12,1,3.86
13-12-23,Dhaka,134,0,78.2,18.94,1.5,5.42
14-12-23,Dhaka,152,0,75.4,18.02,0.8,4.9
15-12-23,Dhaka,94,0,76.6,18.58,0.7,5.8
16-12-23,Dhaka,95,0,77,18.8,1.12,6.5
17-12-23,Dhaka,106,0,77.6,18.8,1.34,6.66
18-12-23,Dhaka,131,0,77.4,19.46,1.4,6.2
19-12-23,Dhaka,81,0,75.2,19.22,0.8,6.66
20-12-23,Dhaka,95,0,76.8,19.28,1.4,6.84
21-12-23,Dhaka,80,0,77.8,19.58,1.1,6.12
22-12-23,Dhaka,55,0,79.8,20.1,1.4,5.8
23-12-23,Dhaka,49,0,85,19.88,1.2,2.34
24-12-23,Dhaka,81,0,84.6,19.86,0.6,3.6
25-12-23,Dhaka,38,0,83.2,20.1,0.8,2.26
26-12-23,Dhaka,65,0,84.6,19.86,0.4,1.96
27-12-23,Dhaka,56,0,83,20.16,0.6,3.52
28-12-23,Dhaka,51,0,81.2,20.44,0.6,4.92
29-12-23,Dhaka,21,0,79.2,20.68,1.04,6.96
30-12-23,Dhaka,44,0,77.4,21.02,1.34,6.64
31-12-23,Dhaka,66,0,89.4,17.68,0.9,1.3
01-01-24,Dhaka,43,0,87.4,17.44,1.6,3.34
02-01-24,Dhaka,21,0,83.4,17.12,1.58,5.5
03-01-24,Dhaka,41,0,89.6,16.48,2.1,3.88
04-01-24,Dhaka,34,0,83,17.62,0.8,6.14
05-01-24,Dhaka,17,0,82.8,17.98,1,6.74
06-01-24,Dhaka,25,0,75.2,19.12,1.2,5.02
07-01-24,Dhaka,10,0,76.4,19.32,1.6,5.56
08-01-24,Dhaka,32,0,81.6,18.86,1.76,4.68
09-01-24,Dhaka,25,0,85.4,17.12,2.04,4.42
10-01-24,Dhaka,33,0,84.8,17.02,1.6,4.62
11-01-24,Dhaka,24,0,83.2,16.3,1.74,4.92
12-01-24,Dhaka,12,0,88,14.34,1.48,1.24
13-01-24,Dhaka,15,0,86.2,15.26,1.14,1.7
14-01-24,Dhaka,18,0,90.8,14.44,1.2,0.56
15-01-24,Dhaka,16,0,86.4,15.42,1.32,1.24
16-01-24,Dhaka,15,0,85.2,14.86,0.8,2.26
17-01-24,Dhaka,8,0,90.6,14.3,0.94,2.36
18-01-24,Dhaka,9,0,87.4,16.38,1.2,3.3
19-01-24,Dhaka,8,2.8,80.4,18.38,1.26,5.08
20-01-24,Dhaka,8,0,85.2,16.16,1.9,4.62
21-01-24,Dhaka,11,0,85.4,15.96,1.4,0.92
22-01-24,Dhaka,8,0,86.6,12.96,1.66,1.84
23-01-24,Dhaka,12,0,83.2,15.04,0.6,6.22
24-01-24,Dhaka,7,0,84.2,16.92,0.4,2.46
25-01-24,Dhaka,6,0.8,83.2,17.68,0.9,1.22
26-01-24,Dhaka,7,0,74.2,16.54,1.74,4.82
27-01-24,Dhaka,6,0,72,15.96,1.2,7.1
28-01-24,Dhaka,7,0,68.2,16.36,1.5,7.62
29-01-24,Dhaka,7,0,68.4,17.04,1.6,7.46
30-01-24,Dhaka,19,0,72.8,18.9,0.4,5.52
31-01-24,Dhaka,12,0.4,78.4,20.66,1.4,1.92
01-02-24,Dhaka,7,3.4,83.6,20.66,1.4,1.74
02-02-24,Dhaka,7,1.4,83.2,21.16,0.8,4.54
03-02-24,Dhaka,7,0,70.4,19.8,1.8,7.16
04-02-24,Dhaka,13,0,67.4,19.7,1.66,7.72
05-02-24,Dhaka,7,0,68.8,20.98,1.5,6.6
06-02-24,Dhaka,5,0,79.2,20.92,1,1.4
07-02-24,Dhaka,13,0,69.8,19.5,2.1,5.64
08-02-24,Dhaka,10,0,67.4,18.18,1.52,8.16
09-02-24,Dhaka,2,0,63.6,18.4,1.56,8.7
10-02-24,Dhaka,8,0,70.6,19.18,2.22,7.8
11-02-24,Dhaka,9,0,70,20.18,1.76,8.14
12-02-24,Dhaka,5,0,68.4,20.4,0.6,6.08
13-02-24,Dhaka,7,0,64.6,21.46,0.6,6.68
14-02-24,Dhaka,1,0,70.2,21.86,0.6,3.12
15-02-24,Dhaka,1,0,73.6,22.7,1.56,5.12
16-02-24,Dhaka,3,0,73,22.66,2.14,6.6
17-02-24,Dhaka,5,0,70.6,21.26,2.5,8.14
18-02-24,Dhaka,4,0,68.8,21.74,0.9,7.42
19-02-24,Dhaka,9,0,71.8,23.02,1.4,6.08
20-02-24,Dhaka,0,0,81.4,24.72,1.44,2.32
21-02-24,Dhaka,3,0,72.2,25.52,1.1,6.64
22-02-24,Dhaka,4,0.2,83.2,23.62,1.6,1.52
23-02-24,Dhaka,1,14.8,77,21.94,0.8,4.06
24-02-24,Dhaka,5,0,71.2,23.28,1.7,6.32
25-02-24,Dhaka,3,0,72.2,20.8,2.58,2.02
26-02-24,Dhaka,5,1.6,63,21.78,2,8.48
27-02-24,Dhaka,9,0,61.4,22.32,1.6,6.2
28-02-24,Dhaka,5,0,64,23.08,1.1,7.1
29-02-24,Dhaka,6,0,66.4,23.04,1.2,6.46
01-03-24,Dhaka,1,0,61.4,23.08,1.66,8.56
02-03-24,Dhaka,4,0,61.4,23.44,1.8,8.6
03-03-24,Dhaka,3,0,61.6,25,1.6,7.7
04-03-24,Dhaka,4,0.6,73.4,23.7,1.6,3.62
05-03-24,Dhaka,3,0,65.2,24.56,2,8.66
06-03-24,Dhaka,4,0,58.2,22.34,1.86,9.4
07-03-24,Dhaka,7,0,59.4,22.36,2.86,6.42
08-03-24,Dhaka,7,0,58.2,23.08,1.5,9.3
09-03-24,Dhaka,3,0,57,22.78,1.54,8.2
10-03-24,Dhaka,5,0,57,22.84,2,9.16
11-03-24,Dhaka,5,0,59,23.34,1.74,9.32
12-03-24,Dhaka,5,0,68.2,26.08,1.8,7.56
13-03-24,Dhaka,6,0,64.4,27.72,1.2,7.64
14-03-24,Dhaka,6,0,80.2,26.26,1.76,1.7
15-03-24,Dhaka,1,8.2,68.6,27.78,1.5,8.12
16-03-24,Dhaka,5,0,68.8,27.36,1.6,7.74
17-03-24,Dhaka,1,1.2,66.6,26.96,1.6,7
18-03-24,Dhaka,8,0,70,27.14,1.1,1.32
19-03-24,Dhaka,7,0,71,26.4,2,1.28
20-03-24,Dhaka,6,6.6,82,22.64,1.96,0.3
21-03-24,Dhaka,4,5.4,78.2,22.42,1.36,2.22
22-03-24,Dhaka,4,6.6,72.8,23.56,0.8,6.02
23-03-24,Dhaka,4,0,71,26.06,1.64,8.62
24-03-24,Dhaka,3,5.6,76.8,26.56,1.66,5.42
25-03-24,Dhaka,5,8.4,74.8,27.48,1.8,6.24
26-03-24,Dhaka,3,0.6,68.2,26.82,1.46,8.16
27-03-24,Dhaka,4,0,75.4,26.94,1.94,4.4
28-03-24,Dhaka,6,2.4,76.2,26.94,1.26,3.54
29-03-24,Dhaka,3,0.4,78,27.96,0.86,1.7
30-03-24,Dhaka,11,0,77,29.56,1.32,4.34
31-03-24,Dhaka,10,0,76.2,28.2,2.14,7.04
01-04-24,Dhaka,5,5.2,66,30.44,1.84,8.88
02-04-24,Dhaka,6,0,68.8,30.48,1.84,7.88
03-04-24,Dhaka,1,0,67.4,30.72,1.36,8.48
04-04-24,Dhaka,6,0,72,30.54,2.06,7.62
05-04-24,Dhaka,1,0,79.2,29.94,1.66,3.42
06-04-24,Dhaka,6,0,74.2,31.3,1.66,7.52
07-04-24,Dhaka,4,0,80.8,27.5,1.24,0.58
08-04-24,Dhaka,3,1.6,71.8,26.32,1.8,1.96
09-04-24,Dhaka,2,0,65.8,28.12,1.1,5.58
10-04-24,Dhaka,0,0,73.2,28.1,0.6,1.06
11-04-24,Dhaka,0,0,67.2,29.04,0.9,2.56
12-04-24,Dhaka,2,0,57.8,30.16,1.14,7.74
13-04-24,Dhaka,13,0,60.6,30.08,1.4,7.98
14-04-24,Dhaka,8,0,60.6,30.38,1.66,7.54
15-04-24,Dhaka,15,0,56.2,31.44,1.5,8.64
16-04-24,Dhaka,8,0,67.2,30.14,1.82,7.62
17-04-24,Dhaka,9,7,69,30.74,1.4,7.56
18-04-24,Dhaka,7,1.4,71.2,31.02,1.8,7.52
19-04-24,Dhaka,13,0,62.2,32.42,2.56,8.98
20-04-24,Dhaka,16,0,60.4,33.14,2.24,10.06
21-04-24,Dhaka,25,0,69.2,32.56,2.36,8.68
22-04-24,Dhaka,12,0,67.2,32.2,1.66,6.54
23-04-24,Dhaka,8,0,59.8,32.44,1.58,8.84
24-04-24,Dhaka,21,0,56.2,32.76,1.56,9.94
25-04-24,Dhaka,5,0,63,32.62,1.86,9.74
26-04-24,Dhaka,8,0,68.6,32.7,2.14,9.14
27-04-24,Dhaka,10,0,71.4,32.46,2.28,7.78
28-04-24,Dhaka,14,0,66.8,33.48,1.88,9.16
29-04-24,Dhaka,4,0,63.2,33.6,1.7,9.32
30-04-24,Dhaka,8,0,68.8,33.48,2.3,9.2
01-05-24,Dhaka,6,0,60.6,33.46,1.9,9.7
02-05-24,Dhaka,9,0,65.4,32.46,2.32,8.22
03-05-24,Dhaka,7,2,63.6,31.68,1.9,9.2
04-05-24,Dhaka,8,0,67,31.92,2.3,5.94
05-05-24,Dhaka,7,0,68.4,30.88,4.08,8.52
06-05-24,Dhaka,18,9,80.2,25.82,3.4,2.46
07-05-24,Dhaka,7,33.6,73,27.38,1.66,6.1
08-05-24,Dhaka,7,16.2,80.4,26.06,2.1,2.86
09-05-24,Dhaka,15,3.6,73,27.42,2,5.58
10-05-24,Dhaka,2,3.6,68.6,28.84,1.7,8.22
11-05-24,Dhaka,9,9.8,83.4,26.44,2.06,4.52
12-05-24,Dhaka,16,39.4,77.2,27.5,1.2,6.2
13-05-24,Dhaka,12,1.8,73.2,29.86,1.3,8.94
14-05-24,Dhaka,19,1,70.6,31.02,1.4,8.64
15-05-24,Dhaka,12,0,68.8,31.52,1,9.16
16-05-24,Dhaka,20,0,67.2,32.2,0.8,9.42
17-05-24,Dhaka,11,0,71,32.26,1.3,7.96
18-05-24,Dhaka,7,0,80,29.36,1.74,1.46
19-05-24,Dhaka,10,0.6,79.4,29.36,2.26,2.06
20-05-24,Dhaka,13,4.2,80,28.1,1.7,4.22
21-05-24,Dhaka,7,0.4,71.2,30.72,0.6,8.16
22-05-24,Dhaka,7,0,76,30.6,1.9,6.26
23-05-24,Dhaka,6,4.6,69.6,32.04,2.2,9.3
24-05-24,Dhaka,6,1.6,67.2,33,1.4,10.52
25-05-24,Dhaka,11,0,70,32.24,2.36,9.82
26-05-24,Dhaka,10,1.8,77,29.7,6.3,1.18
27-05-24,Dhaka,10,22.2,95,26.32,9.7,0
28-05-24,Dhaka,4,151.8,81,29.92,3.14,3.52
29-05-24,Dhaka,8,0.6,80.6,31.42,2.78,2.54
30-05-24,Dhaka,16,0,78.2,31.52,2.42,4.64
31-05-24,Dhaka,7,0.4,78.8,29.58,1.52,2.68
01-06-24,Dhaka,11,0,74.8,31.74,1.72,8.56
02-06-24,Dhaka,11,0,74.6,31.5,1.76,6.74
03-06-24,Dhaka,18,0,78.2,30.12,1.82,5.88
04-06-24,Dhaka,14,0.2,78.4,30.02,1.46,5.7
05-06-24,Dhaka,16,9.6,77.6,31.46,1.74,6.86
06-06-24,Dhaka,13,9.6,78.6,30.76,1.32,3.84
07-06-24,Dhaka,6,3,77.2,30.72,1.84,4.36
08-06-24,Dhaka,11,6.8,77.2,31.56,1.96,4.86
09-06-24,Dhaka,7,0,80.8,31.3,1.86,0.94
10-06-24,Dhaka,22,0,79.4,30.44,2.14,0.96
11-06-24,Dhaka,7,0.2,74,32.18,1.22,7.22
12-06-24,Dhaka,20,0,77.2,31.8,1.82,4.2
13-06-24,Dhaka,18,0,80.6,30.34,2.28,1.02
14-06-24,Dhaka,10,19,82.2,30.54,2.24,0.72
15-06-24,Dhaka,11,0,81.6,31.12,2.34,0.2
16-06-24,Dhaka,4,0,78.4,31.76,2.4,1.64
17-06-24,Dhaka,0,0,78.8,31.74,1.36,0.3
18-06-24,Dhaka,4,0,82.4,31,2.16,0
19-06-24,Dhaka,28,0,86.8,27.78,1.7,0
20-06-24,Dhaka,11,1.2,89.2,27.4,1.8,0.36
21-06-24,Dhaka,11,31.6,81.4,29.54,1.2,3.2
22-06-24,Dhaka,7,3,85,29.34,1.4,3.28
23-06-24,Dhaka,23,25,77.6,30.96,1.5,6.7
24-06-24,Dhaka,16,0.4,75.8,31.54,1.9,8.38
25-06-24,Dhaka,19,0,75.8,31.58,2.2,6.32
26-06-24,Dhaka,21,1.4,79.6,30.78,1.04,2.44
27-06-24,Dhaka,23,12.8,78.6,30.54,2.1,4.32
28-06-24,Dhaka,7,1.8,84.8,29.58,1.74,2.46
29-06-24,Dhaka,36,9.2,88,29,1.56,0.74
30-06-24,Dhaka,15,16.4,91,28.32,1.52,0.62
01-07-24,Dhaka,25,36.8,91.2,28.48,1.62,0
02-07-24,Dhaka,23,22.2,91.6,27.74,1.56,0
03-07-24,Dhaka,26,32.8,89.2,27.86,1.74,0.66
04-07-24,Dhaka,20,17,90.4,27.94,1.8,0.32
05-07-24,Dhaka,20,17.8,88.8,27.96,1.86,0.68
06-07-24,Dhaka,22,8.8,85.8,28.98,1.6,4.18
07-07-24,Dhaka,41,8.2,83.8,29.78,1.6,5.02
08-07-24,Dhaka,32,6,80.4,30.04,1.54,2.66
09-07-24,Dhaka,36,1.4,81,30.06,1.52,2.54
10-07-24,Dhaka,48,0.4,80.4,30.56,2,5.48
11-07-24,Dhaka,60,1.2,86.8,28.88,1.7,2.74
12-07-24,Dhaka,20,43.6,90.2,27.76,1.34,1.12
13-07-24,Dhaka,57,41,83.2,30,1.8,4.54
14-07-24,Dhaka,64,4.8,80.2,30.5,1.58,7.18
15-07-24,Dhaka,67,2.4,77.2,30.8,2.06,7.2
16-07-24,Dhaka,65,0.2,81,30.34,1.6,4.6
17-07-24,Dhaka,20,3.8,78,31.36,1.4,6.36
18-07-24,Dhaka,20,0,74,32.1,1.1,7.72
19-07-24,Dhaka,20,0.6,74,31.2,2.52,8.32
20-07-24,Dhaka,20,2.2,77.4,30.44,2.1,5
21-07-24,Dhaka,20,3.2,80.4,30.04,2.58,4.3
22-07-24,Dhaka,20,7,85.4,29.22,2.32,3.16
23-07-24,Dhaka,20,11.4,84.8,29.54,1.68,5.14
24-07-24,Dhaka,84,9.2,85,29.68,1.56,3.2
25-07-24,Dhaka,166,6.8,78,30.82,1.82,7.62
26-07-24,Dhaka,30,2.4,77.4,30.68,2.98,6.44
27-07-24,Dhaka,74,5.4,76.6,31,2.34,6.46
28-07-24,Dhaka,89,2.4,77.4,30.8,2.12,6.66
29-07-24,Dhaka,104,1,80.8,30.12,1.72,3.46
30-07-24,Dhaka,50,4.8,84.8,29.72,1.74,2.34
31-07-24,Dhaka,79,8.4,86.8,29.42,1.6,3.66
01-08-24,Dhaka,95,22,93.2,27.08,2.08,0
02-08-24,Dhaka,42,51,95,26.6,1.34,0
03-08-24,Dhaka,140,57.6,93.6,27.14,1.6,0.28
04-08-24,Dhaka,91,15.2,84.4,29.08,1.48,3.64
05-08-24,Dhaka,34,0.4,88,28.54,1.56,1.34
06-08-24,Dhaka,51,9.6,83.6,29.32,1.58,4.54
07-08-24,Dhaka,76,6.8,83.2,29.2,2.1,5.36
08-08-24,Dhaka,108,3.2,84,28.82,1.68,4.44
09-08-24,Dhaka,23,6.6,86,28.52,2.26,3.58
10-08-24,Dhaka,131,12.2,84,29.42,1.64,3.72
11-08-24,Dhaka,109,3.4,87.6,28.92,1.84,0.78
12-08-24,Dhaka,118,5.2,87,29.16,1.34,1.36
13-08-24,Dhaka,115,11,85.4,29.62,1,3.52
14-08-24,Dhaka,99,6.2,79,30.72,1.36,6.92
15-08-24,Dhaka,120,0.2,79,30.52,1.5,6.26
16-08-24,Dhaka,38,6.2,82.8,29.08,1.32,3.1
17-08-24,Dhaka,154,4.4,83.2,28.28,1.94,5.38
18-08-24,Dhaka,134,19.2,89.2,27.88,1.92,0.6
19-08-24,Dhaka,123,18.2,90.4,27.34,2.12,0.22
20-08-24,Dhaka,115,5.8,86.6,28.72,1.34,3.02
21-08-24,Dhaka,131,25.2,92.2,28.26,1.4,0
22-08-24,Dhaka,117,27.4,91.6,27.36,1.4,0
23-08-24,Dhaka,64,17.6,87.2,28.3,1.84,0.8
24-08-24,Dhaka,173,5,83.4,28.98,1.4,5.12
25-08-24,Dhaka,146,30,90.6,27.06,1.7,1.88
26-08-24,Dhaka,80,30.2,88.8,27.34,1.82,0.88
27-08-24,Dhaka,200,2.2,86.2,28.44,1.2,1.86
28-08-24,Dhaka,158,9,84,28.94,1,2.76
29-08-24,Dhaka,179,0.8,78.4,30.58,1,8.7
30-08-24,Dhaka,88,13,77,30.7,1.4,7.88
31-08-24,Dhaka,215,1.6,78,30.36,1.4,6.74
01-09-24,Dhaka,212,0.2,83.8,29.46,1.54,2.32
02-09-24,Dhaka,155,2.2,83,29.62,1.4,3.48
03-09-24,Dhaka,161,9.8,88.6,28.36,1.9,0.84
04-09-24,Dhaka,191,27.2,81.2,30.12,1.6,7.54
05-09-24,Dhaka,207,6,82.8,30.08,0.6,4.9
06-09-24,Dhaka,97,0,82.6,29.8,1.2,3.56
07-09-24,Dhaka,288,3.4,81.6,30.42,1.36,5.32
08-09-24,Dhaka,247,6,76.4,30.8,1.44,8.24
09-09-24,Dhaka,416,0.4,76.4,30.64,1.8,8.9
10-09-24,Dhaka,289,4.2,78.6,30.5,1.3,5.72
11-09-24,Dhaka,236,0.4,83,30.48,1.2,5.6
12-09-24,Dhaka,398,4.4,83.4,30.42,1.5,3.6
13-09-24,Dhaka,140,9.4,79.6,29.48,2.46,3.16
14-09-24,Dhaka,404,33.6,93.8,25.94,4.98,0
15-09-24,Dhaka,310,94.8,95.4,25.92,3.36,0
16-09-24,Dhaka,237,87.2,89,28.1,2.24,0.36
17-09-24,Dhaka,455,9.2,82,29.8,1.46,7.16
18-09-24,Dhaka,514,0,79.6,30.88,1.4,6.38
19-09-24,Dhaka,505,0,77.6,32.04,1.2,7.72
20-09-24,Dhaka,237,0,77.2,32.22,1.6,8.88
21-09-24,Dhaka,501,6.4,80.4,28.72,1.3,2.24
22-09-24,Dhaka,512,3.4,76.8,31.06,1.2,8.84
23-09-24,Dhaka,485,0,83.6,30.96,1,1.6
24-09-24,Dhaka,476,3,79.4,30,1.68,5.82
25-09-24,Dhaka,565,5.8,93.2,27,1.66,0.2
26-09-24,Dhaka,524,52.2,95,26.14,1.46,0
27-09-24,Dhaka,231,51.2,89.6,27.74,1.2,2.5
28-09-24,Dhaka,485,10.4,81.2,29.92,1.5,8.02
29-09-24,Dhaka,703,0,84.4,29.98,1.6,2.68
30-09-24,Dhaka,658,2.8,86,29.86,0.86,0.8
01-10-24,Dhaka,693,9.6,86.6,29.74,0.7,2.24
02-10-24,Dhaka,607,1.8,84.6,29.6,2.1,2.52
03-10-24,Dhaka,592,30.6,93,27.04,3.98,0
04-10-24,Dhaka,214,22,91.8,26.74,1.2,0.22
05-10-24,Dhaka,605,94.8,93.6,26.56,1.44,0
06-10-24,Dhaka,732,16.8,86.8,28.36,1.76,3.76
07-10-24,Dhaka,679,4.6,85.2,28.68,1.4,4.6
08-10-24,Dhaka,535,4.4,84.2,28.68,1.4,6.16
09-10-24,Dhaka,635,4.2,86.6,27.58,0.6,4.6
10-10-24,Dhaka,409,9,83.2,28.7,1,5.18
11-10-24,Dhaka,347,0.8,82.6,29.28,1.64,6.38
12-10-24,Dhaka,431,4.8,84.8,28.58,1.4,4.22
13-10-24,Dhaka,439,6,81,29.2,0.8,5.42
14-10-24,Dhaka,630,0,80,28.76,1.9,5.34
15-10-24,Dhaka,619,0,79,28.6,0.2,4
16-10-24,Dhaka,723,0,81,28.82,0,2.7
17-10-24,Dhaka,586,0.6,86,27.58,0,0.16
18-10-24,Dhaka,259,5.6,88.2,27.12,0.6,2.26
19-10-24,Dhaka,633,7.2,85.2,27.24,0.8,1.92
20-10-24,Dhaka,750,1.2,80.4,27.64,0.94,6.78
21-10-24,Dhaka,603,0,79.8,27.74,1,6.76
22-10-24,Dhaka,664,0,78.2,29.22,1,7.84
23-10-24,Dhaka,637,0,87,27.3,0.96,0.2
24-10-24,Dhaka,596,13.6,90.2,24.9,1.86,0.14
25-10-24,Dhaka,342,20,83,27.54,1.92,1.84
26-10-24,Dhaka,550,0.8,82.6,28.26,1.72,5.76
27-10-24,Dhaka,705,0.6,79.8,28.48,0.6,7.12
28-10-24,Dhaka,702,0,78.4,28.46,1.7,7.4
29-10-24,Dhaka,749,0,79.6,28.52,0.6,6.6
30-10-24,Dhaka,636,0,79.6,28.94,0.6,6.38
31-10-24,Dhaka,731,0,81,28.84,0.7,5.6
01-11-24,Dhaka,211,2.6,78.8,28.22,0.5,6.78
02-11-24,Dhaka,621,0,78,27.9,1.4,6.24
03-11-24,Dhaka,677,0,81.4,27.24,0.8,3.68
04-11-24,Dhaka,745,0,76.8,27.48,1.2,6.82
05-11-24,Dhaka,875,0,77,27.34,2.06,4.48
06-11-24,Dhaka,575,5.8,79,25.46,1,5.56
07-11-24,Dhaka,633,0,77.6,26.14,0.6,7.58
08-11-24,Dhaka,334,0,75.8,26.3,0.8,7.98
09-11-24,Dhaka,649,0,75.4,25.66,1.7,8.46
10-11-24,Dhaka,780,0,76.2,25.86,0.6,8.18
11-11-24,Dhaka,687,0,72.4,26.46,1.5,6.68
12-11-24,Dhaka,702,0,72.6,25.8,1,6.76
13-11-24,Dhaka,708,0.2,75.4,25.28,1.7,7.72
14-11-24,Dhaka,658,0.2,75.2,25.1,1.84,6.36
15-11-24,Dhaka,261,0,76.2,24.72,1.2,5.58
16-11-24,Dhaka,622,0,72,23.68,1.6,6.44
17-11-24,Dhaka,767,0,69.8,22.46,2,6.82
18-11-24,Dhaka,639,0,73.8,22.34,1.4,8.06
19-11-24,Dhaka,564,0,73.8,22.62,0.8,7.46
20-11-24,Dhaka,530,0,72.8,22.48,0.6,7.56
21-11-24,Dhaka,766,0,72.4,22.84,0.9,6.92
22-11-24,Dhaka,239,0,74,23.04,1.4,6.42
23-11-24,Dhaka,494,0,75,22.7,1,5.72
24-11-24,Dhaka,587,0,73.4,21.9,0.72,4.4
25-11-24,Dhaka,521,0,71.8,21.42,1.06,3.64
26-11-24,Dhaka,560,0,75.8,21.46,1.06,5.3
27-11-24,Dhaka,532,0,76,21.78,1,5.98
28-11-24,Dhaka,507,0,73.4,22.48,0.6,6.28
29-11-24,Dhaka,223,0,69,24.02,0.6,5.94
30-11-24,Dhaka,388,0,75,22.44,1.06,2.4
01-12-24,Dhaka,477,1.8,71.2,22.86,1.4,5.84
02-12-24,Dhaka,403,0,69.8,22.48,1.1,3.94
03-12-24,Dhaka,357,0,71.6,22.02,1.54,7.44
04-12-24,Dhaka,357,0,74.6,21.02,0.6,5.78
05-12-24,Dhaka,335,0,72.6,21.08,0.6,5.56
06-12-24,Dhaka,149,0,68.2,19.84,1.4,6.46
07-12-24,Dhaka,323,0,67.6,19.12,1.9,6.9
08-12-24,Dhaka,364,0,71.6,18.96,0.6,6.36
09-12-24,Dhaka,295,0,77,19.92,1,2.9
10-12-24,Dhaka,269,0,79.4,19.7,1.06,3.78
11-12-24,Dhaka,258,0,79.4,18.02,1.26,4.56
12-12-24,Dhaka,183,0,89.4,15.56,1.5,0.52
13-12-24,Dhaka,148,0,83.4,17.64,1.6,4.44
14-12-24,Dhaka,197,0,76.8,17.78,1.14,5.92
15-12-24,Dhaka,220,0,74.6,18.04,1.14,6.7
16-12-24,Dhaka,64,0,74.6,18.4,1.4,6.56
17-12-24,Dhaka,170,0,73.2,19.96,0.4,5.98
18-12-24,Dhaka,139,0,73.2,19.68,0.8,5.76
19-12-24,Dhaka,124,0,79.2,19.04,0.34,4.04
20-12-24,Dhaka,61,0,77.4,19.54,0.54,3.24
21-12-24,Dhaka,92,0,86.4,18.68,0.6,0.68
22-12-24,Dhaka,76,0.8,82.8,18.94,1.46,4.54
23-12-24,Dhaka,118,0,76.6,18.86,1.7,6.2
24-12-24,Dhaka,80,0,74.8,19.44,0.7,6.76
25-12-24,Dhaka,35,0,75.6,19.5,0.2,2.44
26-12-24,Dhaka,76,0,70,20.44,1.4,6.54
27-12-24,Dhaka,33,0,72,19.76,1.9,6.9
28-12-24,Dhaka,76,0,73.8,19.84,1.6,6.72
29-12-24,Dhaka,69,0,73.8,20.22,1.6,6.46
30-12-24,Dhaka,69,0,74.4,20.38,1.82,5.4
31-12-24,Dhaka,44,0,81.8,17.94,1.84,3.96
