Date,effected-khulna,Rainfall,Humidity,Temparature,Sunshine,Temp-min
01-01-22,0.0,0.0,79.66666666666667,17.983333333333334,6.933333333333334,13.883333333333333
02-01-22,0.0,0.0,87.83333333333333,16.28333333333333,3.566666666666667,13.35
03-01-22,0.0,0.0,81.33333333333333,17.2,7.083333333333333,12.450000000000001
04-01-22,0.0,0.0,82.66666666666667,16.133333333333333,6.433333333333334,11.466666666666667
05-01-22,0.0,0.0,82.33333333333333,16.216666666666665,6.183333333333333,11.716666666666667
06-01-22,0.0,0.0,81.5,17.266666666666666,7.083333333333333,11.783333333333333
07-01-22,0.0,0.0,79.33333333333333,18.716666666666665,7.749999999999999,12.66666666666667
08-01-22,0.0,0.0,78.0,19.5,8.016666666666667,13.716666666666667
09-01-22,0.0,0.0,78.5,19.916666666666668,8.316666666666666,14.166666666666666
10-01-22,0.0,0.0,80.0,20.383333333333336,5.716666666666668,14.75
11-01-22,0.0,0.0,80.16666666666667,21.133333333333333,4.0,16.616666666666664
12-01-22,0.0,4.5,86.5,19.25,0.016666666666666666,17.366666666666664
13-01-22,0.0,0.5,85.33333333333333,19.45,4.3999999999999995,15.966666666666667
14-01-22,0.0,0.0,82.66666666666667,18.516666666666666,0.13333333333333333,16.516666666666666
15-01-22,0.0,0.0,80.16666666666667,18.066666666666666,3.266666666666667,15.700000000000001
16-01-22,0.0,0.16666666666666666,73.83333333333333,16.816666666666666,8.383333333333333,13.583333333333334
17-01-22,0.0,0.0,77.66666666666667,17.083333333333336,8.200000000000001,11.683333333333335
18-01-22,0.0,0.0,79.0,17.250000000000004,7.25,11.6
19-01-22,0.0,0.0,81.66666666666667,16.816666666666666,7.366666666666667,12.483333333333334
20-01-22,0.0,0.0,80.0,16.433333333333334,7.166666666666667,12.033333333333333
21-01-22,0.0,0.0,80.0,17.98333333333333,4.633333333333334,12.316666666666665
22-01-22,0.0,0.0,88.5,18.05,0.06666666666666667,14.466666666666667
23-01-22,1.0,0.3333333333333333,88.83333333333333,18.266666666666662,0.5666666666666668,14.466666666666667
24-01-22,0.0,5.0,87.33333333333333,18.333333333333332,2.4499999999999997,15.466666666666667
25-01-22,0.0,0.0,82.5,20.316666666666666,5.183333333333334,15.166666666666666
26-01-22,0.0,0.0,82.83333333333333,19.916666666666664,2.233333333333333,16.23333333333333
27-01-22,0.0,1.3333333333333333,72.83333333333333,17.400000000000002,7.483333333333334,15.566666666666668
28-01-22,0.0,0.0,71.0,15.35,7.933333333333334,10.866666666666667
29-01-22,0.0,0.0,76.66666666666667,14.816666666666668,7.666666666666665,10.066666666666668
30-01-22,0.0,0.0,75.83333333333333,15.883333333333335,7.8999999999999995,10.033333333333333
31-01-22,0.0,0.0,72.5,17.96666666666667,7.916666666666665,10.65
01-02-22,0.0,0.0,77.66666666666667,19.316666666666666,7.433333333333334,13.283333333333333
02-02-22,0.0,0.0,76.0,20.133333333333336,7.45,13.450000000000001
03-02-22,0.0,0.0,83.5,21.45,4.0,16.26666666666667
04-02-22,0.0,0.5,93.0,17.53333333333333,0.6000000000000001,17.683333333333334
05-02-22,0.0,32.833333333333336,76.66666666666667,17.400000000000002,7.216666666666666,14.933333333333335
06-02-22,0.0,0.0,76.0,16.566666666666666,8.883333333333333,10.716666666666667
07-02-22,0.0,0.0,78.0,17.05,8.3,11.616666666666667
08-02-22,0.0,0.0,77.33333333333333,18.366666666666664,8.116666666666667,11.9
09-02-22,0.0,0.0,80.16666666666667,19.95,6.45,13.666666666666666
10-02-22,0.0,0.3333333333333333,89.16666666666667,18.916666666666668,0.6,16.5
11-02-22,0.0,0.5,83.66666666666667,18.666666666666668,3.783333333333333,15.166666666666664
12-02-22,0.0,0.0,70.33333333333333,17.666666666666664,8.933333333333334,11.966666666666667
13-02-22,0.0,0.0,69.33333333333333,18.333333333333332,9.216666666666667,11.383333333333333
14-02-22,0.0,0.0,70.0,18.61666666666667,9.216666666666667,11.833333333333334
15-02-22,1.0,0.0,69.5,18.583333333333332,9.450000000000001,12.133333333333333
16-02-22,0.0,0.0,70.5,18.46666666666667,9.033333333333333,11.783333333333333
17-02-22,0.0,0.0,73.33333333333333,19.433333333333334,8.8,12.333333333333334
18-02-22,0.0,0.0,68.83333333333333,19.733333333333334,9.116666666666665,13.299999999999999
19-02-22,0.0,0.0,65.83333333333333,19.900000000000002,9.016666666666667,12.683333333333332
20-02-22,0.0,0.0,81.0,19.96666666666667,4.233333333333333,13.683333333333332
21-02-22,0.0,4.5,75.16666666666667,20.500000000000004,6.766666666666666,14.85
22-02-22,0.0,0.0,75.33333333333333,22.166666666666668,6.816666666666667,15.983333333333333
23-02-22,0.0,1.0,80.0,22.349999999999998,6.733333333333334,17.26666666666667
24-02-22,0.0,0.0,75.66666666666667,23.083333333333332,6.916666666666667,17.2
25-02-22,0.0,4.666666666666667,75.66666666666667,23.05,6.366666666666667,18.599999999999998
26-02-22,0.0,0.0,74.5,23.71666666666667,8.75,18.2
27-02-22,0.0,0.0,77.33333333333333,22.78333333333333,7.1499999999999995,17.9
28-02-22,0.0,9.666666666666666,79.0,23.583333333333332,8.033333333333333,17.883333333333333
01-03-22,0.0,0.0,70.5,23.483333333333334,8.383333333333333,18.283333333333335
02-03-22,0.0,0.0,69.0,23.433333333333334,8.483333333333333,18.066666666666666
03-03-22,0.0,0.0,71.83333333333333,23.383333333333336,9.033333333333333,17.349999999999998
04-03-22,0.0,0.0,68.0,23.849999999999998,8.933333333333334,17.466666666666665
05-03-22,0.0,0.0,69.66666666666667,24.666666666666668,8.566666666666666,17.766666666666666
06-03-22,0.0,0.0,65.83333333333333,24.233333333333334,9.116666666666665,18.349999999999998
07-03-22,0.0,0.0,69.16666666666667,24.400000000000002,9.083333333333334,17.3
08-03-22,0.0,0.0,69.66666666666667,24.75,9.133333333333333,18.566666666666666
09-03-22,0.0,0.0,68.33333333333333,24.46666666666667,9.416666666666666,17.866666666666667
10-03-22,0.0,0.0,67.16666666666667,24.583333333333332,9.116666666666665,17.016666666666666
11-03-22,0.0,0.0,67.0,24.816666666666666,9.316666666666666,17.400000000000002
12-03-22,0.0,0.0,66.5,25.283333333333335,9.083333333333334,17.7
13-03-22,0.0,0.0,66.0,25.116666666666664,9.233333333333334,17.883333333333333
14-03-22,0.0,0.0,66.16666666666667,25.666666666666668,9.5,18.566666666666666
15-03-22,0.0,0.0,65.66666666666667,26.666666666666668,9.283333333333333,19.133333333333336
16-03-22,1.0,0.0,62.5,27.7,9.083333333333334,19.316666666666666
17-03-22,0.0,0.0,65.0,27.75,9.166666666666666,20.733333333333334
18-03-22,0.0,0.0,62.666666666666664,27.566666666666666,9.433333333333332,20.016666666666666
19-03-22,0.0,0.0,60.166666666666664,27.683333333333334,9.416666666666666,20.03333333333333
20-03-22,0.0,0.0,65.0,27.766666666666666,9.016666666666667,20.383333333333336
21-03-22,0.0,0.0,76.16666666666667,27.866666666666664,7.800000000000001,22.599999999999998
22-03-22,0.0,0.0,75.0,28.433333333333334,7.850000000000001,23.583333333333332
23-03-22,2.0,0.0,72.66666666666667,28.95,7.133333333333334,24.166666666666668
24-03-22,0.0,0.0,75.16666666666667,28.833333333333332,7.8500000000000005,24.366666666666664
25-03-22,0.0,0.0,77.33333333333333,28.783333333333335,5.199999999999999,25.0
26-03-22,0.0,0.0,79.66666666666667,28.950000000000003,2.716666666666667,25.78333333333333
27-03-22,0.0,0.0,77.0,29.516666666666666,5.550000000000001,26.05
28-03-22,0.0,0.0,74.16666666666667,29.71666666666667,7.766666666666666,25.46666666666667
29-03-22,0.0,0.0,76.16666666666667,29.2,5.583333333333333,25.88333333333333
30-03-22,0.0,0.0,76.83333333333333,29.2,7.166666666666667,25.599999999999998
31-03-22,0.0,0.0,76.0,29.383333333333336,8.066666666666668,25.666666666666668
01-04-22,0.0,0.0,76.66666666666667,29.616666666666664,7.433333333333333,26.05
02-04-22,0.0,0.0,78.16666666666667,28.983333333333334,2.4333333333333336,26.400000000000002
03-04-22,0.0,0.0,76.66666666666667,29.46666666666667,5.766666666666667,26.016666666666666
04-04-22,0.0,0.0,75.16666666666667,29.333333333333332,6.233333333333334,26.416666666666668
05-04-22,0.0,0.0,73.66666666666667,29.116666666666664,8.05,25.433333333333334
06-04-22,0.0,0.0,76.33333333333333,28.933333333333334,5.800000000000001,25.5
07-04-22,0.0,0.0,75.16666666666667,29.400000000000002,7.5,24.849999999999998
08-04-22,0.0,0.0,74.16666666666667,29.183333333333334,8.450000000000001,24.916666666666668
09-04-22,0.0,0.0,75.83333333333333,29.666666666666668,8.250000000000002,25.266666666666666
10-04-22,0.0,0.0,77.16666666666667,29.616666666666664,6.316666666666666,26.03333333333333
11-04-22,0.0,0.0,77.0,30.066666666666666,6.216666666666668,26.450000000000003
12-04-22,0.0,0.0,78.0,29.63333333333333,5.166666666666667,26.333333333333332
13-04-22,0.0,0.0,76.66666666666667,29.96666666666667,7.016666666666667,26.616666666666664
14-04-22,0.0,0.0,77.66666666666667,30.0,5.516666666666667,26.849999999999998
15-04-22,0.0,1.6666666666666667,75.16666666666667,31.033333333333335,7.016666666666667,26.016666666666666
16-04-22,0.0,0.0,78.0,30.26666666666667,5.3999999999999995,27.0
17-04-22,0.0,0.0,76.16666666666667,30.150000000000002,6.516666666666667,26.516666666666666
18-04-22,0.0,0.0,77.0,30.233333333333334,6.866666666666667,26.583333333333332
19-04-22,0.0,0.0,75.33333333333333,30.36666666666667,7.500000000000001,26.28333333333333
20-04-22,0.0,0.0,76.66666666666667,26.816666666666666,3.75,25.71666666666667
21-04-22,0.0,1.5,75.5,29.016666666666666,5.216666666666667,23.066666666666666
22-04-22,0.0,0.0,81.66666666666667,28.01666666666667,2.6166666666666667,26.266666666666666
23-04-22,0.0,8.0,72.66666666666667,30.966666666666665,7.566666666666666,23.33333333333333
24-04-22,0.0,0.0,70.66666666666667,31.933333333333337,9.549999999999999,26.616666666666664
25-04-22,1.0,0.0,71.83333333333333,32.18333333333334,9.249999999999998,27.03333333333333
26-04-22,0.0,0.0,74.83333333333333,31.53333333333333,8.466666666666667,27.333333333333332
27-04-22,0.0,0.0,74.5,31.33333333333334,8.516666666666667,27.0
28-04-22,0.0,0.0,75.33333333333333,31.483333333333334,7.8,27.03333333333333
29-04-22,0.0,0.0,71.83333333333333,30.38333333333333,8.583333333333334,27.55
30-04-22,0.0,1.8333333333333333,69.5,29.099999999999998,5.483333333333333,23.650000000000002
01-05-22,0.0,2.0,68.5,29.41666666666666,8.116666666666665,22.366666666666664
02-05-22,0.0,2.5,71.0,29.216666666666665,8.216666666666667,23.0
03-05-22,0.0,0.0,90.16666666666667,24.650000000000002,0.38333333333333336,23.53333333333333
04-05-22,0.0,36.333333333333336,77.5,28.249999999999996,7.45,21.433333333333334
05-05-22,0.0,0.3333333333333333,79.33333333333333,28.349999999999998,7.016666666666667,25.0
06-05-22,0.0,6.166666666666667,73.5,29.249999999999996,8.9,23.7
07-05-22,0.0,0.0,74.16666666666667,30.05,8.200000000000001,25.3
08-05-22,0.0,0.0,70.16666666666667,30.650000000000002,8.783333333333333,25.75
09-05-22,0.0,0.0,88.66666666666667,27.05,0.9,26.416666666666668
10-05-22,0.0,11.833333333333334,87.33333333333333,27.8,2.8666666666666667,24.933333333333337
11-05-22,0.0,16.833333333333332,85.83333333333333,27.816666666666663,2.1666666666666665,25.599999999999998
12-05-22,0.0,17.166666666666668,81.16666666666667,29.683333333333334,4.966666666666667,25.516666666666666
13-05-22,0.0,5.833333333333333,78.66666666666667,30.049999999999997,2.85,26.833333333333332
14-05-22,0.0,3.8333333333333335,75.83333333333333,30.516666666666666,7.233333333333334,26.650000000000002
15-05-22,0.0,9.0,75.33333333333333,30.75,7.399999999999999,25.549999999999997
16-05-22,0.0,0.0,74.66666666666667,31.266666666666666,8.033333333333333,26.816666666666666
17-05-22,0.0,0.0,74.33333333333333,31.433333333333334,6.816666666666666,28.0
18-05-22,0.0,0.0,73.83333333333333,31.75,8.466666666666667,28.333333333333332
19-05-22,0.0,0.0,76.83333333333333,31.416666666666668,6.016666666666667,28.383333333333336
20-05-22,0.0,0.0,77.16666666666667,30.849999999999998,7.300000000000001,26.783333333333335
21-05-22,0.0,7.166666666666667,76.0,27.916666666666668,5.533333333333334,24.866666666666664
22-05-22,0.0,8.833333333333334,77.16666666666667,28.916666666666668,2.8166666666666664,23.816666666666666
23-05-22,0.0,0.0,73.16666666666667,30.266666666666666,9.366666666666665,24.516666666666666
24-05-22,0.0,1.0,71.0,30.900000000000002,9.416666666666666,25.666666666666668
25-05-22,0.0,0.3333333333333333,77.5,29.3,6.333333333333335,26.71666666666667
26-05-22,0.0,5.666666666666667,76.83333333333333,29.51666666666667,8.333333333333334,24.366666666666664
27-05-22,1.0,9.833333333333334,76.0,29.599999999999998,5.8500000000000005,24.566666666666666
28-05-22,0.0,0.16666666666666666,78.16666666666667,29.066666666666666,7.066666666666667,25.533333333333335
29-05-22,0.0,12.833333333333334,86.33333333333333,27.41666666666667,0.31666666666666665,23.45
30-05-22,0.0,19.5,82.16666666666667,29.166666666666668,3.4166666666666665,24.950000000000003
31-05-22,0.0,2.1666666666666665,83.66666666666667,29.03333333333333,3.6999999999999997,26.400000000000002
01-06-22,0.0,3.8333333333333335,87.0,28.599999999999998,1.1666666666666667,26.333333333333332
02-06-22,1.0,1.1666666666666667,85.0,29.116666666666664,1.3166666666666667,26.53333333333333
03-06-22,1.0,7.333333333333333,81.83333333333333,30.233333333333334,2.233333333333333,26.0
04-06-22,0.0,1.0,79.16666666666667,31.11666666666667,4.1000000000000005,28.03333333333333
05-06-22,0.0,1.1666666666666667,77.16666666666667,31.400000000000002,5.283333333333334,27.983333333333334
06-06-22,0.0,0.0,78.33333333333333,31.23333333333333,5.6499999999999995,27.96666666666667
07-06-22,0.0,0.0,76.16666666666667,31.7,4.733333333333333,28.05
08-06-22,0.0,0.0,77.16666666666667,31.516666666666666,3.216666666666667,27.866666666666664
09-06-22,1.0,0.0,81.83333333333333,28.900000000000002,0.3666666666666667,28.733333333333334
10-06-22,0.0,6.0,73.33333333333333,30.633333333333336,4.766666666666667,25.483333333333334
11-06-22,1.0,0.0,78.16666666666667,30.96666666666667,4.366666666666666,27.45
12-06-22,0.0,0.0,77.66666666666667,31.5,6.0,28.03333333333333
13-06-22,0.0,0.0,76.16666666666667,31.766666666666666,6.849999999999999,28.033333333333335
14-06-22,0.0,0.0,75.66666666666667,31.350000000000005,2.6,28.25
15-06-22,0.0,0.16666666666666666,78.0,30.633333333333336,1.1833333333333333,26.666666666666668
16-06-22,0.0,2.8333333333333335,76.66666666666667,30.966666666666665,1.7333333333333332,27.883333333333336
17-06-22,0.0,1.5,82.83333333333333,28.933333333333334,0.2333333333333333,28.05
18-06-22,0.0,30.666666666666668,88.5,28.03333333333333,1.3333333333333333,25.38333333333333
19-06-22,0.0,11.5,82.5,29.03333333333333,2.016666666666667,25.266666666666666
20-06-22,0.0,3.3333333333333335,86.0,28.166666666666668,1.2166666666666666,24.78333333333333
21-06-22,0.0,3.8333333333333335,84.16666666666667,28.850000000000005,1.7000000000000002,25.916666666666668
22-06-22,0.0,2.6666666666666665,87.16666666666667,28.53333333333333,2.016666666666666,25.983333333333334
23-06-22,1.0,5.666666666666667,80.66666666666667,29.416666666666668,6.6000000000000005,26.066666666666666
24-06-22,0.0,1.0,81.66666666666667,29.333333333333332,6.083333333333333,26.599999999999998
25-06-22,0.0,3.3333333333333335,83.16666666666667,29.066666666666666,4.016666666666667,26.516666666666666
26-06-22,1.0,2.5,79.5,29.733333333333334,7.7,26.316666666666666
27-06-22,0.0,3.0,78.83333333333333,30.116666666666664,8.233333333333333,26.766666666666666
28-06-22,1.0,24.0,80.33333333333333,29.96666666666667,4.016666666666667,26.78333333333333
29-06-22,1.0,1.8333333333333333,81.5,29.71666666666667,4.5,26.8
30-06-22,0.0,1.3333333333333333,90.16666666666667,28.5,0.5833333333333334,26.833333333333332
01-07-22,0.0,14.833333333333334,86.83333333333333,28.900000000000002,2.733333333333333,26.400000000000002
02-07-22,1.0,6.0,81.33333333333333,29.666666666666668,5.1000000000000005,26.96666666666667
03-07-22,0.0,7.333333333333333,88.16666666666667,27.983333333333334,2.85,26.333333333333332
04-07-22,2.0,9.666666666666666,80.5,30.316666666666666,7.783333333333334,25.483333333333334
05-07-22,1.0,2.3333333333333335,79.33333333333333,30.350000000000005,6.716666666666666,26.76666666666667
06-07-22,0.0,0.16666666666666666,85.83333333333333,28.96666666666667,2.5666666666666664,27.383333333333336
07-07-22,0.0,4.5,79.0,30.316666666666666,7.516666666666667,26.916666666666668
08-07-22,0.0,1.0,80.0,30.183333333333334,7.95,26.916666666666668
09-07-22,0.0,2.3333333333333335,78.33333333333333,30.116666666666664,9.633333333333333,26.916666666666668
10-07-22,0.0,2.8333333333333335,83.0,29.583333333333332,8.566666666666666,26.78333333333333
11-07-22,0.0,5.666666666666667,80.83333333333333,29.666666666666668,7.733333333333334,26.7
12-07-22,0.0,0.6666666666666666,77.83333333333333,30.216666666666665,9.950000000000001,26.766666666666666
13-07-22,1.0,1.0,76.16666666666667,30.48333333333333,9.916666666666666,27.383333333333336
14-07-22,1.0,0.6666666666666666,73.66666666666667,30.849999999999998,10.816666666666668,27.166666666666668
15-07-22,0.0,0.3333333333333333,77.83333333333333,30.316666666666666,9.666666666666668,27.316666666666666
16-07-22,0.0,2.3333333333333335,79.0,30.283333333333335,7.666666666666667,27.25
17-07-22,1.0,1.0,79.66666666666667,30.066666666666666,8.783333333333333,27.366666666666664
18-07-22,1.0,3.5,77.33333333333333,30.516666666666666,8.266666666666667,27.03333333333333
19-07-22,0.0,0.6666666666666666,81.83333333333333,29.916666666666668,4.716666666666667,26.833333333333332
20-07-22,0.0,2.3333333333333335,81.0,30.150000000000002,4.5,27.55
21-07-22,2.0,2.6666666666666665,83.0,30.066666666666666,5.516666666666667,27.516666666666666
22-07-22,0.0,12.166666666666666,83.0,29.766666666666666,5.133333333333334,26.966666666666665
23-07-22,0.0,2.5,84.83333333333333,29.049999999999997,3.4333333333333336,26.866666666666664
24-07-22,1.0,4.833333333333333,89.33333333333333,27.566666666666666,0.5833333333333333,26.46666666666667
25-07-22,1.0,8.833333333333334,85.33333333333333,28.399999999999995,2.0500000000000003,25.46666666666667
26-07-22,0.0,6.0,86.0,28.433333333333334,1.6666666666666663,26.016666666666666
27-07-22,0.0,5.5,79.0,29.900000000000002,8.05,25.900000000000002
28-07-22,2.0,0.0,83.83333333333333,29.183333333333326,3.4000000000000004,26.933333333333337
29-07-22,0.0,9.0,77.66666666666667,30.75,8.1,26.23333333333333
30-07-22,0.0,6.666666666666667,79.16666666666667,30.450000000000003,7.333333333333333,26.316666666666666
31-07-22,0.0,3.1666666666666665,82.0,30.083333333333332,2.5333333333333337,27.266666666666666
01-08-22,1.0,1.5,87.83333333333333,28.866666666666664,0.75,27.166666666666668
02-08-22,0.0,7.666666666666667,87.5,29.216666666666665,2.033333333333333,26.866666666666664
03-08-22,0.0,6.5,88.33333333333333,29.01666666666667,0.65,26.849999999999998
04-08-22,0.0,18.5,83.16666666666667,29.783333333333335,4.416666666666667,26.5
05-08-22,0.0,0.8333333333333334,81.0,30.416666666666668,6.933333333333334,26.633333333333336
06-08-22,0.0,1.6666666666666667,84.5,29.25,3.35,27.46666666666667
07-08-22,0.0,7.5,78.33333333333333,30.316666666666666,9.066666666666668,26.5
08-08-22,2.0,1.6666666666666667,81.16666666666667,29.650000000000002,5.766666666666667,26.95
09-08-22,0.0,3.0,85.16666666666667,28.150000000000002,5.283333333333333,26.46666666666667
10-08-22,1.0,11.333333333333334,89.66666666666667,27.283333333333335,0.6333333333333333,25.516666666666666
11-08-22,4.0,10.833333333333334,90.16666666666667,27.483333333333334,1.2000000000000002,25.516666666666666
12-08-22,1.0,12.333333333333334,83.33333333333333,29.3,5.400000000000001,25.61666666666667
13-08-22,1.0,1.8333333333333333,83.33333333333333,29.100000000000005,5.366666666666666,26.633333333333336
14-08-22,3.0,3.8333333333333335,91.0,27.100000000000005,0.11666666666666665,26.433333333333334
15-08-22,2.0,14.833333333333334,88.0,28.433333333333334,2.7166666666666663,25.566666666666666
16-08-22,1.0,7.5,78.83333333333333,30.666666666666668,9.166666666666666,26.2
17-08-22,1.0,0.0,76.0,31.633333333333336,8.583333333333332,27.399999999999995
18-08-22,0.0,0.0,79.16666666666667,30.53333333333333,8.549999999999999,28.25
19-08-22,2.0,20.0,85.66666666666667,28.21666666666667,1.6833333333333333,25.383333333333336
20-08-22,0.0,16.833333333333332,88.16666666666667,27.783333333333335,1.5333333333333332,26.13333333333333
21-08-22,0.0,12.5,82.33333333333333,29.900000000000002,6.866666666666666,25.96666666666667
22-08-22,3.0,0.16666666666666666,78.33333333333333,30.966666666666665,8.366666666666667,26.766666666666666
23-08-22,1.0,14.166666666666666,86.33333333333333,28.666666666666668,3.233333333333333,25.7
24-08-22,6.0,17.666666666666668,86.83333333333333,28.36666666666667,4.383333333333334,26.066666666666674
25-08-22,1.0,5.5,79.5,29.78333333333333,8.1,25.600000000000005
26-08-22,1.0,0.0,77.83333333333333,30.48333333333333,7.233333333333333,26.283333333333335
27-08-22,2.0,0.0,82.83333333333333,30.016666666666666,1.5333333333333332,27.583333333333332
28-08-22,1.0,0.16666666666666666,82.66666666666667,29.283333333333335,2.65,27.416666666666668
29-08-22,0.0,1.3333333333333333,78.33333333333333,30.48333333333333,8.2,26.95
30-08-22,2.0,1.1666666666666667,73.83333333333333,31.13333333333333,9.600000000000001,26.883333333333336
31-08-22,7.0,0.0,77.5,30.833333333333332,8.383333333333335,27.299999999999997
01-09-22,7.0,5.5,79.16666666666667,30.616666666666664,4.733333333333333,27.683333333333334
02-09-22,6.0,5.833333333333333,81.0,30.049999999999997,6.699999999999999,27.133333333333336
03-09-22,7.0,4.666666666666667,81.5,30.233333333333334,6.3,26.91666666666667
04-09-22,14.0,14.333333333333334,81.5,30.016666666666666,3.8333333333333326,26.46666666666667
05-09-22,8.0,0.8333333333333334,87.0,29.150000000000002,2.4833333333333334,27.483333333333334
06-09-22,13.0,22.833333333333332,87.83333333333333,28.933333333333334,2.783333333333333,26.21666666666667
07-09-22,20.0,12.833333333333334,80.16666666666667,30.599999999999998,7.183333333333334,26.850000000000005
08-09-22,7.0,1.0,76.5,30.816666666666666,7.483333333333333,27.2
09-09-22,1.0,1.3333333333333333,85.0,29.566666666666666,3.75,27.400000000000002
10-09-22,4.0,5.5,83.66666666666667,29.083333333333332,5.616666666666666,26.650000000000002
11-09-22,15.0,3.8333333333333335,90.0,27.2,1.95,25.616666666666664
12-09-22,13.0,26.333333333333332,93.66666666666667,26.3,0.0,24.833333333333332
13-09-22,16.0,33.666666666666664,94.5,26.200000000000003,0.0,24.666666666666668
14-09-22,32.0,54.166666666666664,94.16666666666667,26.566666666666663,0.0,24.900000000000002
15-09-22,17.0,42.833333333333336,90.66666666666667,27.266666666666666,1.3,24.816666666666666
16-09-22,6.0,8.333333333333334,85.0,28.716666666666665,4.066666666666667,24.53333333333333
17-09-22,14.0,7.166666666666667,87.66666666666667,28.433333333333337,3.4499999999999997,26.03333333333333
18-09-22,34.0,12.666666666666666,83.83333333333333,29.25,4.35,25.599999999999998
19-09-22,20.0,0.16666666666666666,80.83333333333333,29.3,6.7,26.233333333333334
20-09-22,32.0,2.3333333333333335,83.83333333333333,29.033333333333335,7.283333333333332,26.3
21-09-22,24.0,5.666666666666667,85.0,29.183333333333334,6.333333333333333,26.166666666666668
22-09-22,20.0,3.1666666666666665,83.5,29.45,6.616666666666667,26.283333333333335
23-09-22,7.0,4.833333333333333,81.66666666666667,29.63333333333333,6.933333333333334,26.400000000000002
24-09-22,13.0,0.0,79.83333333333333,29.766666666666666,6.199999999999999,26.266666666666666
25-09-22,30.0,0.0,80.33333333333333,29.53333333333333,3.766666666666666,26.066666666666666
26-09-22,50.0,0.0,83.5,29.233333333333334,5.666666666666667,26.283333333333335
27-09-22,40.0,8.5,85.0,29.016666666666666,4.116666666666666,25.916666666666668
28-09-22,24.0,6.166666666666667,83.0,29.466666666666665,6.066666666666667,25.933333333333334
29-09-22,44.0,2.0,82.33333333333333,29.75,7.3999999999999995,25.783333333333335
30-09-22,18.0,0.6666666666666666,81.83333333333333,30.049999999999997,4.583333333333333,25.933333333333334
01-10-22,26.0,0.0,82.0,30.116666666666664,5.05,26.900000000000002
02-10-22,31.0,1.3333333333333333,88.83333333333333,27.516666666666666,1.1666666666666667,25.266666666666666
03-10-22,39.0,9.5,91.16666666666667,27.13333333333333,0.39999999999999997,24.599999999999998
04-10-22,29.0,21.833333333333332,87.16666666666667,28.21666666666667,4.699999999999999,25.150000000000002
05-10-22,15.0,6.833333333333333,83.33333333333333,28.850000000000005,7.8166666666666655,25.683333333333334
06-10-22,43.0,5.833333333333333,86.16666666666667,27.95,5.516666666666667,25.233333333333334
07-10-22,13.0,3.5,81.66666666666667,29.33333333333334,7.533333333333334,25.349999999999998
08-10-22,28.0,0.0,78.16666666666667,29.916666666666668,8.950000000000001,25.649999999999995
09-10-22,34.0,1.0,79.33333333333333,29.599999999999998,8.85,25.96666666666667
10-10-22,34.0,5.333333333333333,79.5,29.599999999999998,8.883333333333335,25.7
11-10-22,48.0,0.0,83.33333333333333,28.516666666666666,6.083333333333333,25.849999999999998
12-10-22,40.0,2.5,86.83333333333333,27.183333333333337,4.466666666666667,24.900000000000002
13-10-22,48.0,7.0,84.33333333333333,28.166666666666668,6.066666666666666,24.683333333333334
14-10-22,26.0,1.3333333333333333,81.66666666666667,28.883333333333336,7.416666666666667,25.200000000000003
15-10-22,32.0,0.6666666666666666,79.16666666666667,28.7,8.866666666666667,25.183333333333334
16-10-22,62.0,0.0,76.83333333333333,28.266666666666666,9.516666666666666,24.3
17-10-22,65.0,0.0,78.0,27.799999999999997,9.616666666666667,22.900000000000002
18-10-22,43.0,0.0,81.0,27.900000000000002,8.0,23.599999999999998
19-10-22,40.0,3.6666666666666665,79.16666666666667,27.433333333333334,6.416666666666667,24.0
20-10-22,67.0,2.5,75.5,27.45,9.133333333333333,23.333333333333332
21-10-22,33.0,0.0,76.66666666666667,27.66666666666667,9.533333333333333,22.28333333333333
22-10-22,61.0,0.0,78.0,27.916666666666668,9.316666666666666,23.0
23-10-22,65.0,0.0,85.83333333333333,26.41666666666667,1.0999999999999999,23.483333333333334
24-10-22,37.0,7.666666666666667,95.16666666666667,22.316666666666666,0.0,22.416666666666668
25-10-22,42.0,111.33333333333333,83.33333333333333,24.633333333333336,8.166666666666666,20.75
26-10-22,65.0,0.0,81.5,26.53333333333333,9.25,21.099999999999998
27-10-22,51.0,0.8333333333333334,80.5,26.116666666666664,8.3,21.883333333333336
28-10-22,15.0,0.0,76.66666666666667,24.716666666666665,9.033333333333333,21.266666666666666
29-10-22,41.0,0.0,78.83333333333333,24.616666666666664,9.216666666666667,19.966666666666665
30-10-22,67.0,0.0,79.16666666666667,25.333333333333332,9.533333333333333,19.5
31-10-22,48.0,0.0,78.16666666666667,26.066666666666666,9.433333333333332,20.566666666666666
01-11-22,57.0,0.0,77.66666666666667,26.599999999999998,9.450000000000001,21.2
02-11-22,56.0,0.0,76.0,26.049999999999997,9.516666666666666,21.516666666666666
03-11-22,59.0,0.0,80.16666666666667,24.083333333333332,3.85,20.483333333333334
04-11-22,32.0,0.0,78.83333333333333,24.48333333333333,7.916666666666667,19.383333333333333
05-11-22,85.0,0.0,78.33333333333333,24.76666666666667,8.549999999999999,19.849999999999998
06-11-22,45.0,0.0,78.33333333333333,24.8,8.4,19.716666666666665
07-11-22,63.0,0.0,78.66666666666667,24.616666666666664,8.283333333333333,19.666666666666668
08-11-22,74.0,0.0,79.5,24.400000000000002,6.833333333333333,19.95
09-11-22,51.0,0.0,78.83333333333333,24.733333333333334,7.383333333333333,19.983333333333334
10-11-22,59.0,0.0,77.83333333333333,24.566666666666666,8.516666666666667,20.150000000000002
11-11-22,20.0,0.0,78.0,24.333333333333332,8.033333333333333,19.733333333333334
12-11-22,54.0,0.0,80.33333333333333,23.833333333333332,6.783333333333332,19.25
13-11-22,48.0,0.0,73.0,22.166666666666668,8.4,17.916666666666668
14-11-22,53.0,0.0,75.16666666666667,21.733333333333334,8.616666666666667,15.216666666666669
15-11-22,45.0,0.0,77.66666666666667,22.599999999999998,8.566666666666666,17.016666666666666
16-11-22,25.0,0.0,78.16666666666667,22.36666666666667,8.366666666666665,17.083333333333332
17-11-22,52.0,0.0,76.5,22.13333333333333,7.95,16.35
18-11-22,17.0,0.0,75.83333333333333,22.2,7.733333333333333,17.099999999999998
19-11-22,44.0,0.0,74.83333333333333,21.683333333333334,7.583333333333335,17.383333333333333
20-11-22,39.0,0.0,73.66666666666667,23.166666666666668,5.916666666666667,17.583333333333332
21-11-22,31.0,0.0,72.66666666666667,22.433333333333337,8.0,17.95
22-11-22,40.0,0.0,74.83333333333333,21.3,8.166666666666666,16.1
23-11-22,19.0,0.0,76.83333333333333,20.63333333333333,8.033333333333333,15.466666666666667
24-11-22,21.0,0.0,74.5,20.599999999999998,8.316666666666666,14.366666666666665
25-11-22,4.0,0.0,75.66666666666667,21.45,8.933333333333332,15.483333333333334
26-11-22,12.0,0.0,77.16666666666667,21.45,8.466666666666667,15.816666666666668
27-11-22,31.0,0.0,76.83333333333333,21.25,8.4,15.583333333333334
28-11-22,25.0,0.0,76.33333333333333,22.066666666666666,8.25,15.716666666666667
29-11-22,25.0,0.0,75.16666666666667,22.866666666666664,6.449999999999999,18.016666666666666
30-11-22,14.0,0.0,76.0,23.316666666666666,7.783333333333334,19.366666666666667
01-12-22,14.0,0.0,75.16666666666667,22.099999999999998,8.833333333333334,17.650000000000002
02-12-22,3.0,0.0,74.83333333333333,21.0,8.783333333333333,15.800000000000002
03-12-22,21.0,0.0,73.66666666666667,20.166666666666668,8.549999999999999,14.200000000000001
04-12-22,19.0,0.0,77.83333333333333,20.21666666666667,8.033333333333333,14.483333333333334
05-12-22,13.0,0.0,78.5,20.633333333333333,8.266666666666667,15.116666666666667
06-12-22,11.0,0.0,78.0,20.53333333333333,7.766666666666666,15.299999999999999
07-12-22,12.0,0.0,77.5,20.216666666666665,6.783333333333332,15.35
08-12-22,11.0,0.0,79.33333333333333,19.88333333333333,5.516666666666666,15.116666666666667
09-12-22,9.0,0.0,79.0,20.05,7.449999999999999,14.833333333333334
10-12-22,3.0,0.0,78.33333333333333,21.016666666666666,3.3166666666666664,15.750000000000002
11-12-22,12.0,0.0,77.16666666666667,20.5,7.883333333333334,15.466666666666669
12-12-22,13.0,0.0,80.0,20.2,6.7,14.566666666666668
13-12-22,9.0,0.0,81.33333333333333,21.0,5.566666666666667,15.383333333333333
14-12-22,4.0,0.0,80.83333333333333,19.96666666666667,5.916666666666667,15.516666666666667
15-12-22,6.0,0.0,78.0,18.516666666666662,6.833333333333333,13.950000000000001
16-12-22,4.0,0.0,74.83333333333333,17.45,7.783333333333332,11.683333333333335
17-12-22,7.0,0.0,78.16666666666667,17.766666666666666,5.566666666666666,11.333333333333334
18-12-22,14.0,0.0,84.33333333333333,19.066666666666666,4.766666666666667,13.799999999999999
19-12-22,6.0,0.0,83.16666666666667,19.516666666666666,6.1499999999999995,14.616666666666667
20-12-22,4.0,0.0,82.5,19.6,5.383333333333333,14.700000000000001
21-12-22,8.0,0.0,82.5,19.516666666666666,4.966666666666666,15.083333333333334
22-12-22,9.0,0.0,82.33333333333333,18.683333333333334,5.266666666666667,14.216666666666667
23-12-22,3.0,0.0,77.33333333333333,18.483333333333334,7.133333333333333,13.25
24-12-22,0.0,0.0,78.5,18.650000000000002,7.066666666666666,12.283333333333333
25-12-22,0.0,0.0,79.16666666666667,20.683333333333334,5.8999999999999995,13.85
26-12-22,8.0,0.0,84.83333333333333,21.5,4.916666666666667,15.816666666666668
27-12-22,0.0,0.16666666666666666,87.33333333333333,21.38333333333333,0.8000000000000002,18.25
28-12-22,5.0,0.0,82.33333333333333,19.05,2.233333333333334,17.75
29-12-22,4.0,0.0,75.83333333333333,16.98333333333333,7.25,11.6
30-12-22,1.0,0.0,83.66666666666667,16.86666666666667,4.65,11.4
31-12-22,1.0,0.0,83.83333333333333,17.883333333333336,4.366666666666666,12.450000000000001
01-01-23,6.0,0.0,86.5,17.866666666666667,0.6166666666666666,14.049999999999999
02-01-23,0.0,0.0,83.5,17.999999999999996,5.233333333333333,13.516666666666666
03-01-23,4.0,0.0,88.83333333333333,15.983333333333334,2.2833333333333337,13.700000000000001
04-01-23,2.0,0.0,89.66666666666667,14.566666666666665,1.4166666666666667,13.183333333333332
05-01-23,0.0,0.0,86.66666666666667,14.666666666666666,3.6,11.066666666666668
06-01-23,0.0,0.0,83.5,14.91666666666667,5.916666666666667,10.566666666666666
07-01-23,0.0,0.0,88.16666666666667,12.516666666666667,3.0666666666666664,9.566666666666665
08-01-23,1.0,0.0,84.83333333333333,15.350000000000001,5.716666666666666,9.766666666666667
09-01-23,2.0,0.0,79.0,17.933333333333334,7.916666666666667,11.15
10-01-23,1.0,0.0,75.33333333333333,17.55,8.366666666666665,11.466666666666667
11-01-23,1.0,0.0,75.33333333333333,15.75,7.533333333333334,10.583333333333334
12-01-23,0.0,0.0,78.33333333333333,15.666666666666666,7.466666666666666,9.166666666666666
13-01-23,0.0,0.0,82.16666666666667,19.349999999999998,5.683333333333334,10.950000000000001
14-01-23,0.0,0.0,88.66666666666667,19.916666666666668,2.233333333333333,14.783333333333333
15-01-23,1.0,0.0,82.33333333333333,19.416666666666664,4.95,16.516666666666666
16-01-23,0.0,0.0,78.5,17.333333333333336,3.433333333333333,14.299999999999999
17-01-23,1.0,0.0,78.0,16.766666666666666,3.4666666666666663,11.933333333333332
18-01-23,1.0,0.0,76.66666666666667,16.883333333333333,0.5166666666666667,13.0
19-01-23,0.0,0.0,76.0,16.166666666666668,4.7,11.866666666666667
20-01-23,0.0,0.0,77.33333333333333,16.066666666666666,7.566666666666667,9.416666666666666
21-01-23,0.0,0.0,76.5,17.466666666666665,6.983333333333334,9.483333333333333
22-01-23,0.0,0.0,78.0,19.483333333333334,4.35,13.033333333333333
23-01-23,0.0,0.0,80.0,20.55,5.333333333333333,14.950000000000001
24-01-23,0.0,0.0,81.16666666666667,21.033333333333335,2.0166666666666666,16.066666666666666
25-01-23,0.0,0.0,81.16666666666667,21.650000000000002,4.683333333333333,15.583333333333334
26-01-23,0.0,0.0,79.5,22.233333333333334,5.5,17.166666666666668
27-01-23,0.0,0.0,80.66666666666667,21.650000000000002,7.500000000000001,16.650000000000002
28-01-23,0.0,0.0,80.16666666666667,20.7,7.166666666666668,16.466666666666665
29-01-23,2.0,0.0,76.5,19.349999999999998,8.483333333333334,14.083333333333334
30-01-23,0.0,0.0,80.5,20.75,7.166666666666667,14.483333333333334
31-01-23,2.0,0.0,79.66666666666667,22.266666666666666,2.8333333333333335,16.533333333333335
01-02-23,0.0,0.0,75.5,20.833333333333332,3.5,18.599999999999998
02-02-23,0.0,0.0,73.66666666666667,18.166666666666668,8.683333333333332,13.133333333333333
03-02-23,0.0,0.0,75.66666666666667,18.25,8.5,12.716666666666667
04-02-23,0.0,0.0,75.83333333333333,18.76666666666667,8.166666666666666,12.299999999999999
05-02-23,0.0,0.0,73.5,19.55,8.15,12.75
06-02-23,0.0,0.0,71.83333333333333,20.433333333333334,8.083333333333334,13.616666666666665
07-02-23,0.0,0.0,76.66666666666667,21.8,6.6499999999999995,14.5
08-02-23,1.0,0.0,79.83333333333333,22.900000000000002,6.683333333333334,17.599999999999998
09-02-23,0.0,0.0,80.16666666666667,22.38333333333333,6.333333333333333,18.51666666666667
10-02-23,0.0,0.0,74.5,21.05,7.55,15.133333333333333
11-02-23,1.0,0.0,81.33333333333333,23.0,6.383333333333333,15.700000000000001
12-02-23,0.0,0.0,73.66666666666667,23.03333333333333,7.133333333333334,19.1
13-02-23,0.0,0.0,58.5,19.866666666666664,9.533333333333331,12.983333333333334
14-02-23,0.0,0.0,64.0,18.916666666666668,9.083333333333334,11.700000000000001
15-02-23,0.0,0.0,67.66666666666667,19.566666666666666,8.333333333333334,12.416666666666666
16-02-23,0.0,0.0,70.83333333333333,20.849999999999998,7.6000000000000005,13.816666666666665
17-02-23,0.0,0.0,74.16666666666667,22.333333333333332,6.116666666666667,15.683333333333335
18-02-23,0.0,0.0,81.33333333333333,23.183333333333334,3.0833333333333335,17.766666666666666
19-02-23,0.0,0.3333333333333333,82.83333333333333,23.466666666666665,2.6333333333333333,18.98333333333333
20-02-23,0.0,0.0,77.5,24.566666666666666,4.266666666666667,19.45
21-02-23,0.0,0.0,81.83333333333333,25.083333333333332,3.5500000000000003,20.383333333333333
22-02-23,0.0,0.0,75.66666666666667,26.36666666666667,7.066666666666666,21.566666666666666
23-02-23,0.0,0.0,72.66666666666667,26.066666666666666,7.883333333333334,21.75
24-02-23,0.0,0.0,77.5,25.833333333333332,5.733333333333334,20.900000000000002
25-02-23,1.0,0.0,78.0,24.816666666666666,3.8666666666666667,20.8
26-02-23,3.0,0.0,65.83333333333333,24.599999999999998,8.500000000000002,17.333333333333332
27-02-23,0.0,0.16666666666666666,71.0,25.166666666666668,7.1499999999999995,18.516666666666666
28-02-23,0.0,0.0,66.66666666666667,24.766666666666666,7.2,18.55
01-03-23,0.0,0.0,64.66666666666667,25.28333333333333,8.133333333333333,18.05
02-03-23,0.0,0.0,71.5,25.416666666666668,8.283333333333333,18.28333333333333
03-03-23,0.0,0.0,64.5,25.633333333333336,8.600000000000001,18.633333333333336
04-03-23,1.0,0.0,63.166666666666664,26.033333333333328,9.033333333333333,18.316666666666666
05-03-23,0.0,0.0,65.16666666666667,26.016666666666666,8.966666666666667,18.75
06-03-23,0.0,0.0,63.333333333333336,25.683333333333334,9.3,18.366666666666667
07-03-23,0.0,0.0,61.833333333333336,25.916666666666668,8.7,18.633333333333336
08-03-23,0.0,0.0,62.0,25.350000000000005,5.233333333333333,18.616666666666664
09-03-23,0.0,0.0,65.66666666666667,25.3,5.883333333333333,19.166666666666668
10-03-23,0.0,0.0,69.66666666666667,25.316666666666663,1.1,20.116666666666664
11-03-23,0.0,0.0,67.83333333333333,25.233333333333334,3.983333333333334,19.783333333333335
12-03-23,0.0,0.0,62.833333333333336,26.13333333333333,7.916666666666667,18.866666666666667
13-03-23,0.0,0.0,65.16666666666667,27.049999999999997,8.133333333333335,19.233333333333334
14-03-23,0.0,0.0,66.66666666666667,27.21666666666667,4.116666666666666,20.766666666666666
15-03-23,0.0,0.0,77.5,26.650000000000002,2.8333333333333335,21.983333333333334
16-03-23,0.0,0.6666666666666666,80.0,26.516666666666666,1.3,22.650000000000002
17-03-23,0.0,9.166666666666666,81.5,23.95,0.7666666666666666,20.2
18-03-23,0.0,1.3333333333333333,77.83333333333333,25.466666666666665,3.35,20.7
19-03-23,3.0,0.16666666666666666,85.33333333333333,22.849999999999998,0.43333333333333335,21.21666666666667
20-03-23,0.0,14.833333333333334,82.0,23.033333333333335,2.183333333333333,19.883333333333333
21-03-23,0.0,1.5,80.0,24.01666666666667,5.3999999999999995,19.55
22-03-23,0.0,2.8333333333333335,73.16666666666667,25.233333333333334,8.833333333333334,19.016666666666666
23-03-23,0.0,0.0,74.66666666666667,25.7,8.15,21.0
24-03-23,0.0,1.0,71.83333333333333,26.899999999999995,8.016666666666667,20.316666666666666
25-03-23,0.0,0.8333333333333334,75.33333333333333,27.716666666666665,7.599999999999999,22.61666666666667
26-03-23,0.0,0.6666666666666666,76.16666666666667,27.266666666666666,7.766666666666667,23.133333333333336
27-03-23,0.0,10.666666666666666,77.83333333333333,26.700000000000003,5.316666666666667,21.45
28-03-23,0.0,0.3333333333333333,68.16666666666667,28.216666666666665,8.166666666666666,23.083333333333332
29-03-23,0.0,0.3333333333333333,75.33333333333333,27.41666666666667,6.466666666666666,23.45
30-03-23,0.0,11.666666666666666,74.16666666666667,28.033333333333335,6.5,21.583333333333332
31-03-23,0.0,1.3333333333333333,81.0,25.583333333333332,1.2833333333333332,22.283333333333335
01-04-23,0.0,17.0,84.16666666666667,23.766666666666666,2.9499999999999997,20.216666666666665
02-04-23,0.0,0.0,72.33333333333333,26.266666666666666,7.983333333333333,20.816666666666666
03-04-23,0.0,0.0,64.0,28.133333333333336,9.433333333333334,22.150000000000002
04-04-23,0.0,0.0,72.33333333333333,29.55,8.799999999999999,23.583333333333332
05-04-23,0.0,0.0,70.66666666666667,29.13333333333333,8.583333333333334,25.400000000000002
06-04-23,2.0,0.0,63.333333333333336,29.0,9.216666666666667,23.516666666666666
07-04-23,0.0,0.0,65.5,29.133333333333336,8.683333333333334,23.383333333333336
08-04-23,0.0,0.0,61.166666666666664,29.583333333333332,8.883333333333333,22.133333333333336
09-04-23,0.0,0.0,61.666666666666664,29.683333333333334,8.916666666666666,23.21666666666667
10-04-23,1.0,0.0,62.166666666666664,30.183333333333337,8.6,23.2
11-04-23,0.0,0.0,60.5,30.333333333333332,8.516666666666666,24.3
12-04-23,0.0,0.0,58.5,29.766666666666666,9.283333333333333,22.666666666666668
13-04-23,0.0,0.0,55.333333333333336,31.05,9.733333333333333,22.25
14-04-23,0.0,0.0,57.0,31.916666666666668,9.433333333333334,23.216666666666665
15-04-23,0.0,0.0,62.333333333333336,32.35,8.1,24.900000000000002
16-04-23,0.0,0.0,60.833333333333336,32.9,7.816666666666666,25.783333333333335
17-04-23,0.0,0.0,69.33333333333333,33.016666666666666,8.816666666666665,27.316666666666666
18-04-23,0.0,0.0,73.83333333333333,32.31666666666666,7.983333333333332,28.299999999999997
19-04-23,0.0,0.0,71.16666666666667,32.76666666666667,8.1,27.733333333333334
20-04-23,0.0,0.0,72.16666666666667,32.449999999999996,8.55,27.583333333333332
21-04-23,0.0,0.0,62.5,31.166666666666668,3.6333333333333333,27.683333333333337
22-04-23,0.0,0.0,61.166666666666664,30.36666666666667,8.166666666666666,23.766666666666666
23-04-23,0.0,0.0,65.5,26.96666666666667,1.2,24.816666666666666
24-04-23,0.0,0.0,77.66666666666667,25.850000000000005,6.300000000000001,21.75
25-04-23,1.0,4.0,68.83333333333333,28.233333333333334,8.083333333333334,21.116666666666667
26-04-23,0.0,0.0,67.16666666666667,29.333333333333332,7.766666666666668,22.733333333333334
27-04-23,0.0,0.5,76.16666666666667,27.233333333333334,7.616666666666667,23.55
28-04-23,0.0,24.666666666666668,77.16666666666667,27.53333333333333,7.216666666666666,21.833333333333332
29-04-23,0.0,2.0,78.66666666666667,27.099999999999998,6.516666666666667,23.25
30-04-23,0.0,13.833333333333334,78.0,26.833333333333332,6.183333333333334,22.233333333333334
01-05-23,0.0,4.833333333333333,80.33333333333333,26.083333333333332,3.6333333333333333,22.350000000000005
02-05-23,0.0,1.8333333333333333,66.66666666666667,29.0,9.566666666666666,22.3
03-05-23,0.0,0.0,80.16666666666667,27.433333333333337,4.8500000000000005,24.433333333333334
04-05-23,0.0,14.833333333333334,78.16666666666667,28.3,4.0,23.316666666666666
05-05-23,0.0,0.8333333333333334,75.33333333333333,29.166666666666668,7.699999999999999,24.583333333333332
06-05-23,0.0,0.3333333333333333,72.16666666666667,30.633333333333336,8.516666666666667,25.083333333333332
07-05-23,0.0,0.0,67.16666666666667,31.650000000000002,10.299999999999999,26.233333333333334
08-05-23,0.0,0.0,64.16666666666667,32.06666666666666,10.133333333333331,26.45
09-05-23,0.0,0.0,63.666666666666664,32.46666666666667,8.25,26.516666666666666
10-05-23,1.0,0.0,65.66666666666667,32.38333333333333,9.4,27.049999999999997
11-05-23,1.0,0.0,68.83333333333333,31.71666666666667,9.333333333333334,26.816666666666663
12-05-23,0.0,0.0,74.83333333333333,30.650000000000002,3.3333333333333326,26.150000000000002
13-05-23,0.0,0.0,72.83333333333333,30.516666666666666,3.483333333333333,26.58333333333334
14-05-23,0.0,0.16666666666666666,64.16666666666667,29.016666666666666,4.316666666666667,25.55
15-05-23,0.0,0.0,68.33333333333333,28.51666666666667,8.283333333333333,22.55
16-05-23,0.0,6.333333333333333,75.83333333333333,28.3,8.883333333333333,22.616666666666664
17-05-23,1.0,13.333333333333334,77.5,28.316666666666666,8.216666666666665,22.566666666666666
18-05-23,1.0,17.166666666666668,80.5,25.55,4.0,20.0
19-05-23,0.0,27.333333333333332,76.66666666666667,29.53333333333333,8.283333333333333,21.583333333333332
20-05-23,0.0,3.0,72.83333333333333,30.450000000000003,9.516666666666667,23.633333333333336
21-05-23,1.0,0.0,76.83333333333333,30.63333333333333,7.449999999999999,27.333333333333332
22-05-23,0.0,0.8333333333333334,74.66666666666667,30.916666666666668,8.85,23.400000000000002
23-05-23,0.0,0.0,81.0,28.616666666666664,5.75,27.866666666666664
24-05-23,1.0,34.666666666666664,82.16666666666667,26.86666666666667,3.1,22.21666666666667
25-05-23,0.0,0.0,77.83333333333333,28.833333333333332,8.116666666666665,24.433333333333334
26-05-23,0.0,17.833333333333332,77.83333333333333,27.549999999999997,8.316666666666668,22.533333333333335
27-05-23,0.0,7.0,84.16666666666667,27.166666666666668,6.283333333333332,22.399999999999995
28-05-23,1.0,10.666666666666666,76.66666666666667,29.383333333333336,9.583333333333334,23.516666666666666
29-05-23,0.0,0.0,72.66666666666667,31.03333333333333,10.4,25.183333333333334
30-05-23,0.0,0.0,73.0,31.933333333333337,7.983333333333334,26.983333333333334
31-05-23,0.0,0.0,71.0,32.45,9.616666666666667,27.400000000000002
01-06-23,1.0,0.0,72.16666666666667,32.65,7.6000000000000005,27.78333333333333
02-06-23,0.0,0.0,67.66666666666667,32.51666666666667,8.783333333333333,28.566666666666663
03-06-23,0.0,0.0,72.0,32.71666666666667,8.15,27.400000000000002
04-06-23,3.0,0.0,74.0,32.666666666666664,8.633333333333335,28.316666666666666
05-06-23,3.0,0.0,67.83333333333333,32.833333333333336,9.566666666666666,27.866666666666664
06-06-23,0.0,0.0,68.33333333333333,33.13333333333333,9.183333333333332,27.816666666666663
07-06-23,2.0,0.0,70.83333333333333,32.96666666666666,4.816666666666666,28.666666666666668
08-06-23,0.0,1.6666666666666667,84.66666666666667,30.933333333333334,0.03333333333333333,29.066666666666666
09-06-23,1.0,0.16666666666666666,84.5,28.599999999999998,0.45,28.53333333333333
10-06-23,1.0,10.333333333333334,77.83333333333333,29.233333333333334,1.1500000000000001,24.28333333333333
11-06-23,1.0,0.0,78.33333333333333,30.8,4.416666666666666,27.05
12-06-23,0.0,0.3333333333333333,78.66666666666667,30.28333333333333,3.4500000000000006,26.5
13-06-23,5.0,5.666666666666667,78.0,30.616666666666664,4.95,26.516666666666666
14-06-23,0.0,8.333333333333334,70.16666666666667,32.88333333333333,8.9,25.533333333333335
15-06-23,1.0,3.3333333333333335,79.83333333333333,32.050000000000004,3.066666666666667,28.083333333333332
16-06-23,0.0,0.5,76.83333333333333,32.78333333333333,6.05,29.666666666666668
17-06-23,6.0,0.0,77.5,31.21666666666667,4.3,29.666666666666668
18-06-23,3.0,4.333333333333333,83.83333333333333,29.916666666666668,1.0666666666666667,27.200000000000003
19-06-23,10.0,7.666666666666667,84.0,28.883333333333336,1.1333333333333335,25.46666666666667
20-06-23,0.0,4.5,83.66666666666667,30.266666666666666,3.4166666666666665,26.25
21-06-23,11.0,1.6666666666666667,84.66666666666667,30.36666666666667,2.3000000000000003,27.416666666666668
22-06-23,3.0,17.5,88.33333333333333,28.88333333333333,0.7333333333333334,27.416666666666668
23-06-23,2.0,16.833333333333332,83.5,29.75,5.833333333333333,26.45
24-06-23,5.0,6.0,83.33333333333333,29.799999999999997,4.316666666666666,26.599999999999998
25-06-23,16.0,3.8333333333333335,84.83333333333333,29.033333333333335,3.75,26.883333333333336
26-06-23,14.0,5.833333333333333,88.16666666666667,28.23333333333333,1.8333333333333333,26.583333333333332
27-06-23,2.0,7.833333333333333,88.33333333333333,28.016666666666666,0.3333333333333333,25.966666666666665
28-06-23,11.0,23.666666666666668,94.66666666666667,26.499999999999996,0.016666666666666666,25.400000000000002
29-06-23,5.0,49.333333333333336,91.66666666666667,27.2,0.09999999999999999,25.099999999999998
30-06-23,11.0,24.666666666666668,89.83333333333333,28.46666666666667,3.1166666666666667,25.599999999999998
01-07-23,13.0,23.5,89.83333333333333,29.25,1.9166666666666663,25.0
02-07-23,13.0,19.5,85.16666666666667,30.400000000000002,4.316666666666666,26.783333333333335
03-07-23,19.0,25.5,83.5,30.350000000000005,5.25,27.28333333333333
04-07-23,20.0,8.0,78.0,31.25,9.783333333333333,27.183333333333334
05-07-23,10.0,1.1666666666666667,82.66666666666667,30.23333333333333,6.683333333333334,27.58333333333334
06-07-23,23.0,11.666666666666666,88.66666666666667,29.0,1.9666666666666668,26.71666666666667
07-07-23,17.0,3.1666666666666665,85.33333333333333,29.433333333333337,5.449999999999999,26.683333333333337
08-07-23,17.0,14.333333333333334,84.33333333333333,29.88333333333333,6.683333333333334,26.933333333333337
09-07-23,33.0,5.666666666666667,79.66666666666667,30.883333333333336,7.183333333333334,27.183333333333334
10-07-23,22.0,2.6666666666666665,85.5,29.900000000000002,3.5500000000000003,27.599999999999998
11-07-23,37.0,5.833333333333333,82.16666666666667,30.0,3.0833333333333335,27.700000000000003
12-07-23,18.0,4.833333333333333,82.83333333333333,29.600000000000005,4.983333333333333,26.816666666666663
13-07-23,32.0,7.5,81.5,30.23333333333333,5.233333333333334,26.850000000000005
14-07-23,18.0,0.3333333333333333,84.5,29.733333333333338,4.25,27.683333333333334
15-07-23,43.0,2.6666666666666665,83.16666666666667,29.433333333333334,4.216666666666667,26.98333333333333
16-07-23,53.0,2.1666666666666665,83.83333333333333,29.316666666666666,3.3166666666666664,27.0
17-07-23,62.0,2.1666666666666665,81.5,30.266666666666666,6.05,27.099999999999998
18-07-23,78.0,1.0,79.16666666666667,30.833333333333332,7.633333333333333,27.400000000000002
19-07-23,79.0,0.5,79.33333333333333,30.649999999999995,8.783333333333333,27.599999999999998
20-07-23,68.0,0.3333333333333333,78.33333333333333,30.95,9.383333333333333,27.36666666666667
21-07-23,41.0,0.3333333333333333,83.83333333333333,29.833333333333332,4.85,27.900000000000002
22-07-23,91.0,3.1666666666666665,82.83333333333333,29.983333333333334,6.8999999999999995,27.566666666666666
23-07-23,102.0,6.5,79.66666666666667,30.383333333333336,7.216666666666666,27.166666666666668
24-07-23,87.0,3.5,77.0,30.900000000000002,9.25,27.133333333333336
25-07-23,92.0,0.0,83.0,29.78333333333333,5.683333333333333,27.416666666666668
26-07-23,103.0,10.5,86.0,29.299999999999997,5.699999999999999,26.866666666666664
27-07-23,114.0,9.666666666666666,83.66666666666667,29.816666666666666,5.166666666666667,26.916666666666668
28-07-23,62.0,7.666666666666667,80.16666666666667,30.433333333333334,7.983333333333332,26.866666666666664
29-07-23,87.0,0.8333333333333334,86.33333333333333,29.816666666666663,3.0666666666666664,27.599999999999998
30-07-23,145.0,6.166666666666667,80.5,31.21666666666667,7.383333333333333,27.766666666666666
31-07-23,140.0,0.6666666666666666,82.33333333333333,30.833333333333332,5.0,28.116666666666664
01-08-23,119.0,26.166666666666668,85.0,29.96666666666667,4.566666666666666,26.833333333333332
02-08-23,116.0,19.333333333333332,88.0,28.650000000000002,1.9166666666666667,26.483333333333334
03-08-23,119.0,10.0,87.33333333333333,29.183333333333334,0.9500000000000001,26.53333333333333
04-08-23,73.0,6.5,85.66666666666667,29.349999999999998,0.8333333333333334,26.883333333333336
05-08-23,134.0,8.333333333333334,86.83333333333333,28.95,1.6333333333333335,27.13333333333333
06-08-23,119.0,17.666666666666668,91.83333333333333,27.95,0.0,26.466666666666665
07-08-23,175.0,11.333333333333334,94.33333333333333,27.516666666666666,0.0,26.61666666666667
08-08-23,149.0,53.0,90.0,27.549999999999997,0.19999999999999998,25.833333333333332
09-08-23,152.0,7.0,83.83333333333333,29.566666666666666,5.166666666666667,25.733333333333334
10-08-23,165.0,3.0,86.0,29.28333333333333,3.4000000000000004,26.7
11-08-23,106.0,9.666666666666666,85.33333333333333,29.383333333333336,1.7666666666666666,26.866666666666664
12-08-23,182.0,22.333333333333332,88.66666666666667,28.3,1.0833333333333333,26.25
13-08-23,152.0,16.0,90.66666666666667,27.799999999999997,0.11666666666666665,26.083333333333332
14-08-23,160.0,10.833333333333334,86.33333333333333,29.150000000000002,1.5833333333333333,25.25
15-08-23,136.0,16.0,82.0,30.616666666666664,5.083333333333333,26.650000000000002
16-08-23,158.0,8.666666666666666,85.5,29.849999999999998,2.0500000000000003,27.583333333333332
17-08-23,159.0,6.333333333333333,82.16666666666667,30.583333333333332,6.3500000000000005,27.233333333333334
18-08-23,90.0,1.3333333333333333,82.83333333333333,29.683333333333337,7.2,27.55
19-08-23,150.0,2.1666666666666665,79.16666666666667,30.266666666666666,8.533333333333333,27.3
20-08-23,127.0,0.3333333333333333,77.0,30.733333333333334,8.799999999999999,27.183333333333334
21-08-23,145.0,0.0,81.66666666666667,30.26666666666667,6.233333333333333,26.983333333333334
22-08-23,126.0,2.6666666666666665,84.83333333333333,29.583333333333332,0.7666666666666667,27.349999999999998
23-08-23,141.0,0.0,90.33333333333333,28.5,0.7333333333333334,27.166666666666668
24-08-23,153.0,14.333333333333334,87.0,28.783333333333335,0.43333333333333335,26.316666666666666
25-08-23,130.0,27.5,95.33333333333333,26.75,0.0,25.900000000000002
26-08-23,143.0,39.833333333333336,91.66666666666667,27.866666666666664,0.13333333333333333,25.616666666666664
27-08-23,157.0,12.166666666666666,82.16666666666667,30.28333333333333,4.533333333333333,26.25
28-08-23,190.0,0.3333333333333333,81.16666666666667,30.516666666666666,3.6333333333333333,27.333333333333332
29-08-23,177.0,2.3333333333333335,77.5,31.23333333333333,6.8,26.98333333333333
30-08-23,211.0,0.0,79.83333333333333,31.26666666666667,4.4,27.71666666666667
31-08-23,195.0,0.8333333333333334,81.0,31.05,4.283333333333333,28.03333333333333
01-09-23,136.0,2.5,85.0,30.333333333333332,3.25,28.01666666666667
02-09-23,179.0,7.166666666666667,83.66666666666667,30.583333333333332,2.9333333333333336,27.566666666666663
03-09-23,263.0,0.6666666666666666,83.16666666666667,29.75,2.766666666666667,26.349999999999998
04-09-23,269.0,8.333333333333334,85.66666666666667,29.616666666666664,2.066666666666667,26.600000000000005
05-09-23,228.0,3.5,84.0,29.833333333333332,4.4,26.46666666666667
06-09-23,182.0,7.666666666666667,80.66666666666667,30.25,5.1,27.116666666666664
07-09-23,278.0,1.3333333333333333,87.5,28.816666666666666,2.9,26.900000000000002
08-09-23,181.0,10.0,90.33333333333333,28.233333333333334,0.3666666666666667,26.266666666666666
09-09-23,297.0,2.1666666666666665,81.66666666666667,30.400000000000002,6.983333333333333,26.899999999999995
10-09-23,253.0,0.6666666666666666,79.0,30.8,8.016666666666667,27.11666666666667
11-09-23,268.0,0.0,83.33333333333333,30.05,4.883333333333334,27.51666666666667
12-09-23,266.0,3.5,85.0,29.5,3.85,27.733333333333334
13-09-23,284.0,10.166666666666666,82.0,29.783333333333335,7.633333333333333,26.78333333333333
14-09-23,273.0,3.5,87.83333333333333,28.600000000000005,2.5500000000000003,26.96666666666667
15-09-23,170.0,5.5,87.5,29.033333333333335,2.1,26.933333333333337
16-09-23,254.0,4.166666666666667,80.83333333333333,30.733333333333334,9.066666666666665,27.066666666666666
17-09-23,318.0,0.0,78.16666666666667,31.2,8.65,27.03333333333333
18-09-23,315.0,10.0,87.16666666666667,28.26666666666667,2.766666666666667,26.349999999999998
19-09-23,371.0,7.5,88.66666666666667,28.099999999999998,3.7999999999999994,25.850000000000005
20-09-23,319.0,12.5,90.83333333333333,27.866666666666664,1.0333333333333334,26.28333333333333
21-09-23,332.0,19.5,92.16666666666667,27.716666666666665,0.8666666666666667,26.433333333333334
22-09-23,232.0,15.166666666666666,90.66666666666667,28.066666666666663,2.9333333333333336,26.399999999999995
23-09-23,324.0,17.166666666666668,90.16666666666667,28.183333333333334,2.1166666666666667,26.133333333333336
24-09-23,339.0,6.666666666666667,91.16666666666667,27.649999999999995,3.2999999999999994,26.5
25-09-23,299.0,12.5,89.0,28.633333333333336,3.3499999999999996,26.166666666666668
26-09-23,379.0,6.5,80.33333333333333,30.266666666666666,8.866666666666665,26.166666666666668
27-09-23,352.0,0.0,82.0,30.45,6.25,26.666666666666668
28-09-23,291.0,0.0,82.16666666666667,31.066666666666666,6.916666666666668,27.249999999999996
29-09-23,193.0,2.0,89.83333333333333,28.75,0.11666666666666665,27.066666666666666
30-09-23,365.0,6.333333333333333,87.33333333333333,28.450000000000003,4.166666666666667,26.46666666666667
01-10-23,420.0,11.333333333333334,87.5,28.3,4.066666666666666,25.98333333333333
02-10-23,353.0,13.666666666666666,90.33333333333333,27.650000000000002,2.0,25.55
03-10-23,436.0,16.833333333333332,91.16666666666667,27.433333333333334,1.9166666666666667,25.683333333333337
04-10-23,395.0,30.166666666666668,94.16666666666667,26.883333333333336,0.0,25.733333333333334
05-10-23,355.0,62.0,93.16666666666667,27.76666666666667,0.09999999999999999,25.75
06-10-23,221.0,51.833333333333336,88.33333333333333,28.433333333333334,2.35,26.200000000000003
07-10-23,328.0,10.333333333333334,85.83333333333333,28.916666666666668,4.483333333333333,26.233333333333334
08-10-23,371.0,2.3333333333333335,81.5,29.850000000000005,8.85,26.266666666666666
09-10-23,364.0,0.0,84.66666666666667,29.683333333333334,5.05,27.066666666666663
10-10-23,385.0,0.0,80.16666666666667,30.133333333333336,7.616666666666667,26.683333333333334
11-10-23,338.0,0.0,80.33333333333333,30.3,7.933333333333334,26.75
12-10-23,317.0,0.0,78.5,29.983333333333334,8.216666666666667,26.049999999999997
13-10-23,255.0,0.0,78.33333333333333,29.26666666666667,7.866666666666666,25.599999999999998
14-10-23,343.0,0.0,76.66666666666667,29.150000000000002,7.766666666666667,24.316666666666666
15-10-23,412.0,0.0,77.83333333333333,28.349999999999998,8.016666666666666,24.7
16-10-23,384.0,0.0,77.83333333333333,27.98333333333333,8.416666666666666,23.25
17-10-23,377.0,0.0,78.83333333333333,27.900000000000002,8.133333333333335,23.333333333333332
18-10-23,402.0,0.0,80.66666666666667,27.766666666666666,7.999999999999999,23.96666666666667
19-10-23,374.0,0.0,79.33333333333333,27.233333333333334,8.783333333333333,23.566666666666666
20-10-23,239.0,0.0,76.66666666666667,26.816666666666663,9.283333333333333,22.666666666666668
21-10-23,315.0,0.0,78.33333333333333,26.683333333333334,9.299999999999999,21.816666666666663
22-10-23,350.0,0.0,81.16666666666667,27.366666666666664,4.199999999999999,22.566666666666666
23-10-23,362.0,0.0,83.66666666666667,26.5,1.8500000000000003,24.016666666666666
24-10-23,268.0,3.5,84.83333333333333,26.433333333333334,2.266666666666667,24.116666666666664
25-10-23,374.0,0.0,82.5,27.46666666666667,8.0,23.75
26-10-23,344.0,0.0,79.83333333333333,27.433333333333334,9.049999999999999,23.583333333333332
27-10-23,211.0,0.0,78.83333333333333,26.683333333333334,6.249999999999999,22.900000000000002
28-10-23,311.0,0.0,76.66666666666667,26.400000000000002,7.0,22.266666666666666
29-10-23,340.0,0.0,76.66666666666667,25.549999999999997,7.949999999999999,21.48333333333333
30-10-23,324.0,0.0,78.33333333333333,25.63333333333333,8.483333333333333,20.433333333333334
31-10-23,332.0,0.0,77.66666666666667,26.5,8.783333333333333,21.316666666666666
01-11-23,331.0,0.0,77.16666666666667,27.26666666666667,9.05,22.05
02-11-23,307.0,0.0,78.16666666666667,27.316666666666666,8.833333333333334,22.333333333333332
03-11-23,253.0,0.0,79.0,27.333333333333332,7.300000000000001,22.799999999999997
04-11-23,290.0,0.0,79.5,26.8,4.8999999999999995,23.400000000000002
05-11-23,399.0,0.0,80.33333333333333,26.349999999999998,3.1333333333333333,22.916666666666668
06-11-23,375.0,0.0,76.16666666666667,25.016666666666666,7.783333333333334,21.333333333333332
07-11-23,357.0,0.0,79.16666666666667,24.433333333333334,5.8,20.133333333333333
08-11-23,372.0,0.0,78.0,23.899999999999995,7.616666666666667,19.51666666666667
09-11-23,369.0,0.0,78.83333333333333,24.01666666666667,7.616666666666667,18.666666666666668
10-11-23,231.0,0.0,78.16666666666667,23.816666666666666,7.516666666666668,18.95
11-11-23,333.0,0.0,79.16666666666667,24.0,7.216666666666666,18.65
12-11-23,334.0,0.0,77.0,24.299999999999997,8.366666666666665,19.2
13-11-23,335.0,0.0,77.33333333333333,24.166666666666668,8.916666666666666,18.966666666666665
14-11-23,266.0,0.0,75.66666666666667,24.366666666666664,7.916666666666667,18.96666666666667
15-11-23,334.0,0.0,75.0,24.983333333333334,6.233333333333333,19.25
16-11-23,319.0,0.0,87.66666666666667,24.099999999999998,0.03333333333333333,21.883333333333336
17-11-23,190.0,7.666666666666667,90.16666666666667,22.883333333333336,0.9,22.083333333333332
18-11-23,211.0,18.666666666666668,83.16666666666667,23.816666666666666,5.783333333333334,20.233333333333334
19-11-23,277.0,0.0,81.0,24.183333333333334,8.833333333333332,19.55
20-11-23,233.0,0.0,81.16666666666667,24.333333333333332,6.233333333333333,19.533333333333335
21-11-23,243.0,0.0,81.0,23.98333333333333,5.683333333333334,20.583333333333336
22-11-23,223.0,0.0,77.33333333333333,22.366666666666664,6.366666666666666,18.416666666666668
23-11-23,220.0,0.0,81.16666666666667,21.666666666666668,7.25,17.0
24-11-23,121.0,0.0,80.0,22.55,7.566666666666666,17.416666666666668
25-11-23,126.0,0.0,78.66666666666667,22.766666666666666,7.716666666666668,17.75
26-11-23,198.0,0.0,77.66666666666667,22.349999999999998,8.649999999999999,17.383333333333336
27-11-23,166.0,0.0,79.66666666666667,23.099999999999998,6.6499999999999995,16.666666666666668
28-11-23,176.0,0.0,76.66666666666667,23.349999999999998,7.6000000000000005,18.333333333333332
29-11-23,185.0,0.0,83.66666666666667,22.866666666666664,1.2,18.316666666666666
30-11-23,161.0,0.0,81.16666666666667,23.316666666666666,7.250000000000001,18.78333333333333
01-12-23,88.0,0.0,75.66666666666667,23.416666666666668,8.533333333333333,18.01666666666667
02-12-23,150.0,0.0,77.33333333333333,23.349999999999998,7.75,18.283333333333335
03-12-23,141.0,0.0,78.5,23.483333333333334,4.833333333333333,18.7
04-12-23,111.0,0.0,79.83333333333333,23.366666666666664,1.5166666666666666,18.983333333333334
05-12-23,129.0,0.0,78.66666666666667,23.150000000000002,0.0,21.2
06-12-23,110.0,0.16666666666666666,81.5,22.783333333333335,0.049999999999999996,20.516666666666666
07-12-23,79.0,8.5,93.5,20.433333333333334,0.0,19.7
08-12-23,48.0,33.166666666666664,89.33333333333333,20.900000000000002,1.0,19.516666666666666
09-12-23,64.0,0.0,86.33333333333333,20.883333333333333,5.933333333333334,17.849999999999998
10-12-23,87.0,0.0,83.16666666666667,19.616666666666667,5.8500000000000005,16.383333333333333
11-12-23,60.0,0.0,79.0,18.900000000000002,6.916666666666667,14.083333333333334
12-12-23,68.0,0.0,85.0,19.066666666666666,5.316666666666667,14.700000000000001
13-12-23,66.0,0.0,77.5,18.65,6.800000000000001,14.266666666666667
14-12-23,41.0,0.0,76.83333333333333,18.01666666666667,6.066666666666666,12.950000000000001
15-12-23,34.0,0.0,79.0,17.966666666666665,6.566666666666666,12.4
16-12-23,22.0,0.0,79.83333333333333,18.183333333333334,6.449999999999999,13.366666666666665
17-12-23,38.0,0.0,77.5,18.133333333333333,6.833333333333335,12.5
18-12-23,28.0,0.0,79.83333333333333,18.349999999999998,5.516666666666667,12.833333333333334
19-12-23,39.0,0.0,76.83333333333333,18.333333333333332,5.966666666666666,13.133333333333333
20-12-23,35.0,0.0,78.33333333333333,18.61666666666667,7.066666666666666,13.583333333333334
21-12-23,25.0,0.0,79.0,18.7,6.750000000000001,13.483333333333334
22-12-23,7.0,0.0,81.66666666666667,19.683333333333334,5.8999999999999995,14.466666666666667
23-12-23,10.0,0.0,84.83333333333333,20.05,2.4,15.1
24-12-23,19.0,0.0,90.16666666666667,19.25,3.183333333333333,16.01666666666667
25-12-23,7.0,0.0,86.33333333333333,19.55,4.183333333333334,15.233333333333334
26-12-23,15.0,0.0,84.16666666666667,19.96666666666667,5.833333333333333,15.25
27-12-23,13.0,0.0,84.16666666666667,20.066666666666666,4.566666666666666,15.683333333333332
28-12-23,12.0,0.0,83.16666666666667,20.183333333333334,6.45,15.466666666666669
29-12-23,10.0,0.0,81.0,20.633333333333333,7.466666666666666,15.716666666666667
30-12-23,3.0,0.0,80.16666666666667,20.63333333333333,7.116666666666666,15.966666666666667
31-12-23,8.0,0.0,90.33333333333333,17.75,3.5666666666666664,15.366666666666667
01-01-24,5.0,0.0,88.83333333333333,17.2,3.7166666666666663,14.0
02-01-24,6.0,0.0,83.83333333333333,16.233333333333334,5.183333333333334,12.966666666666667
03-01-24,9.0,0.0,87.0,16.733333333333334,5.8500000000000005,12.200000000000001
04-01-24,7.0,0.0,82.66666666666667,17.8,6.8500000000000005,12.649999999999999
05-01-24,0.0,0.0,81.5,17.983333333333334,7.533333333333334,12.633333333333333
06-01-24,2.0,0.0,78.66666666666667,18.549999999999997,5.95,12.75
07-01-24,0.0,0.0,80.33333333333333,19.083333333333332,5.466666666666666,14.066666666666668
08-01-24,15.0,0.0,86.5,18.35,3.9166666666666665,14.933333333333332
09-01-24,5.0,0.0,85.83333333333333,17.066666666666666,5.8999999999999995,13.766666666666666
10-01-24,7.0,0.0,80.83333333333333,18.150000000000002,6.016666666666667,12.333333333333334
11-01-24,3.0,0.0,82.0,17.099999999999998,5.516666666666667,13.616666666666665
12-01-24,2.0,0.0,87.5,14.149999999999999,2.216666666666667,11.550000000000002
13-01-24,3.0,0.0,81.83333333333333,15.633333333333333,6.466666666666668,11.050000000000002
14-01-24,1.0,0.0,87.83333333333333,14.483333333333334,2.6166666666666667,11.283333333333333
15-01-24,0.0,0.0,90.33333333333333,14.600000000000001,0.43333333333333335,11.616666666666667
16-01-24,0.0,0.0,84.5,15.550000000000002,4.016666666666667,12.316666666666668
17-01-24,0.0,0.0,90.83333333333333,14.783333333333333,1.15,11.216666666666667
18-01-24,2.0,0.6666666666666666,91.0,16.55,0.5166666666666667,12.15
19-01-24,0.0,10.666666666666666,85.66666666666667,18.13333333333333,3.6500000000000004,14.183333333333335
20-01-24,1.0,0.0,89.5,15.35,4.0,12.566666666666665
21-01-24,3.0,0.0,85.5,16.183333333333334,2.1999999999999997,12.316666666666665
22-01-24,1.0,0.0,88.0,13.15,3.6666666666666665,10.85
23-01-24,0.0,0.0,82.66666666666667,15.33333333333333,7.233333333333333,9.016666666666667
24-01-24,1.0,0.0,83.5,17.05,2.8333333333333335,12.1
25-01-24,0.0,1.0,83.33333333333333,17.233333333333334,3.0999999999999996,13.316666666666665
26-01-24,0.0,0.0,75.5,15.966666666666669,7.650000000000001,12.116666666666667
27-01-24,0.0,0.0,74.66666666666667,15.383333333333333,6.983333333333333,10.366666666666667
28-01-24,6.0,0.0,74.0,16.033333333333335,7.833333333333333,8.983333333333333
29-01-24,1.0,0.0,73.5,17.25,7.75,10.549999999999999
30-01-24,0.0,0.0,74.66666666666667,19.9,5.733333333333333,12.233333333333334
31-01-24,0.0,6.666666666666667,85.33333333333333,21.033333333333335,1.2833333333333332,16.533333333333335
01-02-24,0.0,10.333333333333334,90.0,20.816666666666666,0.7333333333333334,17.51666666666667
02-02-24,0.0,3.1666666666666665,85.5,21.5,4.1499999999999995,18.35
03-02-24,0.0,0.16666666666666666,74.66666666666667,19.95,7.8,16.483333333333334
04-02-24,1.0,0.0,73.16666666666667,20.0,8.466666666666667,14.633333333333335
05-02-24,0.0,0.0,76.16666666666667,21.083333333333332,6.433333333333334,15.383333333333333
06-02-24,1.0,0.0,85.16666666666667,21.433333333333334,0.75,17.233333333333334
07-02-24,2.0,0.0,76.83333333333333,19.76666666666667,5.8999999999999995,17.7
08-02-24,0.0,0.0,70.83333333333333,18.150000000000002,8.783333333333333,13.950000000000001
09-02-24,0.0,0.0,68.16666666666667,17.766666666666666,9.333333333333334,12.683333333333335
10-02-24,0.0,0.0,73.0,18.583333333333332,8.4,12.933333333333332
11-02-24,1.0,0.0,75.16666666666667,19.43333333333333,8.383333333333333,13.333333333333334
12-02-24,0.0,0.0,74.33333333333333,20.46666666666667,6.6000000000000005,14.833333333333334
13-02-24,1.0,0.0,73.83333333333333,21.349999999999998,3.7166666666666663,15.716666666666667
14-02-24,0.0,0.0,78.5,21.71666666666667,3.683333333333333,16.26666666666667
15-02-24,0.0,0.16666666666666666,79.66666666666667,22.366666666666664,5.483333333333333,17.7
16-02-24,0.0,1.3333333333333333,79.0,22.066666666666666,7.533333333333334,17.95
17-02-24,0.0,0.0,74.16666666666667,21.099999999999998,8.233333333333333,15.683333333333335
18-02-24,0.0,0.0,75.16666666666667,22.316666666666666,5.6000000000000005,15.600000000000001
19-02-24,0.0,0.0,82.5,23.61666666666667,3.466666666666667,17.616666666666667
20-02-24,0.0,0.0,82.5,25.41666666666667,2.4333333333333336,20.183333333333334
21-02-24,0.0,0.5,76.5,25.78333333333333,7.116666666666666,20.066666666666666
22-02-24,0.0,0.6666666666666666,85.5,23.95,1.3333333333333333,21.3
23-02-24,0.0,9.666666666666666,77.0,22.583333333333332,5.483333333333333,19.2
24-02-24,0.0,0.0,71.16666666666667,23.13333333333333,5.316666666666666,17.433333333333334
25-02-24,0.0,0.0,75.0,20.983333333333334,1.0333333333333334,18.95
26-02-24,0.0,0.0,69.5,21.633333333333336,8.1,16.283333333333335
27-02-24,0.0,0.0,67.83333333333333,22.433333333333334,7.233333333333333,16.75
28-02-24,0.0,0.0,72.16666666666667,23.45,7.7,18.3
29-02-24,0.0,0.0,70.0,23.183333333333334,8.616666666666669,17.51666666666667
01-03-24,0.0,0.0,68.66666666666667,23.200000000000003,8.35,16.8
02-03-24,0.0,0.0,69.0,23.450000000000003,9.016666666666667,15.916666666666666
03-03-24,0.0,0.0,72.5,24.750000000000004,6.783333333333334,18.266666666666666
04-03-24,2.0,0.5,75.66666666666667,24.7,4.866666666666666,19.633333333333336
05-03-24,0.0,0.6666666666666666,72.83333333333333,24.583333333333332,8.966666666666667,20.366666666666664
06-03-24,0.0,0.0,67.83333333333333,22.733333333333334,9.299999999999999,17.599999999999998
07-03-24,0.0,0.0,67.5,22.03333333333333,5.066666666666667,16.333333333333332
08-03-24,0.0,0.0,64.0,22.849999999999998,9.549999999999999,16.116666666666664
09-03-24,0.0,0.0,62.333333333333336,22.583333333333332,9.5,15.299999999999999
10-03-24,0.0,0.0,62.833333333333336,22.516666666666666,9.516666666666666,15.049999999999999
11-03-24,1.0,0.0,61.333333333333336,23.416666666666668,9.5,14.416666666666666
12-03-24,1.0,0.0,74.66666666666667,26.183333333333334,6.483333333333333,18.316666666666666
13-03-24,0.0,0.0,67.83333333333333,27.583333333333332,6.75,21.483333333333334
14-03-24,2.0,0.0,80.5,27.599999999999998,3.283333333333333,23.266666666666666
15-03-24,0.0,6.0,71.66666666666667,28.11666666666667,7.516666666666667,23.400000000000002
16-03-24,0.0,1.1666666666666667,75.5,26.700000000000003,6.633333333333334,21.53333333333333
17-03-24,0.0,5.666666666666667,74.33333333333333,26.166666666666668,6.833333333333333,21.116666666666667
18-03-24,1.0,0.0,80.33333333333333,26.45,2.6166666666666667,21.583333333333332
19-03-24,0.0,0.0,75.66666666666667,26.583333333333332,2.0,22.91666666666666
20-03-24,0.0,3.8333333333333335,89.16666666666667,21.450000000000003,1.3,20.333333333333332
21-03-24,0.0,5.5,79.0,22.416666666666668,5.566666666666666,18.566666666666666
22-03-24,0.0,3.0,75.66666666666667,23.683333333333334,8.55,18.433333333333334
23-03-24,0.0,0.0,73.66666666666667,26.666666666666668,9.000000000000002,19.116666666666667
24-03-24,0.0,0.0,75.83333333333333,28.333333333333332,7.966666666666666,24.066666666666666
25-03-24,1.0,0.0,74.66666666666667,28.016666666666666,5.6499999999999995,23.7
26-03-24,0.0,1.0,68.5,27.166666666666668,8.549999999999999,20.366666666666667
27-03-24,0.0,0.0,78.5,27.866666666666664,5.249999999999999,23.066666666666663
28-03-24,0.0,1.6666666666666667,76.5,28.23333333333333,6.1000000000000005,23.45
29-03-24,1.0,1.8333333333333333,79.16666666666667,29.2,4.816666666666667,24.599999999999998
30-03-24,0.0,1.6666666666666667,79.16666666666667,30.033333333333335,5.983333333333333,26.21666666666667
31-03-24,0.0,2.5,74.83333333333333,29.45,8.016666666666666,23.433333333333337
01-04-24,0.0,0.16666666666666666,64.5,30.8,8.983333333333333,25.616666666666664
02-04-24,0.0,0.0,67.66666666666667,30.333333333333332,8.2,24.983333333333334
03-04-24,0.0,0.0,66.5,30.7,8.416666666666666,25.516666666666666
04-04-24,0.0,0.0,75.0,30.750000000000004,7.8999999999999995,26.53333333333333
05-04-24,0.0,0.0,80.0,30.733333333333334,6.2,27.016666666666666
06-04-24,0.0,0.0,71.0,31.933333333333334,8.383333333333333,27.733333333333334
07-04-24,0.0,0.0,82.5,27.349999999999998,0.3333333333333333,26.450000000000003
08-04-24,2.0,7.833333333333333,74.66666666666667,26.366666666666664,3.0833333333333335,24.200000000000003
09-04-24,0.0,0.0,71.5,27.983333333333334,6.083333333333333,21.28333333333333
10-04-24,0.0,0.0,73.5,28.21666666666667,1.75,23.166666666666668
11-04-24,0.0,0.0,73.83333333333333,27.650000000000002,1.0333333333333334,22.633333333333336
12-04-24,0.0,0.0,64.0,29.51666666666667,7.383333333333333,22.933333333333337
13-04-24,0.0,0.0,65.66666666666667,29.916666666666668,7.999999999999999,23.5
14-04-24,0.0,0.0,62.5,30.48333333333333,8.783333333333333,24.05
15-04-24,2.0,0.0,61.333333333333336,31.600000000000005,9.299999999999999,24.28333333333333
16-04-24,0.0,0.0,67.16666666666667,32.23333333333333,8.799999999999999,26.46666666666667
17-04-24,1.0,0.0,68.0,32.88333333333334,8.833333333333334,27.383333333333336
18-04-24,1.0,0.0,65.83333333333333,31.849999999999998,8.9,27.566666666666666
19-04-24,0.0,0.0,62.666666666666664,32.65,9.899999999999999,26.133333333333336
20-04-24,0.0,0.0,64.16666666666667,33.483333333333334,10.2,26.75
21-04-24,2.0,0.0,68.33333333333333,33.18333333333333,8.966666666666667,28.216666666666665
22-04-24,1.0,0.0,63.333333333333336,32.36666666666667,6.1000000000000005,27.883333333333336
23-04-24,0.0,0.0,56.166666666666664,32.75,8.866666666666665,25.883333333333336
24-04-24,1.0,0.3333333333333333,55.666666666666664,33.083333333333336,10.116666666666665,26.766666666666666
25-04-24,2.0,0.0,56.666666666666664,33.11666666666667,10.366666666666665,25.983333333333334
26-04-24,0.0,0.0,67.0,33.15,9.95,26.433333333333334
27-04-24,0.0,0.0,69.33333333333333,33.18333333333333,9.333333333333334,27.683333333333334
28-04-24,2.0,0.0,63.333333333333336,33.85,9.433333333333335,28.25
29-04-24,1.0,0.0,56.5,34.03333333333333,10.366666666666667,28.166666666666668
30-04-24,0.0,0.0,58.0,34.550000000000004,10.016666666666667,27.816666666666666
01-05-24,0.0,0.0,56.166666666666664,34.21666666666667,10.466666666666667,27.833333333333332
02-05-24,0.0,0.0,64.16666666666667,32.650000000000006,8.55,27.51666666666667
03-05-24,0.0,0.0,61.0,32.56666666666667,9.283333333333333,26.26666666666667
04-05-24,1.0,0.16666666666666666,68.5,32.46666666666667,6.666666666666667,27.483333333333334
05-05-24,2.0,0.0,68.33333333333333,32.599999999999994,9.05,28.533333333333335
06-05-24,1.0,0.0,77.83333333333333,28.116666666666664,4.583333333333333,28.083333333333332
07-05-24,0.0,37.166666666666664,74.16666666666667,28.0,6.849999999999999,21.400000000000002
08-05-24,0.0,25.0,79.16666666666667,26.783333333333335,5.066666666666666,21.63333333333333
09-05-24,0.0,0.0,80.83333333333333,26.316666666666663,4.3500000000000005,23.95
10-05-24,0.0,4.166666666666667,74.83333333333333,28.533333333333335,7.6000000000000005,22.46666666666667
11-05-24,1.0,1.0,85.66666666666667,26.51666666666667,3.6166666666666667,25.0
12-05-24,0.0,18.166666666666668,78.5,28.349999999999998,8.366666666666667,23.48333333333333
13-05-24,0.0,2.0,74.33333333333333,30.333333333333332,8.933333333333332,24.900000000000002
14-05-24,0.0,0.0,72.0,31.183333333333334,8.950000000000001,26.3
15-05-24,1.0,0.16666666666666666,71.16666666666667,31.566666666666666,10.283333333333333,26.683333333333334
16-05-24,0.0,0.0,69.33333333333333,32.050000000000004,9.25,26.96666666666667
17-05-24,0.0,0.0,71.0,32.78333333333333,9.016666666666667,28.066666666666666
18-05-24,0.0,0.0,77.0,31.450000000000003,3.3666666666666667,28.549999999999997
19-05-24,2.0,0.16666666666666666,75.33333333333333,31.083333333333332,4.016666666666667,27.95
20-05-24,0.0,0.3333333333333333,83.66666666666667,28.333333333333332,4.116666666666666,26.966666666666665
21-05-24,0.0,10.0,73.33333333333333,30.866666666666664,8.266666666666667,24.883333333333336
22-05-24,0.0,0.0,75.33333333333333,30.63333333333333,7.533333333333332,27.349999999999998
23-05-24,2.0,0.5,70.0,32.0,9.766666666666667,26.633333333333336
24-05-24,0.0,0.0,67.66666666666667,33.06666666666667,10.383333333333333,27.283333333333335
25-05-24,1.0,0.0,70.0,32.61666666666667,8.716666666666667,28.283333333333335
26-05-24,2.0,0.3333333333333333,80.66666666666667,29.183333333333334,0.20000000000000004,27.733333333333334
27-05-24,0.0,51.666666666666664,95.0,26.400000000000002,0.0,25.86666666666667
28-05-24,0.0,88.83333333333333,80.33333333333333,30.33333333333333,2.3166666666666664,25.45
29-05-24,0.0,0.0,81.66666666666667,31.650000000000002,3.0666666666666664,28.46666666666667
30-05-24,2.0,0.0,79.0,31.366666666666664,5.266666666666666,29.516666666666666
31-05-24,2.0,6.833333333333333,83.5,28.63333333333333,2.4166666666666665,25.549999999999997
01-06-24,1.0,1.8333333333333333,77.16666666666667,31.450000000000003,8.216666666666667,26.88333333333333
02-06-24,2.0,0.16666666666666666,79.0,30.966666666666665,5.2,27.7
03-06-24,0.0,5.166666666666667,78.5,30.933333333333334,5.116666666666667,27.283333333333335
04-06-24,9.0,1.6666666666666667,77.33333333333333,31.316666666666666,6.983333333333333,27.266666666666666
05-06-24,0.0,2.1666666666666665,74.66666666666667,32.05,7.616666666666667,27.3
06-06-24,0.0,0.0,75.33333333333333,31.86666666666667,6.333333333333332,28.8
07-06-24,7.0,0.0,75.16666666666667,31.900000000000002,7.933333333333334,27.55
08-06-24,0.0,0.0,75.16666666666667,32.4,6.616666666666667,28.21666666666667
09-06-24,3.0,0.0,78.33333333333333,32.86666666666667,4.85,29.400000000000002
10-06-24,10.0,0.0,77.5,32.166666666666664,6.883333333333333,29.266666666666666
11-06-24,1.0,7.166666666666667,75.83333333333333,32.333333333333336,8.15,26.75
12-06-24,0.0,0.0,77.83333333333333,32.083333333333336,4.116666666666667,28.75
13-06-24,1.0,0.0,76.0,32.199999999999996,6.333333333333333,29.166666666666668
14-06-24,1.0,1.1666666666666667,76.33333333333333,32.38333333333333,5.216666666666667,27.966666666666665
15-06-24,1.0,0.0,78.0,32.650000000000006,3.0500000000000003,29.3
16-06-24,0.0,0.0,76.83333333333333,32.63333333333333,1.9833333333333334,29.766666666666666
17-06-24,0.0,0.0,77.66666666666667,32.5,0.6666666666666666,29.433333333333334
18-06-24,0.0,0.0,79.16666666666667,32.38333333333333,0.0,30.05
19-06-24,4.0,0.0,88.66666666666667,28.849999999999998,0.0,29.900000000000002
20-06-24,3.0,10.5,90.66666666666667,27.8,0.6833333333333332,26.05
21-06-24,0.0,25.666666666666668,84.0,29.516666666666666,1.5,25.349999999999998
22-06-24,3.0,3.5,84.16666666666667,30.099999999999998,2.3833333333333333,27.3
23-06-24,4.0,3.1666666666666665,79.33333333333333,31.133333333333336,6.666666666666667,27.46666666666667
24-06-24,0.0,0.0,78.0,31.566666666666666,8.85,27.96666666666667
25-06-24,1.0,1.6666666666666667,75.33333333333333,31.933333333333337,7.3,28.316666666666663
26-06-24,3.0,0.16666666666666666,79.0,31.166666666666668,4.016666666666667,28.233333333333338
27-06-24,5.0,0.0,85.0,29.86666666666667,2.5833333333333335,28.016666666666666
28-06-24,0.0,4.666666666666667,87.33333333333333,29.716666666666665,2.8833333333333333,27.600000000000005
29-06-24,4.0,9.5,90.16666666666667,29.349999999999998,1.0,27.61666666666667
30-06-24,2.0,28.666666666666668,93.16666666666667,28.599999999999998,0.19999999999999998,27.066666666666666
01-07-24,2.0,37.0,90.16666666666667,29.083333333333332,0.09999999999999999,26.983333333333334
02-07-24,2.0,5.833333333333333,91.5,27.98333333333333,0.0,27.5
03-07-24,2.0,26.833333333333332,91.16666666666667,27.816666666666663,0.31666666666666665,25.899999999999995
04-07-24,1.0,11.166666666666666,91.66666666666667,28.316666666666666,0.5499999999999999,26.433333333333334
05-07-24,1.0,14.333333333333334,89.33333333333333,29.083333333333332,0.5166666666666666,26.816666666666666
06-07-24,0.0,0.5,90.33333333333333,28.450000000000003,2.466666666666667,27.38333333333333
07-07-24,5.0,28.166666666666668,85.33333333333333,29.683333333333334,5.550000000000001,25.833333333333332
08-07-24,0.0,5.166666666666667,82.0,30.33333333333333,5.483333333333333,27.316666666666666
09-07-24,14.0,1.6666666666666667,82.33333333333333,30.433333333333334,2.9499999999999997,27.900000000000002
10-07-24,6.0,0.3333333333333333,79.33333333333333,31.133333333333336,6.933333333333334,27.883333333333336
11-07-24,8.0,0.3333333333333333,85.66666666666667,30.316666666666666,2.2833333333333337,28.25
12-07-24,0.0,38.333333333333336,90.66666666666667,27.96666666666667,0.3333333333333333,25.700000000000003
13-07-24,7.0,21.666666666666668,83.33333333333333,30.26666666666667,6.683333333333334,25.7
14-07-24,13.0,9.5,81.83333333333333,30.71666666666667,8.45,27.683333333333337
15-07-24,4.0,2.5,83.0,30.25,5.383333333333334,27.883333333333336
16-07-24,5.0,4.0,85.5,30.183333333333334,4.183333333333333,27.666666666666668
17-07-24,0.0,1.6666666666666667,80.5,31.11666666666667,6.8500000000000005,27.883333333333336
18-07-24,0.0,0.6666666666666666,78.16666666666667,31.483333333333334,10.466666666666667,27.96666666666667
19-07-24,0.0,2.1666666666666665,81.83333333333333,30.400000000000006,7.216666666666666,28.116666666666664
20-07-24,0.0,4.0,83.83333333333333,30.000000000000004,5.5,27.666666666666668
21-07-24,0.0,7.0,85.5,29.700000000000003,4.183333333333334,27.583333333333332
22-07-24,0.0,14.333333333333334,89.83333333333333,28.783333333333335,1.7333333333333332,27.3
23-07-24,0.0,11.5,87.0,29.73333333333333,4.083333333333333,27.250000000000004
24-07-24,0.0,5.666666666666667,86.33333333333333,29.91666666666667,3.1,27.716666666666665
25-07-24,8.0,3.5,83.0,30.666666666666668,5.966666666666668,27.816666666666663
26-07-24,0.0,8.5,83.16666666666667,30.28333333333333,6.400000000000001,28.099999999999998
27-07-24,0.0,14.166666666666666,84.33333333333333,30.166666666666668,5.05,27.400000000000002
28-07-24,14.0,11.666666666666666,85.16666666666667,29.96666666666667,5.666666666666667,27.499999999999996
29-07-24,12.0,5.666666666666667,85.33333333333333,29.933333333333334,5.483333333333333,27.399999999999995
30-07-24,15.0,9.166666666666666,86.0,30.13333333333333,2.1,27.116666666666664
31-07-24,12.0,0.6666666666666666,88.83333333333333,29.3,2.4,28.0
01-08-24,14.0,62.333333333333336,94.5,27.46666666666667,0.13333333333333333,26.51666666666667
02-08-24,0.0,78.0,95.5,27.03333333333333,0.26666666666666666,25.75
03-08-24,0.0,53.0,92.83333333333333,27.833333333333332,0.18333333333333335,25.7
04-08-24,23.0,14.833333333333334,88.66666666666667,28.96666666666667,2.4833333333333334,26.5
05-08-24,0.0,5.5,89.5,28.900000000000002,0.9333333333333332,26.78333333333333
06-08-24,3.0,9.833333333333334,85.0,29.7,5.016666666666667,26.916666666666668
07-08-24,13.0,2.3333333333333335,84.16666666666667,29.3,5.883333333333333,27.25
08-08-24,4.0,3.5,88.33333333333333,28.549999999999997,2.6333333333333333,26.916666666666668
09-08-24,1.0,10.666666666666666,90.5,28.500000000000004,0.9166666666666665,26.26666666666667
10-08-24,1.0,13.833333333333334,91.16666666666667,28.600000000000005,1.8666666666666665,27.049999999999997
11-08-24,19.0,34.833333333333336,90.5,28.866666666666664,0.48333333333333334,26.53333333333333
12-08-24,21.0,6.5,87.0,29.700000000000003,3.25,27.51666666666667
13-08-24,14.0,15.5,88.33333333333333,29.26666666666667,2.1999999999999997,27.116666666666664
14-08-24,26.0,21.5,86.0,29.75,4.366666666666667,26.71666666666667
15-08-24,9.0,5.833333333333333,85.0,30.0,5.866666666666667,27.58333333333334
16-08-24,3.0,1.6666666666666667,85.33333333333333,29.333333333333332,3.8333333333333335,27.36666666666667
17-08-24,3.0,2.5,80.0,29.599999999999998,8.966666666666667,26.916666666666668
18-08-24,37.0,3.6666666666666665,93.16666666666667,27.633333333333336,0.18333333333333335,26.116666666666664
19-08-24,34.0,35.833333333333336,91.83333333333333,27.900000000000002,0.5833333333333334,26.416666666666668
20-08-24,19.0,51.0,89.5,28.53333333333333,2.516666666666666,26.066666666666666
21-08-24,29.0,12.666666666666666,87.83333333333333,29.416666666666668,0.5833333333333333,26.46666666666667
22-08-24,15.0,8.333333333333334,91.33333333333333,28.46666666666667,0.049999999999999996,27.099999999999998
23-08-24,2.0,44.666666666666664,90.83333333333333,28.066666666666666,0.3333333333333333,25.483333333333334
24-08-24,3.0,3.6666666666666665,89.33333333333333,28.2,2.0833333333333335,26.099999999999998
25-08-24,53.0,15.0,93.66666666666667,27.2,0.13333333333333333,26.083333333333332
26-08-24,7.0,72.33333333333333,93.0,27.099999999999998,0.26666666666666666,25.3
27-08-24,30.0,29.166666666666668,91.33333333333333,27.816666666666666,1.1833333333333333,25.53333333333333
28-08-24,38.0,7.5,83.0,29.533333333333335,5.6499999999999995,25.833333333333332
29-08-24,40.0,0.0,79.33333333333333,30.600000000000005,9.333333333333334,26.433333333333334
30-08-24,14.0,0.8333333333333334,80.33333333333333,30.650000000000002,8.299999999999999,26.96666666666667
31-08-24,13.0,2.0,80.5,30.316666666666663,7.666666666666667,27.433333333333334
01-09-24,58.0,0.3333333333333333,84.66666666666667,29.616666666666664,3.3166666666666664,27.46666666666667
02-09-24,32.0,3.3333333333333335,81.0,30.333333333333332,6.416666666666667,26.900000000000002
03-09-24,33.0,0.0,86.0,29.416666666666668,2.75,27.166666666666668
04-09-24,47.0,4.0,81.5,30.2,7.3,27.016666666666666
05-09-24,35.0,1.8333333333333333,81.0,30.183333333333334,6.966666666666668,27.166666666666668
06-09-24,14.0,9.166666666666666,82.83333333333333,30.166666666666668,5.316666666666666,26.333333333333332
07-09-24,15.0,0.0,82.16666666666667,30.71666666666667,5.983333333333333,27.666666666666668
08-09-24,46.0,3.5,80.5,30.650000000000002,7.1000000000000005,27.5
09-09-24,60.0,2.5,82.16666666666667,30.166666666666668,7.016666666666666,27.53333333333333
10-09-24,59.0,4.333333333333333,82.83333333333333,30.26666666666667,4.666666666666667,27.5
11-09-24,42.0,1.8333333333333333,83.5,30.766666666666666,5.7,27.88333333333333
12-09-24,34.0,2.0,87.83333333333333,29.733333333333334,2.183333333333333,27.233333333333334
13-09-24,14.0,8.333333333333334,87.16666666666667,28.733333333333334,1.5666666666666667,27.416666666666668
14-09-24,20.0,47.666666666666664,95.33333333333333,26.233333333333334,1.6499999999999997,25.01666666666667
15-09-24,39.0,81.16666666666667,96.0,26.066666666666666,0.0,24.900000000000002
16-09-24,10.0,99.83333333333333,93.66666666666667,26.666666666666668,0.0,24.666666666666668
17-09-24,72.0,37.833333333333336,83.0,29.649999999999995,8.283333333333333,24.7
18-09-24,94.0,0.16666666666666666,81.5,30.3,8.516666666666666,26.183333333333337
19-09-24,96.0,0.0,81.83333333333333,31.399999999999995,6.933333333333334,27.516666666666666
20-09-24,24.0,0.16666666666666666,80.5,31.866666666666664,8.616666666666667,28.383333333333336
21-09-24,48.0,10.0,82.33333333333333,30.0,5.083333333333335,26.2
22-09-24,101.0,4.5,80.33333333333333,31.183333333333334,9.033333333333335,26.183333333333334
23-09-24,85.0,0.0,85.16666666666667,30.933333333333334,2.6333333333333333,28.850000000000005
24-09-24,61.0,0.0,85.33333333333333,29.3,3.6666666666666674,28.049999999999997
25-09-24,64.0,9.5,93.33333333333333,27.26666666666667,0.2333333333333333,26.616666666666664
26-09-24,73.0,68.5,95.0,26.51666666666667,0.0,25.433333333333334
27-09-24,15.0,38.833333333333336,87.66666666666667,28.5,4.9333333333333345,24.983333333333334
28-09-24,53.0,8.0,83.33333333333333,29.933333333333337,8.066666666666666,26.33333333333333
29-09-24,134.0,0.3333333333333333,83.16666666666667,30.55,5.466666666666666,26.950000000000003
30-09-24,86.0,0.0,83.0,31.183333333333326,3.966666666666667,27.816666666666666
01-10-24,81.0,2.5,87.0,30.133333333333336,1.966666666666667,28.03333333333333
02-10-24,92.0,0.8333333333333334,87.5,29.416666666666668,0.3,27.483333333333334
03-10-24,119.0,8.833333333333334,92.83333333333333,27.78333333333333,0.0,26.95
04-10-24,23.0,19.0,92.16666666666667,27.51666666666667,0.16666666666666666,25.933333333333334
05-10-24,76.0,36.333333333333336,90.5,27.666666666666668,0.5499999999999999,25.116666666666664
06-10-24,111.0,12.0,89.16666666666667,28.13333333333333,2.15,25.583333333333332
07-10-24,91.0,2.1666666666666665,84.5,29.21666666666667,7.6000000000000005,26.016666666666666
08-10-24,95.0,0.0,84.5,28.833333333333332,5.716666666666666,26.28333333333333
09-10-24,80.0,15.166666666666666,86.66666666666667,27.8,6.616666666666667,25.316666666666663
10-10-24,27.0,22.666666666666668,85.16666666666667,28.733333333333334,5.833333333333333,24.03333333333333
11-10-24,35.0,3.3333333333333335,83.0,29.600000000000005,6.933333333333334,26.21666666666667
12-10-24,97.0,0.0,84.33333333333333,29.46666666666667,5.716666666666666,26.75
13-10-24,71.0,0.0,82.5,29.633333333333336,6.466666666666666,25.966666666666665
14-10-24,152.0,0.0,80.83333333333333,29.16666666666666,8.15,25.933333333333326
15-10-24,122.0,0.0,79.66666666666667,29.099999999999998,5.8999999999999995,25.400000000000002
16-10-24,104.0,0.0,84.83333333333333,28.649999999999995,1.8666666666666665,26.149999999999995
17-10-24,143.0,0.0,85.16666666666667,28.350000000000005,1.6666666666666667,26.316666666666666
18-10-24,43.0,5.0,89.83333333333333,27.05,2.2666666666666666,25.566666666666666
19-10-24,112.0,28.166666666666668,88.66666666666667,26.833333333333332,2.45,24.583333333333332
20-10-24,146.0,22.333333333333332,83.83333333333333,27.55,7.5,23.95
21-10-24,101.0,0.0,83.16666666666667,27.55,7.100000000000001,24.2
22-10-24,121.0,0.0,81.16666666666667,28.533333333333335,8.033333333333333,24.166666666666668
23-10-24,104.0,0.0,88.83333333333333,26.766666666666666,0.35000000000000003,25.549999999999997
24-10-24,132.0,15.166666666666666,93.5,24.766666666666666,0.06666666666666667,24.450000000000003
25-10-24,33.0,39.166666666666664,92.16666666666667,26.11666666666667,0.11666666666666665,23.033333333333335
26-10-24,105.0,31.666666666666668,84.16666666666667,28.349999999999998,6.75,23.933333333333334
27-10-24,107.0,2.5,83.5,28.333333333333332,6.733333333333333,24.5
28-10-24,136.0,0.0,81.83333333333333,28.700000000000003,7.883333333333333,24.716666666666665
29-10-24,169.0,0.0,82.66666666666667,28.61666666666667,7.1000000000000005,24.8
30-10-24,145.0,0.0,82.33333333333333,29.0,7.8999999999999995,25.13333333333333
31-10-24,124.0,0.0,84.66666666666667,28.849999999999998,6.566666666666666,25.8
01-11-24,46.0,1.8333333333333333,82.66666666666667,28.183333333333334,6.75,25.23333333333333
02-11-24,81.0,0.0,83.0,27.75,6.1499999999999995,23.766666666666666
03-11-24,154.0,0.0,84.5,27.349999999999998,4.716666666666666,23.900000000000002
04-11-24,171.0,0.0,82.0,27.21666666666667,6.300000000000001,23.61666666666667
05-11-24,135.0,0.0,81.83333333333333,27.166666666666668,5.1,23.71666666666667
06-11-24,139.0,0.0,79.33333333333333,27.066666666666666,7.3999999999999995,23.2
07-11-24,137.0,0.0,82.5,26.683333333333334,7.083333333333333,23.216666666666665
08-11-24,43.0,0.0,81.5,26.450000000000003,8.383333333333335,22.400000000000002
09-11-24,110.0,0.0,79.66666666666667,26.13333333333333,8.7,22.049999999999997
10-11-24,139.0,0.0,78.83333333333333,26.150000000000002,8.916666666666666,21.5
11-11-24,142.0,0.0,79.66666666666667,26.116666666666664,4.916666666666667,21.866666666666664
12-11-24,130.0,0.0,78.83333333333333,25.666666666666668,6.5,21.849999999999998
13-11-24,160.0,0.0,79.16666666666667,25.250000000000004,7.233333333333333,20.616666666666667
14-11-24,121.0,0.0,80.83333333333333,24.533333333333335,5.183333333333333,20.4
15-11-24,56.0,0.0,81.0,23.849999999999998,4.8999999999999995,19.45
16-11-24,74.0,0.0,77.66666666666667,22.783333333333335,7.949999999999999,18.51666666666667
17-11-24,159.0,0.0,76.33333333333333,22.166666666666668,6.783333333333334,17.016666666666666
18-11-24,145.0,0.0,78.5,21.8,5.566666666666667,16.999999999999996
19-11-24,140.0,0.0,78.66666666666667,22.149999999999995,7.5,17.03333333333333
20-11-24,145.0,0.0,76.66666666666667,22.766666666666666,8.133333333333333,17.366666666666667
21-11-24,117.0,0.0,76.66666666666667,22.700000000000003,7.433333333333334,17.633333333333333
22-11-24,65.0,0.0,79.5,22.566666666666666,6.550000000000001,17.849999999999998
23-11-24,107.0,0.0,77.16666666666667,21.983333333333334,5.433333333333334,17.849999999999998
24-11-24,143.0,0.0,78.5,21.166666666666668,3.4,16.96666666666667
25-11-24,126.0,0.0,78.0,20.55,5.066666666666666,16.333333333333332
26-11-24,146.0,0.0,81.16666666666667,20.716666666666665,4.966666666666667,15.283333333333333
27-11-24,117.0,0.0,79.66666666666667,21.566666666666666,6.783333333333332,16.45
28-11-24,109.0,0.0,77.0,22.36666666666667,6.766666666666667,16.8
29-11-24,25.0,0.0,75.66666666666667,23.316666666666666,4.45,18.666666666666668
30-11-24,66.0,0.0,84.33333333333333,21.333333333333332,0.7000000000000001,19.599999999999998
01-12-24,91.0,1.1666666666666667,75.0,22.833333333333332,5.566666666666666,18.516666666666666
02-12-24,96.0,0.16666666666666666,75.0,22.133333333333336,3.766666666666667,19.416666666666668
03-12-24,92.0,0.0,76.66666666666667,21.900000000000002,7.25,17.51666666666667
04-12-24,75.0,0.0,78.5,21.066666666666666,5.55,15.966666666666669
05-12-24,64.0,0.0,77.0,21.01666666666667,5.6000000000000005,15.983333333333334
06-12-24,17.0,0.0,73.5,20.133333333333336,6.550000000000001,15.233333333333333
07-12-24,47.0,0.0,73.0,19.23333333333333,6.75,14.166666666666666
08-12-24,72.0,0.0,75.0,18.633333333333333,6.349999999999999,13.283333333333333
09-12-24,60.0,0.0,78.83333333333333,19.75,2.15,13.816666666666665
10-12-24,42.0,0.0,82.16666666666667,19.53333333333333,3.3333333333333335,16.233333333333334
11-12-24,45.0,0.0,82.16666666666667,17.55,4.116666666666666,14.716666666666667
12-12-24,41.0,0.0,84.33333333333333,16.53333333333333,4.3999999999999995,12.033333333333333
13-12-24,44.0,0.0,79.66666666666667,17.15,6.733333333333334,12.016666666666667
14-12-24,14.0,0.0,75.33333333333333,17.433333333333334,6.3500000000000005,11.966666666666667
15-12-24,44.0,0.0,74.83333333333333,17.783333333333335,7.6499999999999995,11.716666666666667
16-12-24,6.0,0.0,79.16666666666667,18.216666666666665,7.616666666666666,12.416666666666666
17-12-24,32.0,0.0,76.66666666666667,19.650000000000002,5.816666666666667,13.350000000000001
18-12-24,43.0,0.0,77.0,19.333333333333336,6.083333333333333,14.533333333333333
19-12-24,26.0,0.0,80.66666666666667,18.983333333333334,5.599999999999999,13.416666666666666
20-12-24,2.0,0.0,77.83333333333333,19.783333333333335,4.283333333333334,13.916666666666666
21-12-24,11.0,0.0,89.5,18.45,1.7000000000000002,15.916666666666666
22-12-24,22.0,1.8333333333333333,83.66666666666667,19.28333333333333,4.966666666666667,15.299999999999999
23-12-24,5.0,0.0,76.0,19.333333333333332,7.466666666666668,14.166666666666666
24-12-24,17.0,0.0,74.5,19.849999999999998,6.133333333333333,14.166666666666666
25-12-24,0.0,0.0,78.0,20.05,4.033333333333333,16.2
26-12-24,25.0,0.0,74.66666666666667,20.366666666666664,7.083333333333333,15.916666666666664
27-12-24,2.0,0.0,75.83333333333333,19.499999999999996,7.683333333333334,14.583333333333334
28-12-24,2.0,0.0,76.83333333333333,19.516666666666666,8.166666666666666,13.450000000000001
29-12-24,20.0,0.0,76.83333333333333,19.966666666666665,7.516666666666667,14.4
30-12-24,9.0,0.0,80.0,20.35,4.1000000000000005,14.933333333333332
31-12-24,3.0,0.0,82.5,17.95,3.483333333333334,14.666666666666666
