Date,effected-Mymensingh,Rainfall,Humidity,Temparature,Sunshine,Windspeed
01-01-22,0.0,0.0,79.5,18.2,6.5,1.5
02-01-22,0.0,0.0,81.5,18.049999999999997,6.3,2.15
03-01-22,0.0,0.0,83.0,17.65,6.4,2.0
04-01-22,0.0,0.0,85.0,17.2,5.85,2.25
05-01-22,0.0,0.0,82.5,17.799999999999997,5.15,2.0
06-01-22,0.0,0.0,82.5,18.0,6.35,0.5
07-01-22,0.0,0.0,77.0,19.15,7.8,1.0
08-01-22,0.0,0.0,78.5,19.549999999999997,8.149999999999999,0.5
09-01-22,0.0,0.0,78.5,19.7,7.25,1.0
10-01-22,0.0,0.0,82.5,19.85,5.4,0.65
11-01-22,0.0,0.0,81.5,20.5,0.3,1.65
12-01-22,0.0,6.5,87.0,20.200000000000003,0.95,1.4
13-01-22,0.0,3.0,83.5,18.95,5.4,1.0
14-01-22,0.0,0.0,84.5,17.700000000000003,0.0,2.5
15-01-22,1.0,0.0,83.0,17.3,3.2,0.75
16-01-22,0.0,0.0,79.5,17.35,8.15,2.4
17-01-22,0.0,0.0,79.0,18.4,8.149999999999999,0.85
18-01-22,0.0,0.0,81.0,18.5,6.9,2.5
19-01-22,0.0,0.0,82.0,18.5,6.0,1.5
20-01-22,0.0,0.0,86.0,16.700000000000003,3.9000000000000004,2.1
21-01-22,0.0,0.0,88.0,17.0,2.9000000000000004,1.25
22-01-22,0.0,0.0,82.5,18.299999999999997,1.7,2.0
23-01-22,0.0,0.0,85.0,18.4,0.0,0.6
24-01-22,0.0,0.0,79.0,19.299999999999997,5.1,1.0
25-01-22,0.0,0.0,80.5,19.5,4.95,2.5
26-01-22,0.0,0.0,81.0,19.15,0.35,1.35
27-01-22,0.0,0.0,65.0,17.55,6.75,3.05
28-01-22,0.0,0.0,72.0,14.850000000000001,7.15,2.5
29-01-22,0.0,0.0,71.5,15.850000000000001,7.550000000000001,1.5
30-01-22,0.0,0.0,78.0,15.85,7.6,1.5
31-01-22,0.0,0.0,79.5,16.4,5.9,0.5
01-02-22,0.0,0.0,83.5,17.15,0.95,1.5
02-02-22,0.0,0.0,82.5,17.85,3.9,2.0
03-02-22,0.0,0.0,79.5,19.0,3.0,2.75
04-02-22,0.0,1.0,87.0,16.700000000000003,0.0,3.5
05-02-22,0.0,11.0,82.5,16.85,4.1,5.0
06-02-22,0.0,0.0,81.5,15.9,5.4,3.75
07-02-22,0.0,0.0,78.0,16.549999999999997,8.5,2.15
08-02-22,0.0,0.0,78.0,17.05,7.3,1.85
09-02-22,0.0,0.0,77.0,18.049999999999997,7.85,0.5
10-02-22,0.0,0.0,88.5,17.049999999999997,0.0,0.9
11-02-22,0.0,0.0,80.5,18.5,5.9,0.65
12-02-22,0.0,0.0,71.5,17.4,8.7,2.6
13-02-22,0.0,0.0,71.5,18.5,9.25,1.5
14-02-22,0.0,0.0,73.5,18.8,9.45,2.75
15-02-22,0.0,0.0,73.0,19.0,9.25,0.75
16-02-22,0.0,0.0,71.0,19.299999999999997,9.399999999999999,1.5
17-02-22,0.0,0.0,71.5,19.25,9.0,0.5
18-02-22,0.0,0.0,71.5,19.35,8.8,2.5
19-02-22,0.0,0.0,68.0,18.9,9.4,3.0
20-02-22,0.0,0.0,73.0,18.6,5.0,3.25
21-02-22,0.0,0.0,72.5,18.35,7.4,2.85
22-02-22,0.0,0.0,70.5,19.4,7.800000000000001,2.85
23-02-22,0.0,0.0,71.0,21.15,7.7,3.7
24-02-22,0.0,0.0,74.5,21.55,5.15,2.8
25-02-22,0.0,4.0,76.5,21.9,5.65,5.1
26-02-22,0.0,0.0,75.0,22.25,8.55,1.65
27-02-22,0.0,0.0,78.5,22.15,4.9,2.5
28-02-22,0.0,0.0,78.5,22.9,6.4,2.75
01-03-22,0.0,0.0,71.5,22.049999999999997,9.15,2.0
02-03-22,0.0,0.0,71.0,22.049999999999997,9.0,4.0
03-03-22,0.0,0.0,71.5,22.15,9.1,2.25
04-03-22,0.0,0.0,75.5,22.05,8.75,1.0
05-03-22,0.0,0.0,73.0,22.6,8.5,1.25
06-03-22,0.0,0.0,64.0,23.4,8.850000000000001,0.65
07-03-22,0.0,0.0,72.0,24.549999999999997,9.25,1.5
08-03-22,0.0,0.0,68.5,25.1,9.05,2.5
09-03-22,0.0,0.0,68.5,25.0,8.75,1.25
10-03-22,0.0,0.0,67.0,25.2,8.95,1.6
11-03-22,0.0,0.0,71.0,24.200000000000003,9.0,2.85
12-03-22,0.0,0.0,72.0,24.45,8.95,1.75
13-03-22,0.0,0.0,71.5,25.45,8.649999999999999,2.75
14-03-22,0.0,0.0,67.0,26.9,8.95,0.75
15-03-22,0.0,0.0,72.0,25.85,8.25,2.5
16-03-22,0.0,0.0,72.5,26.65,8.45,0.5
17-03-22,0.0,0.0,71.5,27.1,8.65,1.0
18-03-22,0.0,0.0,70.5,26.6,8.75,0.5
19-03-22,0.0,0.0,70.5,27.05,8.2,0.5
20-03-22,0.0,0.0,70.0,26.9,8.2,1.1
21-03-22,0.0,0.0,71.0,25.9,7.05,3.0
22-03-22,0.0,0.0,78.0,27.0,6.95,3.0
23-03-22,0.0,0.0,76.0,28.2,6.6,1.1
24-03-22,0.0,0.0,80.5,27.05,1.0,3.5
25-03-22,0.0,0.0,79.0,27.65,0.2,2.55
26-03-22,1.0,0.0,79.5,28.05,5.199999999999999,3.8
27-03-22,0.0,0.0,79.0,26.15,3.5999999999999996,4.5
28-03-22,0.0,0.0,82.0,24.7,0.75,2.75
29-03-22,0.0,0.0,84.0,24.75,0.0,3.4
30-03-22,0.0,1.0,83.0,25.3,0.3,4.2
31-03-22,0.0,0.0,86.0,25.85,2.0,2.0
01-04-22,0.0,8.0,80.5,28.15,6.05,3.35
02-04-22,0.0,0.0,87.5,27.05,0.2,3.0
03-04-22,0.0,3.0,83.0,27.35,1.2000000000000002,3.25
04-04-22,0.0,2.5,78.5,28.25,5.0,5.0
05-04-22,0.0,0.0,80.5,27.75,4.0,2.0
06-04-22,0.0,0.0,82.0,27.45,1.6500000000000001,2.5
07-04-22,0.0,0.0,76.5,28.25,5.15,2.5
08-04-22,0.0,0.0,81.0,27.75,6.65,2.6
09-04-22,0.0,0.0,80.0,27.55,1.8,4.05
10-04-22,0.0,0.0,79.5,27.35,1.95,4.7
11-04-22,0.0,7.0,84.5,26.35,4.7,3.85
12-04-22,0.0,10.0,86.0,27.8,1.9500000000000002,2.45
13-04-22,0.0,0.5,82.0,28.1,2.6,2.3
14-04-22,0.0,0.0,86.0,28.05,1.15,3.5
15-04-22,0.0,0.0,80.5,29.200000000000003,6.1,7.0
16-04-22,0.0,0.0,85.0,26.95,1.8,2.95
17-04-22,0.0,0.0,76.5,26.9,4.45,3.0
18-04-22,0.0,0.0,79.5,26.95,2.65,2.95
19-04-22,0.0,9.0,75.0,27.7,7.4,2.85
20-04-22,0.0,4.0,83.5,22.5,2.5999999999999996,2.25
21-04-22,0.0,12.5,77.5,25.9,9.0,1.75
22-04-22,0.0,0.0,90.5,24.85,1.3,2.35
23-04-22,0.0,30.0,82.0,27.95,5.65,2.95
24-04-22,0.0,0.0,83.0,28.9,5.25,3.6
25-04-22,0.0,1.0,81.0,28.85,5.45,3.3
26-04-22,0.0,0.0,78.0,28.6,6.65,5.45
27-04-22,0.0,11.5,80.5,27.950000000000003,4.2,3.15
28-04-22,0.0,0.0,83.0,29.6,4.949999999999999,4.75
29-04-22,0.0,0.0,77.0,28.6,6.15,2.7
30-04-22,0.0,5.5,75.0,25.799999999999997,4.25,2.8499999999999996
01-05-22,0.0,6.0,74.5,27.25,7.25,3.25
02-05-22,0.0,0.0,77.0,26.4,6.65,5.3
03-05-22,0.0,3.5,91.5,23.5,0.75,2.95
04-05-22,0.0,29.5,78.5,26.55,7.55,2.7
05-05-22,0.0,0.0,79.0,27.950000000000003,6.75,1.65
06-05-22,0.0,0.0,84.0,27.299999999999997,2.45,4.0
07-05-22,0.0,2.0,81.0,27.950000000000003,5.75,1.0
08-05-22,0.0,0.5,78.5,28.8,6.7,3.75
09-05-22,0.0,1.0,82.0,28.05,1.25,5.5
10-05-22,0.0,3.5,94.0,25.049999999999997,0.0,3.45
11-05-22,0.0,19.0,90.0,26.950000000000003,2.6,1.65
12-05-22,0.0,20.5,85.5,27.85,3.25,1.6
13-05-22,0.0,4.0,92.5,25.7,0.0,3.15
14-05-22,0.0,42.0,88.5,27.6,0.4,5.0
15-05-22,0.0,7.0,83.0,29.0,1.75,3.85
16-05-22,0.0,0.0,81.5,29.3,0.9500000000000001,2.85
17-05-22,0.0,1.5,83.5,26.2,0.5,2.65
18-05-22,0.0,18.5,82.0,28.1,6.35,4.1
19-05-22,0.0,49.5,84.5,25.700000000000003,2.55,4.0
20-05-22,0.0,36.0,83.5,25.4,2.3,4.3
21-05-22,0.0,32.0,85.0,24.55,0.1,2.6500000000000004
22-05-22,0.0,10.0,83.0,27.299999999999997,4.25,2.3
23-05-22,0.0,30.5,82.0,27.7,7.15,2.35
24-05-22,0.0,0.0,78.0,30.1,7.25,1.0
25-05-22,0.0,0.0,81.0,28.700000000000003,2.15,4.5
26-05-22,0.0,0.0,74.5,29.25,9.3,2.5
27-05-22,0.0,0.0,80.0,27.8,5.65,3.85
28-05-22,0.0,10.5,78.0,28.5,9.85,3.25
29-05-22,0.0,0.5,80.0,28.9,6.1,2.35
30-05-22,0.0,1.5,78.0,29.4,9.45,2.35
31-05-22,0.0,0.0,83.5,28.9,4.0,1.15
01-06-22,0.0,1.0,82.0,28.9,5.4,1.75
02-06-22,0.0,0.0,87.0,28.15,0.1,2.5
03-06-22,0.0,0.5,91.5,27.0,0.0,2.25
04-06-22,0.0,9.5,88.0,25.75,0.0,2.7
05-06-22,0.0,40.0,88.5,26.65,0.45,1.65
06-06-22,1.0,1.5,88.0,27.25,0.0,2.5
07-06-22,1.0,8.5,93.0,26.55,0.0,0.75
08-06-22,0.0,31.5,88.5,28.1,1.3499999999999999,2.35
09-06-22,0.0,1.0,94.5,25.75,0.0,2.5
10-06-22,0.0,68.0,89.0,26.799999999999997,3.05,2.65
11-06-22,0.0,17.5,85.0,28.799999999999997,3.95,3.3
12-06-22,0.0,37.0,87.5,27.6,0.0,3.15
13-06-22,0.0,4.5,87.5,25.950000000000003,0.0,5.3
14-06-22,0.0,19.5,86.5,27.299999999999997,0.0,4.55
15-06-22,0.0,0.0,91.0,27.4,0.0,2.0
16-06-22,0.0,0.5,90.0,27.9,0.0,7.15
17-06-22,0.0,41.5,94.0,24.799999999999997,0.0,5.0
18-06-22,0.0,166.5,92.0,26.4,0.0,1.65
19-06-22,0.0,35.0,85.0,28.05,4.6,2.85
20-06-22,1.0,44.0,88.5,27.1,0.6,5.5
21-06-22,0.0,13.0,86.0,27.450000000000003,1.2,4.15
22-06-22,0.0,4.5,87.0,27.7,2.6,3.1
23-06-22,1.0,46.0,85.5,28.25,3.8,3.2
24-06-22,1.0,3.0,84.0,28.7,7.25,1.7
25-06-22,2.0,8.5,83.0,28.799999999999997,8.7,2.4
26-06-22,1.0,7.0,87.0,28.5,4.3,2.9
27-06-22,0.0,14.0,79.5,29.95,2.6,1.35
28-06-22,0.0,1.5,85.5,28.2,0.9,1.5
29-06-22,0.0,23.5,87.5,28.25,0.0,1.75
30-06-22,0.0,20.0,91.0,27.3,0.05,1.85
01-07-22,0.0,10.5,88.5,28.5,4.300000000000001,1.15
02-07-22,0.0,2.0,79.5,29.75,8.8,1.75
03-07-22,1.0,0.0,83.0,29.450000000000003,6.75,2.5
04-07-22,0.0,0.0,88.0,28.950000000000003,6.15,0.5
05-07-22,2.0,1.5,84.5,29.700000000000003,1.05,1.1
06-07-22,0.0,26.5,85.5,28.35,3.05,1.95
07-07-22,0.0,3.0,79.0,30.85,9.5,0.75
08-07-22,0.0,0.0,85.5,29.299999999999997,3.45,1.0
09-07-22,0.0,1.5,75.0,30.75,10.75,3.35
10-07-22,0.0,0.5,77.5,30.6,9.5,1.0
11-07-22,0.0,4.5,76.5,30.5,8.75,3.35
12-07-22,2.0,5.5,76.0,31.05,9.3,2.5
13-07-22,0.0,9.0,76.0,31.6,10.55,3.85
14-07-22,1.0,1.5,74.0,31.6,10.4,2.5
15-07-22,1.0,8.0,76.5,31.299999999999997,11.0,2.5
16-07-22,0.0,5.5,73.0,31.25,10.7,2.85
17-07-22,0.0,0.0,78.5,30.35,6.300000000000001,3.5
18-07-22,2.0,0.5,81.5,29.55,4.85,3.0
19-07-22,0.0,2.0,84.0,29.4,5.0,2.75
20-07-22,2.0,2.0,87.5,28.65,2.0,2.75
21-07-22,0.0,7.5,81.0,30.05,5.95,3.0
22-07-22,1.0,3.0,83.0,29.75,4.35,1.25
23-07-22,2.0,1.5,83.0,29.65,5.699999999999999,0.75
24-07-22,1.0,55.5,91.5,27.0,0.5,1.5
25-07-22,0.0,6.0,89.0,27.700000000000003,2.1,2.0
26-07-22,0.0,10.5,87.0,27.6,1.4,1.35
27-07-22,0.0,0.5,84.5,28.9,6.45,0.5
28-07-22,1.0,1.5,87.5,28.95,2.0,0.85
29-07-22,0.0,0.0,83.0,29.9,5.6,2.5
30-07-22,0.0,7.0,86.5,29.0,1.05,1.65
31-07-22,0.0,0.5,90.5,27.15,0.0,4.4
01-08-22,1.0,43.5,94.5,25.9,0.0,1.9
02-08-22,0.0,77.0,84.5,29.5,6.2,1.6
03-08-22,1.0,0.0,88.5,28.950000000000003,2.15,0.75
04-08-22,1.0,21.0,88.0,28.7,4.0,1.0
05-08-22,0.0,5.5,80.5,30.35,5.85,1.15
06-08-22,0.0,41.5,86.0,28.9,4.4,1.35
07-08-22,0.0,28.5,78.0,30.9,11.5,2.8
08-08-22,0.0,7.5,77.5,30.25,8.45,4.25
09-08-22,3.0,3.5,77.5,29.4,9.05,4.1
10-08-22,0.0,1.5,70.5,29.4,5.25,6.05
11-08-22,0.0,0.0,72.5,29.85,11.1,2.35
12-08-22,0.0,0.0,76.5,30.1,10.0,2.0
13-08-22,1.0,0.0,82.5,28.9,2.1,1.9
14-08-22,1.0,0.5,73.0,29.9,7.75,6.1
15-08-22,0.0,1.0,81.5,29.0,3.85,5.1
16-08-22,2.0,0.5,81.5,30.0,7.55,0.9
17-08-22,0.0,0.0,80.5,31.049999999999997,7.35,0.75
18-08-22,4.0,0.0,71.0,32.45,8.399999999999999,1.75
19-08-22,0.0,0.0,74.0,30.75,9.35,3.25
20-08-22,1.0,4.5,73.0,30.450000000000003,7.75,4.15
21-08-22,2.0,0.0,78.5,30.15,7.9,2.4
22-08-22,0.0,2.0,76.5,30.85,7.15,2.75
23-08-22,1.0,33.5,80.5,30.0,7.45,5.5
24-08-22,0.0,6.5,76.5,29.8,9.95,3.75
25-08-22,2.0,0.0,77.0,30.3,10.55,0.85
26-08-22,0.0,0.0,78.5,30.799999999999997,7.2,0.5
27-08-22,3.0,0.0,85.0,29.299999999999997,0.0,1.25
28-08-22,0.0,0.0,89.0,28.0,0.65,1.0
29-08-22,2.0,9.5,91.0,27.700000000000003,2.9000000000000004,1.0
30-08-22,1.0,30.5,89.0,28.6,0.35,0.8
31-08-22,1.0,0.0,85.5,29.1,5.85,2.15
01-09-22,1.0,0.5,93.5,27.15,0.0,1.35
02-09-22,0.0,14.5,91.5,27.35,0.45,2.15
03-09-22,7.0,27.5,90.0,28.0,1.0,1.5
04-09-22,1.0,44.0,90.0,27.5,1.05,2.1
05-09-22,5.0,0.5,91.5,27.25,0.3,2.7
06-09-22,1.0,5.0,92.5,27.65,0.25,1.0
07-09-22,4.0,0.0,80.0,30.450000000000003,6.199999999999999,1.0
08-09-22,1.0,0.0,81.5,30.25,5.3,0.6
09-09-22,0.0,0.0,76.5,30.75,9.55,1.1
10-09-22,5.0,0.0,78.5,29.5,9.4,0.9
11-09-22,1.0,70.0,85.5,28.1,5.65,2.0
12-09-22,7.0,20.5,88.5,27.25,2.45,2.1
13-09-22,9.0,13.0,93.5,25.95,0.0,1.5
14-09-22,1.0,49.5,93.0,26.55,0.1,3.15
15-09-22,3.0,25.5,90.5,27.25,0.65,1.25
16-09-22,4.0,39.5,88.5,28.2,2.6,0.5
17-09-22,5.0,0.0,84.5,29.4,7.550000000000001,0.5
18-09-22,5.0,0.0,85.5,29.8,3.5,0.5
19-09-22,4.0,19.0,81.5,29.65,8.35,1.6
20-09-22,7.0,2.5,82.0,29.3,7.699999999999999,3.8
21-09-22,1.0,0.5,84.5,28.7,5.7,3.0
22-09-22,7.0,0.0,84.0,29.15,5.949999999999999,2.35
23-09-22,5.0,3.5,86.0,28.8,2.8000000000000003,1.0
24-09-22,8.0,1.0,90.0,27.7,1.25,1.1
25-09-22,7.0,2.0,87.5,28.200000000000003,1.1,0.6
26-09-22,3.0,9.5,84.5,29.1,4.6,0.65
27-09-22,3.0,0.0,85.5,28.65,4.15,0.75
28-09-22,1.0,0.0,82.5,29.75,8.0,1.5
29-09-22,4.0,0.0,88.0,28.35,4.55,1.25
30-09-22,10.0,1.5,84.0,30.1,6.8,1.15
01-10-22,1.0,0.0,85.5,30.4,6.050000000000001,0.65
02-10-22,6.0,7.0,89.0,26.799999999999997,0.8999999999999999,3.6
03-10-22,9.0,36.5,92.0,26.9,0.8,5.0
04-10-22,0.0,20.5,82.5,28.8,7.949999999999999,1.0
05-10-22,4.0,0.0,84.0,28.3,6.5,0.75
06-10-22,10.0,0.0,85.5,27.85,7.45,1.15
07-10-22,6.0,1.5,81.0,29.35,9.15,0.75
08-10-22,5.0,0.0,81.0,29.2,6.7,0.75
09-10-22,6.0,1.5,88.5,27.6,3.65,2.5
10-10-22,15.0,0.0,86.0,28.25,6.1,2.0
11-10-22,8.0,2.5,89.0,27.15,4.6,1.0
12-10-22,8.0,13.5,89.5,27.0,3.0,2.0
13-10-22,15.0,1.0,90.5,26.55,4.05,1.0
14-10-22,1.0,14.0,85.0,27.85,6.1,0.5
15-10-22,20.0,0.0,80.0,27.35,9.7,1.25
16-10-22,16.0,0.0,83.0,27.65,10.0,1.0
17-10-22,5.0,0.0,84.0,28.200000000000003,7.949999999999999,0.5
18-10-22,21.0,0.0,79.0,28.0,9.100000000000001,1.0
19-10-22,13.0,0.0,78.5,27.35,8.600000000000001,0.65
20-10-22,16.0,0.0,81.0,27.45,9.5,0.5
21-10-22,6.0,0.0,78.0,27.200000000000003,8.7,0.5
22-10-22,19.0,0.0,78.5,27.200000000000003,9.350000000000001,0.5
23-10-22,14.0,0.0,86.0,26.6,0.44999999999999996,0.85
24-10-22,23.0,0.5,94.5,22.35,0.0,8.0
25-10-22,17.0,124.5,89.0,23.15,0.95,4.5
26-10-22,27.0,0.5,87.0,24.8,2.35,1.0
27-10-22,21.0,0.0,83.0,25.0,4.3,1.25
28-10-22,19.0,0.0,81.0,24.65,4.8,1.25
29-10-22,12.0,0.0,81.5,25.15,4.6,1.5
30-10-22,17.0,0.0,84.5,26.25,8.25,1.25
31-10-22,20.0,0.0,84.0,26.799999999999997,9.35,0.5
01-11-22,28.0,0.0,82.5,27.4,9.4,0.5
02-11-22,6.0,0.0,83.0,26.4,7.3,1.15
03-11-22,21.0,0.0,83.5,24.75,6.75,1.0
04-11-22,9.0,0.0,83.5,24.75,8.6,1.0
05-11-22,13.0,0.0,83.5,25.6,8.350000000000001,0.5
06-11-22,20.0,0.0,84.0,25.700000000000003,8.899999999999999,0.8
07-11-22,25.0,0.0,85.0,25.05,7.5,1.5
08-11-22,14.0,0.0,82.5,24.35,8.65,0.5
09-11-22,14.0,0.0,82.0,23.95,9.3,1.0
10-11-22,14.0,0.0,80.5,23.5,9.4,1.5
11-11-22,9.0,0.0,77.0,23.299999999999997,9.2,0.5
12-11-22,18.0,0.0,81.0,23.1,9.0,2.0
13-11-22,27.0,0.0,83.0,22.35,7.65,1.0
14-11-22,13.0,0.0,81.5,23.200000000000003,9.05,1.5
15-11-22,9.0,0.0,84.5,23.0,8.25,0.5
16-11-22,16.0,0.0,83.0,23.0,8.05,0.5
17-11-22,14.0,0.0,82.5,22.450000000000003,8.4,0.85
18-11-22,14.0,0.0,81.5,21.5,8.95,1.0
19-11-22,10.0,0.0,79.0,21.3,8.100000000000001,0.65
20-11-22,9.0,0.0,75.5,22.7,9.149999999999999,0.6
21-11-22,13.0,0.0,78.0,21.65,8.25,1.1
22-11-22,13.0,0.0,79.0,21.25,9.100000000000001,1.25
23-11-22,7.0,0.0,79.5,21.6,8.65,0.5
24-11-22,4.0,0.0,82.0,21.5,8.2,0.65
25-11-22,8.0,0.0,80.5,21.75,9.15,0.85
26-11-22,7.0,0.0,78.0,21.7,9.45,1.25
27-11-22,6.0,0.0,77.0,21.55,9.1,0.65
28-11-22,9.0,0.0,77.5,22.0,8.6,1.5
29-11-22,8.0,0.0,77.0,23.5,7.85,1.0
30-11-22,9.0,0.0,77.5,23.049999999999997,8.5,1.5
01-12-22,7.0,0.0,79.5,21.950000000000003,7.9,1.0
02-12-22,3.0,0.0,80.0,21.5,8.65,2.0
03-12-22,5.0,0.0,80.5,20.700000000000003,8.1,1.0
04-12-22,9.0,0.0,80.5,20.6,8.399999999999999,1.0
05-12-22,5.0,0.0,79.5,21.15,8.9,0.5
06-12-22,2.0,0.0,80.0,20.95,8.5,0.85
07-12-22,8.0,0.0,80.0,20.4,8.65,1.25
08-12-22,4.0,0.0,78.0,20.35,7.300000000000001,0.75
09-12-22,1.0,0.0,80.5,20.2,8.85,1.25
10-12-22,3.0,0.0,78.0,20.9,7.35,1.0
11-12-22,4.0,0.0,81.0,20.6,8.0,0.5
12-12-22,1.0,0.0,81.5,20.15,7.3,1.0
13-12-22,3.0,0.0,83.5,19.85,6.800000000000001,1.0
14-12-22,5.0,0.0,86.0,19.8,5.699999999999999,0.5
15-12-22,1.0,0.0,90.0,19.35,3.5,0.85
16-12-22,1.0,0.0,90.0,19.200000000000003,2.45,1.0
17-12-22,0.0,0.0,86.5,19.1,6.65,1.5
18-12-22,1.0,0.0,80.0,20.05,8.75,2.5
19-12-22,1.0,0.0,83.0,18.700000000000003,5.6,0.5
20-12-22,2.0,0.0,84.5,18.9,4.95,0.5
21-12-22,2.0,0.0,84.5,19.25,7.1,1.0
22-12-22,0.0,0.0,85.0,19.3,6.699999999999999,0.5
23-12-22,3.0,0.0,83.0,18.75,7.05,0.75
24-12-22,3.0,0.0,82.0,19.1,6.6,0.75
25-12-22,3.0,0.0,91.0,18.85,0.0,1.1
26-12-22,0.0,1.5,87.0,19.25,1.9000000000000001,1.6
27-12-22,1.0,0.0,89.0,18.85,1.05,1.25
28-12-22,0.0,0.0,92.0,17.35,2.25,1.0
29-12-22,1.0,0.0,94.5,15.15,1.0,0.5
30-12-22,0.0,0.0,91.0,16.15,1.15,1.25
31-12-22,1.0,0.0,94.0,15.05,1.7,0.75
01-01-23,3.0,0.0,88.0,16.1,5.35,0.5
02-01-23,1.0,0.0,84.5,16.95,6.949999999999999,0.75
03-01-23,0.0,0.0,91.5,15.8,4.1,0.65
04-01-23,0.0,0.0,89.5,15.5,3.75,1.85
05-01-23,0.0,0.0,90.5,15.0,3.3,2.1
06-01-23,0.0,0.0,90.0,14.75,3.8,2.6
07-01-23,0.0,0.0,92.5,14.65,2.9000000000000004,2.6
08-01-23,0.0,0.0,93.5,15.7,3.35,1.0
09-01-23,0.0,0.0,81.5,18.75,7.85,0.6
10-01-23,0.0,0.0,77.0,19.1,8.55,0.5
11-01-23,0.0,0.0,77.0,17.700000000000003,7.75,0.75
12-01-23,0.0,0.0,86.0,15.3,4.5,1.0
13-01-23,0.0,0.0,85.0,16.6,4.4,0.5
14-01-23,0.0,0.0,83.0,17.95,0.95,2.15
15-01-23,0.0,0.0,75.5,18.05,6.4,0.5
16-01-23,0.0,0.0,78.5,16.75,0.4,0.6
17-01-23,0.0,0.0,77.5,15.350000000000001,6.25,0.5
18-01-23,0.0,0.0,82.0,14.65,6.75,0.65
19-01-23,1.0,0.0,78.0,15.45,7.1,0.75
20-01-23,0.0,0.0,79.5,16.25,6.85,1.0
21-01-23,0.0,0.0,80.0,16.85,7.15,0.5
22-01-23,0.0,0.0,81.0,17.4,6.75,1.0
23-01-23,1.0,0.0,81.5,18.1,6.35,0.65
24-01-23,0.0,0.0,80.5,18.75,6.5,0.5
25-01-23,0.0,0.0,80.0,19.4,7.050000000000001,1.0
26-01-23,0.0,0.0,83.5,20.0,6.35,0.5
27-01-23,0.0,0.0,85.0,20.7,2.25,0.75
28-01-23,0.0,0.0,85.0,20.15,4.9,0.85
29-01-23,0.0,0.0,87.0,19.1,4.15,0.75
30-01-23,1.0,0.0,82.5,20.35,6.9,1.0
31-01-23,0.0,0.0,77.0,21.7,4.85,1.15
01-02-23,0.0,0.0,78.0,21.1,3.1,1.0
02-02-23,0.0,0.0,73.5,19.0,8.9,2.5
03-02-23,0.0,0.0,79.0,19.8,8.3,1.0
04-02-23,0.0,0.0,80.5,19.549999999999997,7.2,1.0
05-02-23,0.0,0.0,80.0,18.950000000000003,6.3,0.5
06-02-23,0.0,0.0,87.0,18.5,4.2,0.5
07-02-23,0.0,0.0,84.5,19.2,4.9,1.0
08-02-23,0.0,0.0,85.0,20.75,4.0,1.05
09-02-23,0.0,0.0,82.0,21.0,6.2,1.35
10-02-23,0.0,0.0,80.0,20.45,7.7,0.75
11-02-23,0.0,0.0,79.0,21.0,7.1,0.6
12-02-23,0.0,0.0,79.5,20.9,4.8,1.0
13-02-23,0.0,0.0,65.0,18.9,9.5,1.0
14-02-23,0.0,0.0,66.5,18.85,9.5,0.5
15-02-23,1.0,0.0,74.0,19.1,8.1,0.75
16-02-23,1.0,0.0,74.5,20.200000000000003,7.7,2.0
17-02-23,0.0,0.0,79.0,20.85,6.5,0.75
18-02-23,0.0,0.0,79.5,21.950000000000003,6.5,0.65
19-02-23,0.0,0.0,78.0,23.3,3.6,0.5
20-02-23,0.0,0.0,83.0,23.45,0.0,0.5
21-02-23,0.0,0.0,87.0,23.95,0.0,0.75
22-02-23,0.0,0.0,85.5,24.15,0.0,1.5
23-02-23,0.0,15.0,79.0,24.549999999999997,8.0,0.6
24-02-23,0.0,0.0,86.5,23.950000000000003,3.6,0.65
25-02-23,0.0,0.0,76.0,22.700000000000003,7.9,0.5
26-02-23,0.0,0.0,72.5,22.200000000000003,9.0,0.65
27-02-23,1.0,0.0,73.5,21.950000000000003,9.5,0.75
28-02-23,0.0,0.0,72.5,22.450000000000003,8.7,0.5
01-03-23,0.0,0.0,73.5,22.95,8.6,0.6
02-03-23,0.0,0.0,75.5,23.75,8.45,0.5
03-03-23,1.0,0.0,76.5,24.15,8.2,0.5
04-03-23,0.0,0.0,78.0,24.65,7.199999999999999,0.65
05-03-23,0.0,0.0,81.5,24.8,6.5,1.25
06-03-23,0.0,0.0,75.5,24.1,8.25,1.0
07-03-23,0.0,0.0,72.5,23.85,9.05,1.5
08-03-23,0.0,0.0,67.5,23.85,7.949999999999999,1.5
09-03-23,0.0,0.0,68.0,24.3,8.65,0.75
10-03-23,0.0,0.0,75.5,23.8,3.05,0.85
11-03-23,0.0,0.0,75.0,24.299999999999997,6.800000000000001,0.75
12-03-23,0.0,0.0,63.0,25.25,8.149999999999999,0.6
13-03-23,0.0,0.0,69.5,24.95,9.2,0.5
14-03-23,0.0,0.0,75.5,24.05,4.9,1.0
15-03-23,0.0,1.0,79.0,23.549999999999997,3.85,3.45
16-03-23,0.0,4.5,85.5,23.55,0.25,2.0
17-03-23,0.0,0.0,86.0,22.450000000000003,0.0,3.25
18-03-23,0.0,1.0,78.0,24.6,7.6000000000000005,0.85
19-03-23,0.0,31.0,93.0,20.15,0.0,3.5
20-03-23,0.0,36.5,90.5,21.35,0.65,7.25
21-03-23,0.0,15.5,81.0,23.35,3.75,0.85
22-03-23,0.0,0.5,83.0,22.450000000000003,4.4,2.2
23-03-23,0.0,1.0,83.0,23.5,5.55,1.4
24-03-23,0.0,0.0,78.5,24.85,8.0,1.0
25-03-23,0.0,2.5,82.0,24.6,5.3,1.9
26-03-23,0.0,0.0,79.5,25.75,3.45,2.7
27-03-23,0.0,0.5,77.0,25.35,9.1,2.85
28-03-23,0.0,0.0,79.0,26.2,7.5,4.6
29-03-23,0.0,9.0,84.5,23.0,5.95,4.800000000000001
30-03-23,0.0,12.0,83.0,24.1,2.6,1.65
31-03-23,0.0,3.0,80.0,23.7,3.7,2.15
01-04-23,0.0,1.0,84.5,23.700000000000003,2.25,1.15
02-04-23,0.0,4.5,80.0,23.3,7.0,2.6
03-04-23,0.0,3.5,81.0,24.6,8.2,1.55
04-04-23,0.0,0.0,80.0,26.2,5.85,1.35
05-04-23,0.0,0.0,78.0,26.4,7.1,1.3
06-04-23,0.0,0.0,78.5,26.4,7.199999999999999,1.3
07-04-23,0.0,0.0,74.5,26.9,9.600000000000001,1.45
08-04-23,0.0,0.0,71.5,27.2,9.8,1.3
09-04-23,0.0,0.0,71.5,27.049999999999997,9.55,1.2
10-04-23,0.0,0.0,71.0,27.4,10.0,1.35
11-04-23,0.0,0.0,70.5,27.25,9.4,1.0
12-04-23,0.0,0.0,69.5,27.35,10.1,1.15
13-04-23,0.0,0.0,72.5,27.8,10.65,1.0
14-04-23,0.0,0.0,73.0,28.85,10.05,1.3
15-04-23,0.0,0.0,76.5,28.700000000000003,5.449999999999999,0.9
16-04-23,0.0,0.0,74.0,29.4,9.8,1.0
17-04-23,1.0,0.0,78.0,30.15,5.6,2.05
18-04-23,0.0,0.0,78.5,30.25,5.95,2.7
19-04-23,0.0,0.0,76.0,30.549999999999997,7.65,4.0
20-04-23,0.0,0.0,71.5,28.35,7.5,3.15
21-04-23,0.0,25.5,79.0,25.2,3.3,4.1
22-04-23,0.0,0.0,73.5,27.35,10.0,0.5
23-04-23,0.0,0.0,83.0,23.5,0.3,3.35
24-04-23,0.0,0.0,70.0,26.75,9.55,1.1
25-04-23,0.0,0.0,69.5,27.85,10.75,1.0
26-04-23,0.0,0.0,72.0,28.25,7.85,0.5
27-04-23,0.0,0.0,69.0,27.5,6.65,4.5
28-04-23,0.0,0.5,72.5,27.450000000000003,8.7,0.75
29-04-23,0.0,0.0,73.5,27.299999999999997,7.4,2.5
30-04-23,0.0,1.0,75.5,26.9,8.75,1.25
01-05-23,0.0,15.5,74.0,27.1,7.75,2.9
02-05-23,1.0,0.0,70.0,27.85,10.7,0.5
03-05-23,1.0,0.0,71.5,28.05,7.6,1.0
04-05-23,1.0,0.0,80.0,26.7,3.9,3.0
05-05-23,0.0,34.0,83.0,26.549999999999997,5.5,0.6
06-05-23,0.0,6.5,78.0,28.25,9.05,2.5
07-05-23,0.0,0.0,75.5,28.9,9.35,0.65
08-05-23,0.0,0.0,72.5,29.200000000000003,10.1,0.85
09-05-23,1.0,0.0,70.0,30.25,10.5,0.9
10-05-23,1.0,0.0,69.5,29.299999999999997,8.2,3.25
11-05-23,0.0,0.0,77.5,27.4,5.95,3.8
12-05-23,0.0,28.5,81.0,27.45,2.65,1.1
13-05-23,0.0,0.0,73.0,29.049999999999997,8.15,1.6
14-05-23,0.0,0.0,69.5,27.9,0.25,4.45
15-05-23,0.0,0.0,69.0,26.75,9.1,6.15
16-05-23,1.0,10.5,68.0,27.85,7.75,4.25
17-05-23,0.0,1.0,73.0,26.65,6.449999999999999,2.95
18-05-23,1.0,15.5,81.5,25.0,5.2,3.25
19-05-23,0.0,46.0,83.5,25.5,0.5,3.6
20-05-23,0.0,7.5,83.5,26.3,7.699999999999999,3.55
21-05-23,0.0,15.5,82.0,26.549999999999997,3.5,3.6
22-05-23,1.0,11.5,78.0,26.75,4.0,3.9
23-05-23,1.0,33.5,80.5,27.200000000000003,4.95,3.45
24-05-23,0.0,12.5,80.5,26.0,6.85,2.9
25-05-23,2.0,2.0,77.5,27.0,10.3,1.7
26-05-23,0.0,3.5,75.0,28.1,9.600000000000001,1.5
27-05-23,0.0,15.0,78.0,27.65,3.05,2.8
28-05-23,0.0,0.0,79.0,28.3,8.25,0.75
29-05-23,0.0,0.5,73.0,29.85,11.45,0.5
30-05-23,1.0,0.0,71.5,31.049999999999997,11.15,0.5
31-05-23,0.0,0.0,68.5,32.3,10.850000000000001,0.5
01-06-23,0.0,0.0,70.5,32.3,7.55,0.5
02-06-23,1.0,0.0,70.0,30.9,7.2,1.25
03-06-23,0.0,0.0,76.0,30.75,9.1,1.1
04-06-23,1.0,0.0,75.0,30.700000000000003,5.9,1.5
05-06-23,1.0,30.0,73.5,31.2,8.3,1.35
06-06-23,0.0,0.0,74.0,32.4,9.35,1.0
07-06-23,0.0,0.0,71.0,32.5,4.55,0.5
08-06-23,1.0,0.0,77.5,30.9,0.1,0.9
09-06-23,1.0,0.0,86.5,28.35,0.0,0.85
10-06-23,2.0,4.5,85.5,28.05,2.75,2.75
11-06-23,2.0,1.0,85.5,28.5,1.2000000000000002,1.9
12-06-23,1.0,0.5,86.0,28.1,0.65,2.25
13-06-23,2.0,0.5,86.5,28.1,4.05,1.5
14-06-23,1.0,0.5,86.0,27.950000000000003,0.0,2.4
15-06-23,3.0,13.5,88.5,27.25,2.45,5.0
16-06-23,5.0,26.5,88.0,26.75,0.55,7.0
17-06-23,3.0,58.5,91.0,25.85,0.35,3.65
18-06-23,9.0,14.5,88.0,25.799999999999997,1.0,4.25
19-06-23,7.0,4.5,88.5,25.4,0.0,3.25
20-06-23,3.0,20.0,91.5,25.9,0.95,3.35
21-06-23,9.0,22.5,91.5,26.8,0.1,1.6
22-06-23,3.0,30.0,91.0,27.4,0.0,1.7
23-06-23,0.0,1.0,88.0,28.1,9.6,1.25
24-06-23,7.0,6.0,81.0,29.5,5.95,2.4
25-06-23,9.0,0.0,78.0,29.75,8.35,2.5
26-06-23,12.0,0.0,78.0,29.700000000000003,9.7,3.5
27-06-23,8.0,1.5,84.0,28.3,0.2,4.9
28-06-23,2.0,25.0,91.0,27.25,0.0,4.5
29-06-23,1.0,37.5,95.0,26.7,0.0,1.25
30-06-23,1.0,58.0,95.5,26.25,0.0,0.6
01-07-23,12.0,56.5,96.0,26.45,0.55,5.75
02-07-23,11.0,106.5,95.5,26.75,0.0,0.5
03-07-23,10.0,91.0,94.5,27.3,2.35,2.0
04-07-23,6.0,55.0,91.5,28.4,5.199999999999999,2.5
05-07-23,13.0,2.0,88.0,29.450000000000003,7.4,1.75
06-07-23,7.0,0.0,89.5,29.4,3.8,3.3
07-07-23,9.0,1.0,87.5,28.6,2.3,2.85
08-07-23,7.0,20.5,85.0,29.15,7.15,1.75
09-07-23,11.0,6.5,85.0,29.35,6.300000000000001,1.4
10-07-23,17.0,5.0,89.0,28.9,0.55,1.0
11-07-23,15.0,15.0,92.5,28.6,0.0,0.9
12-07-23,16.0,18.5,89.5,28.7,4.7,1.65
13-07-23,19.0,27.5,91.5,29.15,0.4,0.5
14-07-23,24.0,0.5,90.5,28.95,5.0,1.5
15-07-23,19.0,6.0,90.0,29.0,5.75,1.5
16-07-23,46.0,0.5,84.0,28.75,3.3,3.5
17-07-23,32.0,4.5,81.5,29.25,3.5999999999999996,3.4
18-07-23,41.0,0.0,82.0,29.95,9.4,0.5
19-07-23,44.0,0.0,77.5,31.05,8.2,1.5
20-07-23,52.0,0.0,76.0,31.0,9.05,1.1
21-07-23,52.0,0.0,77.0,30.75,5.95,1.0
22-07-23,47.0,0.5,81.5,30.4,5.2,0.85
23-07-23,44.0,20.5,79.5,30.5,5.8,2.5
24-07-23,69.0,7.5,79.0,30.7,4.35,0.7
25-07-23,48.0,0.5,77.5,30.75,7.4,2.5
26-07-23,93.0,0.0,80.0,30.2,6.2,2.65
27-07-23,96.0,1.5,82.5,29.700000000000003,4.05,3.15
28-07-23,73.0,23.0,84.0,29.65,4.6,2.0
29-07-23,93.0,3.0,83.0,29.95,4.45,3.6
30-07-23,62.0,0.5,81.5,30.75,8.55,1.9
31-07-23,88.0,0.5,83.5,32.0,9.35,1.5
01-08-23,79.0,0.0,77.0,31.75,9.850000000000001,2.0
02-08-23,69.0,1.5,76.5,30.950000000000003,3.0,4.8
03-08-23,95.0,1.5,84.5,29.3,1.9,5.9
04-08-23,78.0,8.5,87.5,28.3,3.35,2.95
05-08-23,80.0,8.5,89.0,28.25,1.6,2.25
06-08-23,73.0,17.0,92.5,27.65,0.0,1.4
07-08-23,105.0,48.0,93.5,27.55,0.4,0.9
08-08-23,89.0,47.0,92.0,27.55,0.0,4.0
09-08-23,102.0,26.5,88.0,28.25,3.8000000000000003,1.5
10-08-23,82.0,7.0,84.0,29.05,1.9,0.9
11-08-23,97.0,0.0,88.5,28.6,0.0,0.7
12-08-23,76.0,8.0,90.0,28.55,0.0,0.7
13-08-23,83.0,37.5,93.0,27.4,0.05,1.9
14-08-23,82.0,27.0,91.0,27.9,2.5,0.5
15-08-23,68.0,22.5,87.5,29.15,1.4,0.9
16-08-23,73.0,3.0,88.0,29.3,7.4,1.65
17-08-23,81.0,24.0,81.0,30.8,8.649999999999999,0.5
18-08-23,55.0,0.5,78.0,30.9,8.100000000000001,3.5
19-08-23,61.0,17.0,78.5,30.2,7.15,2.0
20-08-23,57.0,0.0,80.0,30.2,3.85,0.9
21-08-23,63.0,0.0,82.0,30.049999999999997,3.65,2.0
22-08-23,59.0,6.5,83.0,29.700000000000003,0.2,1.75
23-08-23,58.0,1.0,86.0,28.65,3.0,1.6
24-08-23,61.0,16.5,88.0,28.25,0.0,3.0
25-08-23,59.0,8.0,93.0,27.35,1.0499999999999998,2.0
26-08-23,46.0,91.5,89.0,28.0,0.0,1.0
27-08-23,68.0,16.5,86.5,28.7,0.15,3.1
28-08-23,62.0,3.0,86.5,29.2,1.5,4.15
29-08-23,74.0,1.0,84.5,29.05,7.8,0.85
30-08-23,65.0,0.0,80.0,30.65,10.05,1.15
31-08-23,73.0,0.0,78.5,31.25,6.6,1.25
01-09-23,56.0,0.0,84.5,30.35,4.05,2.9
02-09-23,56.0,0.0,85.0,30.4,4.800000000000001,0.85
03-09-23,69.0,9.5,82.5,30.700000000000003,7.65,0.75
04-09-23,91.0,8.5,80.5,30.8,7.2,0.5
05-09-23,64.0,6.5,78.5,31.200000000000003,10.3,0.5
06-09-23,75.0,0.5,77.5,31.35,5.1,1.0
07-09-23,87.0,1.5,84.0,29.4,3.75,6.0
08-09-23,89.0,39.0,87.0,28.3,0.0,3.15
09-09-23,70.0,20.5,88.0,28.8,5.1,1.9
10-09-23,81.0,5.5,83.0,30.25,7.4,0.65
11-09-23,81.0,0.0,85.5,29.799999999999997,3.6500000000000004,0.5
12-09-23,75.0,11.0,86.5,29.3,3.1500000000000004,0.5
13-09-23,90.0,3.5,89.0,28.55,3.1,0.5
14-09-23,70.0,3.5,85.0,29.05,9.0,2.6
15-09-23,80.0,2.0,80.0,29.9,9.850000000000001,1.5
16-09-23,60.0,0.0,80.5,30.35,10.2,2.5
17-09-23,98.0,0.0,78.5,31.25,9.65,0.5
18-09-23,93.0,0.0,79.5,30.65,6.8,2.5
19-09-23,65.0,0.5,83.0,28.65,6.1,3.15
20-09-23,75.0,11.0,88.5,27.700000000000003,0.6,3.1
21-09-23,64.0,7.0,91.0,27.5,2.15,2.5
22-09-23,67.0,30.0,90.5,27.4,3.5,1.95
23-09-23,49.0,87.0,92.0,27.5,0.65,1.7
24-09-23,50.0,19.5,93.0,26.9,3.25,2.3
25-09-23,68.0,34.0,90.0,27.9,6.6,0.75
26-09-23,76.0,3.5,85.5,29.1,7.7,0.9
27-09-23,70.0,0.0,83.0,30.0,5.95,0.65
28-09-23,57.0,0.0,82.0,30.549999999999997,9.75,0.7
29-09-23,41.0,0.0,80.0,30.8,9.0,2.0
30-09-23,45.0,0.0,82.5,29.65,5.75,2.35
01-10-23,65.0,11.5,82.0,29.25,8.5,2.5
02-10-23,57.0,1.0,84.5,28.9,6.15,1.6
03-10-23,52.0,13.0,87.5,28.049999999999997,5.0,1.0
04-10-23,43.0,29.5,89.0,27.4,0.0,2.25
05-10-23,55.0,36.0,93.0,26.5,0.0,1.6
06-10-23,23.0,209.5,94.0,25.85,0.0,2.5
07-10-23,54.0,163.0,92.0,26.2,0.35,3.3
08-10-23,52.0,33.0,89.0,27.700000000000003,6.7,2.2
09-10-23,44.0,0.0,88.0,28.35,2.75,3.0
10-10-23,45.0,1.0,91.0,27.0,2.9,1.9
11-10-23,56.0,9.0,88.0,28.35,3.55,1.15
12-10-23,54.0,0.0,87.0,28.299999999999997,5.75,0.55
13-10-23,33.0,9.0,84.5,28.2,6.35,0.5
14-10-23,33.0,0.0,84.0,27.65,7.7,0.5
15-10-23,54.0,0.0,84.0,27.8,6.95,1.5
16-10-23,39.0,0.0,84.0,27.7,7.800000000000001,0.65
17-10-23,42.0,0.0,83.5,27.8,8.2,0.5
18-10-23,52.0,0.0,85.0,27.450000000000003,8.25,0.75
19-10-23,57.0,0.0,81.0,27.1,7.85,1.0
20-10-23,46.0,0.0,81.5,26.6,8.45,0.5
21-10-23,31.0,0.0,84.0,26.55,9.45,0.5
22-10-23,56.0,0.0,83.0,26.7,8.75,0.5
23-10-23,57.0,0.0,80.5,27.05,5.199999999999999,0.5
24-10-23,35.0,0.0,85.0,26.6,1.05,0.5
25-10-23,30.0,0.0,84.0,26.5,7.7,0.75
26-10-23,44.0,5.5,82.0,27.05,5.85,0.5
27-10-23,37.0,0.0,82.0,26.5,8.25,0.6
28-10-23,29.0,0.0,81.5,25.8,9.15,0.5
29-10-23,43.0,0.0,79.0,25.5,9.149999999999999,0.75
30-10-23,19.0,0.0,83.0,25.55,8.8,0.75
31-10-23,31.0,0.0,84.0,26.1,9.45,1.75
01-11-23,31.0,0.0,84.5,27.0,9.3,0.5
02-11-23,29.0,0.0,79.5,26.700000000000003,9.3,0.85
03-11-23,28.0,0.0,81.0,25.95,8.25,0.75
04-11-23,31.0,0.0,81.0,25.7,8.350000000000001,0.5
05-11-23,49.0,0.0,80.5,25.299999999999997,8.1,0.5
06-11-23,53.0,0.0,80.0,24.85,8.55,0.5
07-11-23,39.0,0.0,83.0,24.7,4.2,0.5
08-11-23,34.0,0.0,83.5,24.15,7.0,0.5
09-11-23,41.0,0.0,84.0,23.95,8.6,0.5
10-11-23,29.0,0.0,79.0,24.1,8.65,0.6
11-11-23,21.0,0.0,82.5,24.2,7.25,1.0
12-11-23,48.0,0.0,83.0,24.05,8.399999999999999,0.5
13-11-23,40.0,0.0,79.5,24.45,9.2,0.75
14-11-23,30.0,0.0,80.5,24.1,9.0,0.5
15-11-23,34.0,0.0,78.5,23.9,7.0,0.5
16-11-23,34.0,0.0,84.0,24.1,0.0,0.5
17-11-23,27.0,1.5,88.0,23.450000000000003,0.05,4.5
18-11-23,23.0,3.5,86.0,23.049999999999997,5.8,2.25
19-11-23,36.0,1.0,81.5,24.200000000000003,8.95,0.5
20-11-23,39.0,0.0,80.5,24.45,9.0,0.5
21-11-23,26.0,0.0,81.5,24.05,7.449999999999999,0.75
22-11-23,19.0,0.0,81.0,23.35,6.4,0.5
23-11-23,22.0,0.0,82.0,22.55,8.3,0.5
24-11-23,25.0,0.0,82.0,22.6,9.0,0.5
25-11-23,23.0,0.0,79.5,22.35,9.35,0.5
26-11-23,18.0,0.0,77.0,22.35,9.45,1.0
27-11-23,26.0,0.0,73.5,22.65,9.2,1.25
28-11-23,27.0,0.0,74.5,23.15,8.75,1.65
29-11-23,22.0,0.0,79.0,22.799999999999997,5.699999999999999,0.5
30-11-23,26.0,0.0,79.5,22.450000000000003,9.0,0.5
01-12-23,15.0,0.0,78.0,22.85,8.35,2.0
02-12-23,7.0,0.0,76.0,23.200000000000003,8.6,0.5
03-12-23,17.0,0.0,81.5,22.95,7.65,0.6
04-12-23,18.0,0.0,81.5,22.4,6.1,0.5
05-12-23,19.0,0.0,83.5,22.700000000000003,0.0,0.5
06-12-23,17.0,0.0,85.5,23.049999999999997,0.2,0.5
07-12-23,9.0,0.5,88.0,22.0,0.0,0.5
08-12-23,6.0,12.5,92.5,20.35,0.0,0.5
09-12-23,11.0,12.0,90.5,20.4,5.6,1.6
10-12-23,15.0,1.0,89.5,19.8,3.5500000000000003,2.0
11-12-23,20.0,0.0,91.0,19.25,4.4,0.7
12-12-23,7.0,0.0,89.0,19.35,3.55,1.25
13-12-23,10.0,0.0,93.0,17.95,0.4,0.75
14-12-23,16.0,0.0,92.5,17.15,4.45,1.25
15-12-23,9.0,0.0,83.5,17.9,7.55,1.0
16-12-23,3.0,0.0,83.5,18.45,7.85,1.0
17-12-23,7.0,0.0,85.5,18.65,6.550000000000001,0.5
18-12-23,9.0,0.0,84.0,18.75,7.4,0.5
19-12-23,2.0,0.0,83.0,18.950000000000003,8.45,0.5
20-12-23,9.0,0.0,81.0,18.7,8.399999999999999,0.6
21-12-23,13.0,0.0,77.5,19.85,8.899999999999999,0.5
22-12-23,5.0,0.0,73.5,20.75,9.0,2.9
23-12-23,5.0,0.0,80.0,20.35,1.2999999999999998,1.1
24-12-23,10.0,0.0,85.0,19.45,6.65,1.75
25-12-23,7.0,0.0,84.0,19.549999999999997,6.1,0.5
26-12-23,8.0,0.0,85.5,19.3,6.2,0.5
27-12-23,5.0,0.0,82.0,20.25,7.6,0.5
28-12-23,9.0,0.0,79.5,20.6,8.850000000000001,0.5
29-12-23,1.0,0.0,79.0,20.55,8.75,0.5
30-12-23,2.0,0.0,76.5,20.95,8.8,0.5
31-12-23,0.0,0.0,81.0,20.1,5.5,0.5
01-01-24,3.0,0.0,90.0,17.7,4.0,1.3
02-01-24,5.0,0.0,93.5,16.4,1.6,1.6
03-01-24,0.0,0.0,93.0,16.700000000000003,2.5,1.1
04-01-24,1.0,0.0,92.0,17.3,3.8,0.9
05-01-24,0.0,0.0,88.5,18.200000000000003,5.550000000000001,0.65
06-01-24,0.0,0.0,86.0,18.25,6.1,1.15
07-01-24,0.0,0.0,77.0,19.3,7.8,0.9
08-01-24,0.0,0.0,87.0,18.1,4.25,1.75
09-01-24,2.0,0.0,90.0,16.8,3.3,2.2
10-01-24,0.0,0.0,92.5,16.1,1.35,1.0
11-01-24,0.0,0.0,91.0,14.7,0.0,0.6
12-01-24,0.0,0.0,92.0,15.2,0.0,2.25
13-01-24,1.0,0.0,88.0,15.65,0.0,1.25
14-01-24,1.0,0.0,85.5,16.1,3.9,1.5
15-01-24,0.0,0.0,86.5,16.65,1.1,0.5
16-01-24,0.0,0.0,88.0,15.7,1.35,2.0
17-01-24,0.0,0.0,89.5,15.25,1.45,2.5
18-01-24,0.0,0.0,85.5,16.75,5.5,1.5
19-01-24,0.0,0.0,78.5,18.200000000000003,7.1,2.0
20-01-24,1.0,0.0,87.0,16.65,4.65,1.85
21-01-24,0.0,0.0,88.5,15.149999999999999,2.5,1.5
22-01-24,0.0,0.0,87.0,14.75,0.0,2.35
23-01-24,0.0,0.0,96.5,13.4,0.0,0.5
24-01-24,1.0,0.0,94.5,14.5,1.2,2.0
25-01-24,1.0,0.0,92.0,15.75,1.35,0.5
26-01-24,0.0,0.0,79.0,17.15,4.05,2.6
27-01-24,0.0,0.0,78.5,17.0,7.2,1.1
28-01-24,1.0,0.0,75.5,17.1,7.15,0.5
29-01-24,0.0,0.0,80.0,17.700000000000003,6.25,0.5
30-01-24,0.0,0.0,78.5,18.45,5.2,1.5
31-01-24,0.0,0.0,79.5,19.15,0.5,1.7
01-02-24,0.0,0.0,80.5,20.450000000000003,4.9,1.85
02-02-24,1.0,0.0,88.5,19.9,0.0,0.5
03-02-24,0.0,0.0,73.5,18.5,7.050000000000001,2.9
04-02-24,0.0,0.0,77.0,18.450000000000003,7.6,1.5
05-02-24,0.0,0.0,77.5,19.25,4.449999999999999,0.5
06-02-24,1.0,0.0,84.5,19.4,0.0,0.5
07-02-24,0.0,0.0,74.0,18.25,8.350000000000001,2.4
08-02-24,0.0,0.0,74.0,17.25,7.8,1.6
09-02-24,0.0,0.0,70.5,18.1,8.149999999999999,1.5
10-02-24,0.0,0.0,70.0,19.7,8.05,2.65
11-02-24,0.0,0.0,74.0,20.299999999999997,8.1,1.0
12-02-24,0.0,0.0,74.0,20.35,7.85,1.75
13-02-24,0.0,0.0,72.5,20.55,8.1,1.5
14-02-24,0.0,0.0,77.0,21.2,3.85,2.0
15-02-24,0.0,0.0,79.5,22.25,5.6,0.5
16-02-24,0.0,0.0,78.0,22.35,6.95,0.85
17-02-24,0.0,0.0,78.0,21.25,7.699999999999999,2.0
18-02-24,1.0,0.0,77.0,20.950000000000003,5.9,2.0
19-02-24,0.0,0.0,77.0,21.299999999999997,7.199999999999999,1.25
20-02-24,0.0,0.0,89.5,20.2,0.0,1.9000000000000001
21-02-24,0.0,5.5,89.5,22.35,0.75,2.0
22-02-24,0.0,0.0,87.0,21.45,1.55,1.75
23-02-24,0.0,11.0,83.5,21.65,5.85,1.5
24-02-24,0.0,0.0,81.0,21.549999999999997,5.75,1.75
25-02-24,3.0,0.5,88.5,17.75,1.25,1.5
26-02-24,0.0,3.5,74.5,20.5,8.75,2.0
27-02-24,0.0,0.0,74.5,20.95,8.6,2.5
28-02-24,0.0,0.0,75.5,21.55,8.35,1.0
29-02-24,0.0,0.0,76.0,21.9,8.9,1.5
01-03-24,0.0,0.0,74.0,21.6,9.100000000000001,0.6
02-03-24,1.0,0.0,76.0,22.05,8.3,1.5
03-03-24,1.0,0.0,75.5,23.2,7.65,2.1
04-03-24,0.0,1.0,82.0,22.35,4.55,1.5
05-03-24,0.0,0.0,73.0,22.1,8.649999999999999,3.5
06-03-24,0.0,0.0,70.5,20.549999999999997,9.45,1.8
07-03-24,2.0,0.0,71.5,20.6,9.2,0.75
08-03-24,0.0,0.0,71.5,21.049999999999997,9.05,3.0
09-03-24,0.0,0.0,67.0,21.0,9.5,1.5
10-03-24,0.0,0.0,69.5,21.5,9.25,1.0
11-03-24,0.0,0.0,72.5,22.799999999999997,9.100000000000001,0.5
12-03-24,0.0,0.0,75.0,23.4,7.75,1.75
13-03-24,0.0,0.0,81.0,24.3,5.6,2.0
14-03-24,0.0,0.0,80.5,25.4,5.5,2.0
15-03-24,1.0,0.0,82.0,25.55,6.1,1.8
16-03-24,0.0,0.0,80.0,25.1,7.1,1.9
17-03-24,0.0,8.0,75.5,25.9,9.0,1.75
18-03-24,0.0,0.0,75.5,25.95,6.9,1.75
19-03-24,0.0,0.0,78.0,24.65,3.25,1.5
20-03-24,0.0,1.5,88.5,20.700000000000003,0.0,2.0
21-03-24,2.0,4.5,82.0,21.799999999999997,1.6,2.35
22-03-24,0.0,0.0,79.5,22.25,7.95,2.6
23-03-24,0.0,0.0,78.5,22.9,7.05,2.6
24-03-24,0.0,15.5,85.5,22.65,1.25,3.3
25-03-24,0.0,0.0,83.5,24.85,5.5,2.55
26-03-24,0.0,0.0,79.0,22.9,6.8999999999999995,2.5
27-03-24,0.0,0.5,78.5,24.85,7.95,2.5
28-03-24,0.0,0.0,76.5,26.299999999999997,7.9,2.75
29-03-24,0.0,0.0,80.0,26.65,3.4,2.3
30-03-24,0.0,0.0,86.0,26.700000000000003,0.4,1.65
31-03-24,0.0,3.0,81.0,26.55,6.699999999999999,3.1
01-04-24,1.0,19.0,87.5,26.65,5.699999999999999,2.65
02-04-24,0.0,0.0,72.5,28.7,8.1,2.85
03-04-24,0.0,0.0,78.5,28.25,6.949999999999999,2.1
04-04-24,0.0,0.0,79.5,29.5,5.949999999999999,2.7
05-04-24,0.0,0.5,83.0,27.65,3.05,3.65
06-04-24,0.0,0.0,80.5,29.4,6.45,2.0
07-04-24,2.0,0.0,84.0,27.6,2.2,1.5
08-04-24,0.0,0.0,89.0,25.35,0.3,1.5
09-04-24,0.0,0.0,77.5,26.85,3.6,1.0
10-04-24,0.0,0.0,80.0,26.55,2.45,1.5
11-04-24,3.0,0.0,81.5,25.85,0.55,1.5
12-04-24,0.0,0.0,75.0,27.85,8.45,1.5
13-04-24,0.0,0.0,73.5,28.6,8.7,1.5
14-04-24,0.0,0.0,75.5,28.85,8.4,1.5
15-04-24,3.0,0.0,73.5,29.9,7.55,2.0
16-04-24,1.0,0.0,74.0,28.5,7.1,2.1
17-04-24,0.0,0.0,76.0,28.450000000000003,8.0,3.65
18-04-24,0.0,0.0,78.0,28.35,5.949999999999999,2.9
19-04-24,0.0,0.0,82.5,28.15,6.95,3.5
20-04-24,0.0,0.0,75.0,30.25,8.1,2.85
21-04-24,2.0,0.0,72.5,31.3,8.15,4.85
22-04-24,0.0,0.0,75.5,28.65,6.699999999999999,5.75
23-04-24,0.0,0.0,69.5,30.549999999999997,7.65,1.35
24-04-24,1.0,0.0,73.5,30.25,8.4,1.75
25-04-24,0.0,0.0,75.0,29.3,7.25,2.3
26-04-24,0.0,0.0,75.0,30.65,8.8,3.0
27-04-24,2.0,0.0,75.5,29.3,8.850000000000001,3.45
28-04-24,0.0,0.0,74.0,30.0,7.95,2.9
29-04-24,0.0,0.0,78.5,30.7,8.9,2.5
30-04-24,0.0,0.0,73.5,30.75,7.75,3.0
01-05-24,0.0,0.0,63.0,30.95,8.35,2.35
02-05-24,1.0,0.0,75.0,29.4,10.0,2.65
03-05-24,0.0,0.0,66.5,29.35,9.35,4.25
04-05-24,0.0,0.0,78.5,27.4,3.25,3.85
05-05-24,1.0,75.0,83.5,25.05,3.45,4.8
06-05-24,2.0,12.0,84.5,22.799999999999997,1.0,3.8499999999999996
07-05-24,0.0,4.0,72.5,26.5,7.15,1.6
08-05-24,1.0,0.0,82.5,25.2,0.0,2.0
09-05-24,0.0,0.0,71.5,27.549999999999997,9.7,4.4
10-05-24,2.0,1.5,77.5,27.15,6.15,2.05
11-05-24,1.0,4.5,81.5,26.35,7.2,2.15
12-05-24,0.0,1.5,75.0,28.8,10.0,1.5
13-05-24,0.0,0.0,71.5,30.4,9.65,2.25
14-05-24,1.0,0.0,74.5,29.95,8.5,1.5
15-05-24,0.0,4.5,74.5,31.45,8.55,2.25
16-05-24,0.0,0.0,71.5,31.950000000000003,10.45,1.5
17-05-24,1.0,0.0,70.5,31.9,8.15,1.85
18-05-24,0.0,0.5,82.5,26.4,0.9,2.0
19-05-24,2.0,9.5,80.5,27.65,2.75,2.2
20-05-24,0.0,0.0,78.0,28.2,4.85,3.0
21-05-24,2.0,0.5,71.0,30.299999999999997,8.1,3.5
22-05-24,0.0,0.0,73.5,29.9,9.2,2.75
23-05-24,0.0,0.0,69.0,32.099999999999994,10.0,1.75
24-05-24,0.0,0.0,72.5,32.5,11.3,1.65
25-05-24,2.0,0.0,69.5,32.2,11.65,6.3
26-05-24,0.0,2.5,74.0,30.75,4.55,5.5
27-05-24,0.0,1.0,94.5,26.2,0.0,12.0
28-05-24,0.0,136.0,83.0,28.25,1.2,4.75
29-05-24,0.0,1.0,85.5,29.9,0.4,3.5
30-05-24,0.0,27.0,89.0,25.55,0.0,3.55
31-05-24,0.0,7.0,84.5,29.35,2.6,2.9
01-06-24,1.0,0.0,80.0,30.85,4.699999999999999,1.5
02-06-24,0.0,0.0,82.0,28.85,5.25,2.2
03-06-24,0.0,11.0,85.0,27.9,3.1500000000000004,4.1
04-06-24,2.0,6.5,89.0,26.85,0.95,3.65
05-06-24,0.0,3.5,80.0,28.5,7.0,2.85
06-06-24,2.0,18.5,84.0,28.1,6.3,2.0
07-06-24,0.0,23.5,82.5,29.3,6.15,1.85
08-06-24,0.0,8.5,85.0,28.15,3.3,1.5
09-06-24,1.0,49.5,89.5,26.6,0.0,3.15
10-06-24,2.0,41.5,89.5,26.9,0.0,1.5
11-06-24,0.0,3.0,85.0,30.35,5.6,1.5
12-06-24,0.0,0.0,85.5,30.1,6.1,2.4
13-06-24,0.0,11.0,92.5,26.65,0.0,3.4
14-06-24,0.0,28.0,89.0,27.15,0.0,2.75
15-06-24,1.0,14.0,91.5,26.6,0.0,2.6
16-06-24,0.0,16.5,90.0,27.35,0.0,3.3
17-06-24,0.0,0.0,91.0,27.35,0.0,2.7
18-06-24,1.0,0.0,95.0,25.65,0.0,3.75
19-06-24,0.0,79.0,94.5,24.7,0.0,2.9000000000000004
20-06-24,1.0,58.5,94.0,25.8,0.0,2.65
21-06-24,0.0,37.5,82.5,29.049999999999997,5.65,1.25
22-06-24,2.0,27.0,88.5,28.35,5.1,2.5
23-06-24,0.0,22.5,80.5,30.8,7.1,1.15
24-06-24,0.0,0.0,82.0,30.799999999999997,5.65,3.2
25-06-24,1.0,17.5,87.5,29.6,0.9,1.35
26-06-24,0.0,10.5,83.0,30.799999999999997,4.449999999999999,1.25
27-06-24,0.0,3.0,85.5,29.4,4.6,1.85
28-06-24,0.0,25.5,85.0,29.3,1.2,2.5
29-06-24,1.0,6.5,90.0,28.45,0.0,1.75
30-06-24,0.0,12.0,92.5,28.0,0.0,1.5
01-07-24,1.0,46.0,93.5,27.8,0.0,1.65
02-07-24,0.0,124.5,92.5,27.4,0.25,2.25
03-07-24,1.0,36.5,89.5,28.05,2.05,1.2
04-07-24,0.0,3.5,89.5,28.1,0.35,1.9
05-07-24,0.0,1.5,90.5,27.95,0.15,2.45
06-07-24,0.0,16.5,91.0,28.200000000000003,0.25,1.8
07-07-24,3.0,16.5,84.0,29.7,5.15,2.9
08-07-24,1.0,0.0,91.0,28.35,3.0500000000000003,0.8
09-07-24,1.0,28.5,88.5,28.85,0.5,2.3499999999999996
10-07-24,3.0,13.0,87.0,29.049999999999997,1.15,1.15
11-07-24,2.0,8.0,89.5,28.9,1.35,2.0
12-07-24,1.0,61.5,88.0,28.45,2.15,1.0
13-07-24,3.0,10.0,86.5,29.1,1.85,1.0
14-07-24,2.0,14.5,82.5,30.200000000000003,4.25,0.9
15-07-24,0.0,1.5,82.5,30.85,6.35,2.35
16-07-24,1.0,3.0,79.0,30.65,4.0,0.6
17-07-24,0.0,0.5,78.5,31.8,4.6,0.5
18-07-24,0.0,0.0,77.5,32.4,8.25,1.0
19-07-24,0.0,0.0,78.0,31.4,9.5,2.15
20-07-24,0.0,3.0,82.0,30.35,7.65,3.5
21-07-24,0.0,11.5,80.0,29.950000000000003,8.100000000000001,3.35
22-07-24,0.0,2.5,82.0,29.35,8.4,3.2
23-07-24,0.0,5.0,85.5,29.0,6.3,3.2
24-07-24,3.0,6.5,83.0,29.85,7.050000000000001,3.4
25-07-24,9.0,0.0,78.5,31.299999999999997,8.4,2.95
26-07-24,0.0,0.0,73.5,32.6,10.350000000000001,0.5
27-07-24,0.0,0.0,72.0,32.1,10.85,2.5
28-07-24,4.0,1.5,73.5,31.7,10.35,0.65
29-07-24,2.0,0.5,81.0,30.25,7.4,1.75
30-07-24,0.0,6.0,89.0,28.95,2.4,1.5
31-07-24,3.0,51.0,84.0,29.55,4.75,1.35
01-08-24,7.0,15.0,89.5,27.3,0.15000000000000002,5.5
02-08-24,1.0,21.5,93.5,26.75,0.0,3.85
03-08-24,1.0,56.0,93.5,27.049999999999997,0.0,2.9
04-08-24,4.0,38.5,86.0,28.9,3.75,1.65
05-08-24,1.0,0.0,93.0,27.7,0.25,1.1
06-08-24,0.0,38.0,85.5,28.9,2.5999999999999996,1.0
07-08-24,3.0,2.0,83.0,29.25,6.9,2.5
08-08-24,2.0,2.0,84.5,28.35,0.8999999999999999,2.15
09-08-24,2.0,5.5,88.0,27.950000000000003,1.75,2.6
10-08-24,3.0,6.0,88.0,28.25,3.25,2.2
11-08-24,3.0,4.5,91.5,28.0,0.7,1.5
12-08-24,4.0,36.0,92.5,28.05,0.0,0.5
13-08-24,2.0,1.5,87.0,29.5,4.4,2.0
14-08-24,5.0,1.5,81.5,30.5,8.0,0.5
15-08-24,6.0,3.0,82.5,30.15,7.449999999999999,1.75
16-08-24,0.0,20.5,81.5,29.4,3.8499999999999996,2.2
17-08-24,8.0,0.5,78.5,29.25,4.05,3.05
18-08-24,4.0,0.0,79.5,29.299999999999997,2.95,1.1
19-08-24,6.0,1.5,87.5,27.25,0.7000000000000001,4.25
20-08-24,11.0,24.0,93.5,26.75,0.44999999999999996,2.95
21-08-24,7.0,101.0,95.0,26.55,0.0,1.35
22-08-24,5.0,37.0,94.0,26.3,0.0,3.35
23-08-24,0.0,21.5,86.0,28.25,3.25,3.9
24-08-24,5.0,0.0,79.5,29.2,9.05,2.6
25-08-24,7.0,4.0,84.0,28.2,5.949999999999999,4.25
26-08-24,1.0,3.0,78.0,28.799999999999997,6.05,4.85
27-08-24,16.0,0.5,79.0,29.6,7.95,2.15
28-08-24,9.0,0.5,80.0,30.1,8.3,1.5
29-08-24,8.0,0.0,77.5,31.5,8.85,0.5
30-08-24,0.0,0.0,81.0,31.1,8.0,0.7
31-08-24,16.0,0.0,78.5,30.7,8.15,1.95
01-09-24,3.0,2.5,88.0,28.45,0.5,0.5
02-09-24,8.0,1.5,76.5,30.9,10.100000000000001,2.0
03-09-24,5.0,7.0,90.0,27.75,0.3,1.0
04-09-24,3.0,7.5,87.0,28.9,3.4,0.5
05-09-24,7.0,1.0,84.0,29.6,2.0500000000000003,0.5
06-09-24,0.0,3.0,80.5,30.700000000000003,9.1,0.5
07-09-24,8.0,3.5,83.5,30.3,6.8,2.65
08-09-24,9.0,28.0,82.5,30.5,8.75,0.5
09-09-24,6.0,0.5,76.5,31.0,8.85,3.15
10-09-24,17.0,0.0,79.5,30.6,8.3,2.0
11-09-24,22.0,0.0,79.0,30.95,7.95,0.5
12-09-24,8.0,0.0,71.5,32.55,10.35,0.5
13-09-24,0.0,0.0,70.0,31.45,7.25,3.75
14-09-24,24.0,0.5,77.0,28.65,0.15000000000000002,5.05
15-09-24,0.0,0.0,85.5,27.9,0.0,2.25
16-09-24,10.0,2.5,82.5,28.75,0.35,2.95
17-09-24,13.0,0.0,80.0,30.7,8.15,0.5
18-09-24,18.0,0.0,77.5,31.75,9.05,0.5
19-09-24,35.0,0.0,78.5,32.25,9.25,1.5
20-09-24,18.0,0.0,77.0,32.55,9.25,0.5
21-09-24,9.0,0.0,87.0,28.450000000000003,6.15,3.5
22-09-24,18.0,14.0,79.5,31.25,9.8,0.5
23-09-24,36.0,0.0,84.0,31.6,3.5999999999999996,2.85
24-09-24,27.0,18.5,87.0,29.0,3.8,2.5
25-09-24,35.0,9.0,93.5,26.9,0.39999999999999997,2.05
26-09-24,23.0,44.0,96.5,25.6,0.0,1.6
27-09-24,22.0,31.0,90.0,27.25,1.25,2.65
28-09-24,32.0,6.5,91.5,27.9,2.85,1.1
29-09-24,46.0,19.5,93.0,28.049999999999997,0.0,2.5
30-09-24,27.0,2.0,87.5,29.4,1.8499999999999999,2.65
01-10-24,35.0,0.0,88.0,29.0,0.0,0.5
02-10-24,24.0,8.0,80.5,30.15,5.45,1.5
03-10-24,42.0,2.0,92.5,26.95,0.15,2.4
04-10-24,19.0,42.5,96.0,25.6,0.0,2.3
05-10-24,38.0,136.0,93.5,26.3,0.0,2.75
06-10-24,19.0,15.5,91.0,26.9,1.2999999999999998,1.5
07-10-24,21.0,1.0,87.5,28.4,5.4,0.5
08-10-24,17.0,0.0,92.0,26.0,0.0,0.5
09-10-24,32.0,36.0,90.0,27.0,0.15,2.6
10-10-24,29.0,0.0,88.5,27.9,0.05,2.6
11-10-24,16.0,7.5,90.5,27.4,0.0,2.6
12-10-24,45.0,16.5,89.0,28.0,2.5,1.5
13-10-24,20.0,1.0,87.5,28.0,0.6,0.5
14-10-24,32.0,0.0,86.5,27.7,1.7999999999999998,0.5
15-10-24,30.0,0.0,85.5,27.65,5.7,1.5
16-10-24,41.0,0.5,87.0,27.85,6.6,1.5
17-10-24,32.0,0.0,90.5,25.549999999999997,0.0,1.5
18-10-24,28.0,7.0,86.0,26.05,1.05,2.0
19-10-24,25.0,0.5,86.5,26.6,5.65,0.65
20-10-24,38.0,0.0,85.0,27.2,7.2,1.0
21-10-24,31.0,0.0,86.0,27.45,7.25,2.5
22-10-24,39.0,0.0,82.0,29.049999999999997,8.95,0.75
23-10-24,37.0,0.0,83.5,27.5,1.05,2.85
24-10-24,25.0,5.0,88.0,24.700000000000003,0.3,2.1
25-10-24,12.0,1.5,83.5,27.1,4.6,2.05
26-10-24,44.0,0.0,88.5,27.0,1.4,2.25
27-10-24,51.0,0.0,85.5,27.450000000000003,3.9,2.0
28-10-24,36.0,0.0,82.5,27.299999999999997,7.85,2.5
29-10-24,28.0,0.0,81.5,28.7,7.0,1.5
30-10-24,44.0,1.0,86.0,28.15,4.6,1.5
31-10-24,44.0,0.0,88.0,27.25,2.0,1.85
01-11-24,25.0,0.0,88.0,26.15,3.35,1.85
02-11-24,40.0,0.0,86.0,26.4,6.25,1.5
03-11-24,31.0,0.0,84.0,26.15,7.550000000000001,1.5
04-11-24,33.0,0.0,82.5,26.6,8.399999999999999,1.5
05-11-24,39.0,0.0,84.0,26.45,7.9,3.0
06-11-24,45.0,3.5,85.0,24.4,4.1,3.5
07-11-24,40.0,0.0,86.0,25.6,8.05,0.5
08-11-24,20.0,0.0,82.0,25.25,9.1,2.0
09-11-24,41.0,0.0,81.5,25.0,9.5,1.25
10-11-24,48.0,0.0,79.0,25.299999999999997,9.350000000000001,2.75
11-11-24,45.0,0.0,80.5,24.75,9.4,0.65
12-11-24,43.0,0.0,80.5,24.5,8.4,1.5
13-11-24,35.0,0.0,80.5,23.7,8.75,3.0
14-11-24,35.0,0.0,81.0,24.299999999999997,8.1,2.75
15-11-24,20.0,0.0,80.5,24.4,8.25,2.5
16-11-24,46.0,0.0,83.5,23.450000000000003,6.75,0.5
17-11-24,44.0,0.0,85.0,22.700000000000003,4.45,0.5
18-11-24,36.0,0.0,81.0,22.7,8.5,2.5
19-11-24,35.0,0.0,79.0,22.45,9.15,2.1
20-11-24,36.0,0.0,78.5,22.799999999999997,7.8999999999999995,0.5
21-11-24,39.0,0.0,80.5,22.049999999999997,7.4,0.5
22-11-24,22.0,0.0,80.5,22.1,6.6,0.5
23-11-24,27.0,0.0,82.0,21.75,7.1,1.0
24-11-24,35.0,0.0,81.0,21.6,6.7,1.5
25-11-24,41.0,0.0,78.5,21.9,6.55,1.25
26-11-24,38.0,0.0,83.0,20.950000000000003,6.25,1.5
27-11-24,37.0,0.0,79.0,21.25,8.35,0.5
28-11-24,18.0,0.0,77.5,21.05,8.899999999999999,1.35
29-11-24,22.0,0.0,77.5,22.7,9.0,1.75
30-11-24,18.0,0.0,74.0,23.25,8.0,3.0
01-12-24,33.0,0.0,77.0,21.4,7.4,1.5
02-12-24,18.0,0.0,79.5,20.85,8.0,1.5
03-12-24,30.0,0.0,77.5,20.700000000000003,8.3,1.6
04-12-24,22.0,0.0,79.5,20.2,7.65,1.0
05-12-24,17.0,0.0,85.0,20.1,2.85,1.75
06-12-24,10.0,0.0,81.0,18.700000000000003,5.0,1.0
07-12-24,18.0,0.0,81.0,17.8,6.6,2.1
08-12-24,20.0,0.0,86.0,17.75,5.550000000000001,1.0
09-12-24,7.0,0.0,88.0,18.799999999999997,3.2,1.5
10-12-24,12.0,0.0,83.0,18.85,5.35,2.25
11-12-24,13.0,0.0,86.0,18.4,3.8,2.35
12-12-24,7.0,0.0,86.0,18.4,3.65,2.2
13-12-24,8.0,0.0,92.5,17.4,2.9,1.45
14-12-24,6.0,0.0,91.5,16.95,3.45,2.5
15-12-24,15.0,0.0,83.0,17.65,6.45,1.0
16-12-24,7.0,0.0,77.0,18.35,8.8,2.15
17-12-24,10.0,0.0,78.5,18.950000000000003,7.85,2.1
18-12-24,9.0,0.0,80.5,17.85,5.8,2.5
19-12-24,16.0,0.0,80.0,18.0,7.1,1.5
20-12-24,3.0,0.0,84.0,18.0,3.65,0.5
21-12-24,5.0,0.0,85.5,18.15,3.8499999999999996,1.0
22-12-24,7.0,0.0,87.0,18.15,4.6,1.8499999999999999
23-12-24,4.0,0.0,80.0,18.45,7.6,1.5
24-12-24,1.0,0.0,78.5,18.25,8.05,1.75
25-12-24,5.0,0.0,79.0,18.55,6.85,1.5
26-12-24,2.0,0.0,78.5,19.15,7.1,1.75
27-12-24,2.0,0.0,80.0,19.0,7.45,1.75
28-12-24,3.0,0.0,79.0,18.9,7.1,1.0
29-12-24,4.0,0.0,82.0,18.85,6.699999999999999,1.0
30-12-24,1.0,0.0,79.5,19.55,6.85,2.65
31-12-24,1.0,0.0,85.5,18.2,3.8,2.3
