Date,effected-Rajhshahi,Rainfall,Humidity,Temparature,Sunshine
01-01-22,0.0,0.0,79.4,17.56,6.3
02-01-22,0.0,0.0,82.0,16.04,4.0600000000000005
03-01-22,0.0,0.0,82.4,15.379999999999999,6.18
04-01-22,0.0,0.0,86.2,14.580000000000002,4.06
05-01-22,0.0,0.0,89.4,14.66,2.82
06-01-22,0.0,0.0,84.8,16.659999999999997,5.44
07-01-22,0.0,0.0,81.0,18.02,6.0600000000000005
08-01-22,0.0,0.0,77.8,19.119999999999997,7.82
09-01-22,0.0,0.0,79.4,18.94,5.34
10-01-22,0.0,0.0,79.0,19.68,5.32
11-01-22,0.0,0.0,82.0,20.34,0.12000000000000002
12-01-22,0.0,1.8,84.0,19.759999999999998,1.1600000000000001
13-01-22,0.0,6.4,85.0,17.94,5.34
14-01-22,0.0,0.0,86.0,17.04,0.08
15-01-22,0.0,0.0,78.0,17.54,3.96
16-01-22,0.0,0.0,73.2,16.419999999999998,7.859999999999999
17-01-22,0.0,0.0,74.2,17.0,7.76
18-01-22,0.0,0.0,81.0,15.98,6.3
19-01-22,0.0,0.0,82.2,15.12,3.3800000000000003
20-01-22,0.0,0.0,86.2,14.24,2.8600000000000003
21-01-22,0.0,0.0,83.2,16.28,2.02
22-01-22,0.0,0.0,81.6,17.740000000000002,0.58
23-01-22,0.0,0.0,90.4,17.32,0.0
24-01-22,0.0,1.2,81.8,18.639999999999997,4.4399999999999995
25-01-22,0.0,0.0,83.4,18.200000000000003,1.92
26-01-22,0.0,0.0,87.4,17.58,0.04
27-01-22,0.0,1.0,65.8,15.98,7.32
28-01-22,0.0,0.0,76.0,13.440000000000001,3.5800000000000005
29-01-22,0.0,0.0,77.0,14.38,6.1
30-01-22,0.0,0.0,78.4,14.86,5.040000000000001
31-01-22,0.0,0.0,77.0,16.020000000000003,3.38
01-02-22,0.0,0.0,74.8,17.04,5.32
02-02-22,0.0,0.0,73.2,17.54,5.82
03-02-22,0.0,0.0,77.6,19.56,2.42
04-02-22,0.0,7.2,93.8,15.720000000000002,0.1
05-02-22,0.0,28.2,83.4,15.14,3.9200000000000004
06-02-22,0.0,0.0,84.4,14.319999999999999,5.3
07-02-22,0.0,0.0,80.4,15.540000000000001,7.840000000000001
08-02-22,0.0,0.0,79.4,16.54,6.339999999999999
09-02-22,0.0,0.0,76.2,18.54,6.5
10-02-22,0.0,0.4,89.6,17.82,0.24
11-02-22,0.0,4.6,76.0,17.9,6.68
12-02-22,0.0,0.0,70.2,17.02,8.820000000000002
13-02-22,0.0,0.0,69.8,18.080000000000002,8.900000000000002
14-02-22,0.0,0.0,69.6,18.82,8.879999999999999
15-02-22,0.0,0.0,69.4,18.8,8.9
16-02-22,0.0,0.0,69.6,18.2,8.26
17-02-22,0.0,0.0,73.4,19.08,8.24
18-02-22,0.0,0.0,66.8,19.18,9.100000000000001
19-02-22,0.0,0.0,64.2,19.1,9.04
20-02-22,0.0,0.0,70.2,19.559999999999995,2.0599999999999996
21-02-22,0.0,0.2,74.6,19.1,6.959999999999999
22-02-22,0.0,0.0,67.8,20.04,7.040000000000001
23-02-22,0.0,0.0,72.2,20.880000000000003,8.14
24-02-22,0.0,0.0,73.6,22.48,4.24
25-02-22,0.0,1.8,76.6,21.66,4.619999999999999
26-02-22,0.0,0.0,76.4,22.2,8.26
27-02-22,0.0,0.0,79.2,21.3,2.7
28-02-22,0.0,0.0,75.8,22.440000000000005,7.94
01-03-22,0.0,0.0,66.8,21.96,8.98
02-03-22,0.0,0.0,67.8,22.4,8.96
03-03-22,0.0,0.0,67.8,22.24,9.040000000000001
04-03-22,0.0,0.0,68.4,22.96,9.020000000000001
05-03-22,0.0,0.0,65.8,23.42,9.1
06-03-22,0.0,0.0,66.8,23.160000000000004,9.24
07-03-22,0.0,0.0,67.4,24.52,9.2
08-03-22,0.0,0.0,70.8,24.279999999999998,9.16
09-03-22,0.0,0.0,69.6,23.92,9.4
10-03-22,0.0,0.0,66.2,24.04,9.2
11-03-22,0.0,0.0,64.0,24.3,9.26
12-03-22,0.0,0.0,63.6,24.52,9.559999999999999
13-03-22,0.0,0.0,65.0,24.880000000000003,9.080000000000002
14-03-22,0.0,0.0,67.4,25.419999999999998,8.82
15-03-22,0.0,0.0,68.4,25.919999999999998,9.36
16-03-22,0.0,0.0,64.0,27.68,8.98
17-03-22,0.0,0.0,66.0,27.28,9.16
18-03-22,0.0,0.0,66.6,27.839999999999996,9.24
19-03-22,0.0,0.0,58.8,28.380000000000003,9.24
20-03-22,0.0,0.0,56.8,27.940000000000005,8.780000000000001
21-03-22,0.0,0.0,76.0,27.52,4.8
22-03-22,0.0,0.0,77.2,27.900000000000006,5.9
23-03-22,0.0,0.0,70.2,28.880000000000003,6.9
24-03-22,0.0,0.0,69.0,29.040000000000003,7.160000000000001
25-03-22,0.0,0.0,75.6,29.060000000000002,5.5200000000000005
26-03-22,0.0,0.0,71.2,29.619999999999997,7.3
27-03-22,0.0,0.0,74.0,28.660000000000004,6.340000000000001
28-03-22,0.0,0.0,74.0,28.3,5.84
29-03-22,1.0,0.0,79.0,27.580000000000002,2.84
30-03-22,0.0,0.0,79.8,27.98,3.0799999999999996
31-03-22,0.0,0.0,79.0,28.560000000000002,3.5799999999999996
01-04-22,0.0,0.0,76.4,29.6,4.8
02-04-22,0.0,0.0,82.4,28.0,0.32
03-04-22,0.0,0.0,78.8,29.0,3.3
04-04-22,0.0,9.4,74.6,29.5,6.62
05-04-22,0.0,0.0,76.0,28.919999999999998,5.38
06-04-22,0.0,0.0,78.2,28.8,5.239999999999999
07-04-22,0.0,0.0,80.6,28.22,4.82
08-04-22,0.0,0.0,79.2,28.380000000000003,4.839999999999999
09-04-22,0.0,0.0,81.4,28.040000000000003,3.8599999999999994
10-04-22,0.0,0.0,79.4,28.22,3.06
11-04-22,0.0,0.2,80.2,28.6,3.44
12-04-22,0.0,0.0,82.0,28.9,2.6599999999999997
13-04-22,0.0,0.0,80.8,29.559999999999995,3.8599999999999994
14-04-22,0.0,0.0,79.2,29.919999999999998,3.4199999999999995
15-04-22,0.0,0.0,72.6,31.279999999999994,7.9799999999999995
16-04-22,0.0,0.0,77.2,30.32,6.260000000000001
17-04-22,0.0,0.0,76.4,30.079999999999995,5.88
18-04-22,0.0,0.0,79.4,29.619999999999997,5.06
19-04-22,0.0,0.0,76.4,29.74,6.160000000000001
20-04-22,0.0,25.6,85.6,23.28,2.0
21-04-22,0.0,2.0,81.8,25.919999999999998,1.6599999999999997
22-04-22,0.0,0.0,87.4,25.98,0.82
23-04-22,0.0,10.2,77.2,29.72,8.620000000000001
24-04-22,0.0,0.0,69.0,31.160000000000004,9.559999999999999
25-04-22,0.0,0.0,73.2,31.48,8.94
26-04-22,0.0,0.0,78.4,31.140000000000004,8.180000000000001
27-04-22,0.0,0.0,78.2,29.9,6.040000000000001
28-04-22,0.0,3.4,79.6,29.979999999999997,4.92
29-04-22,0.0,0.0,74.0,30.060000000000002,6.540000000000001
30-04-22,0.0,9.8,72.2,26.98,6.839999999999999
01-05-22,0.0,0.0,72.2,28.660000000000004,7.82
02-05-22,0.0,5.6,73.2,27.6,7.779999999999999
03-05-22,0.0,15.8,89.4,23.939999999999998,1.5
04-05-22,0.0,31.4,83.0,26.52,3.9800000000000004
05-05-22,0.0,0.6,79.4,28.1,6.959999999999999
06-05-22,0.0,0.0,85.2,26.339999999999996,4.540000000000001
07-05-22,0.0,26.8,81.6,27.6,6.94
08-05-22,0.0,2.2,77.2,29.160000000000004,7.960000000000001
09-05-22,0.0,0.0,78.6,28.359999999999996,4.8
10-05-22,0.0,4.8,88.2,26.9,1.8199999999999996
11-05-22,0.0,20.6,88.6,27.32,2.38
12-05-22,0.0,19.0,82.6,29.439999999999998,6.6
13-05-22,0.0,0.2,87.0,27.24,0.9199999999999999
14-05-22,0.0,18.8,81.6,29.840000000000003,3.8600000000000003
15-05-22,0.0,1.2,77.6,30.4,4.78
16-05-22,0.0,0.0,75.4,30.26,4.26
17-05-22,0.0,20.8,82.4,28.579999999999995,2.9
18-05-22,0.0,1.6,77.0,30.74,6.4799999999999995
19-05-22,0.0,0.0,83.4,28.639999999999997,3.9
20-05-22,0.0,24.0,81.6,27.339999999999996,2.56
21-05-22,0.0,32.2,79.8,25.8,3.16
22-05-22,0.0,0.2,80.2,28.18,3.06
23-05-22,0.0,0.0,75.0,29.32,8.1
24-05-22,0.0,6.6,72.0,29.96,8.379999999999999
25-05-22,0.0,2.0,80.2,27.7,4.74
26-05-22,0.0,4.0,73.0,29.32,10.3
27-05-22,0.0,5.0,73.2,29.5,8.96
28-05-22,0.0,0.0,81.0,27.919999999999998,7.220000000000001
29-05-22,0.0,11.4,79.8,29.119999999999997,3.7199999999999998
30-05-22,0.0,0.0,79.0,29.839999999999996,4.26
31-05-22,0.0,0.0,83.2,28.6,2.92
01-06-22,0.0,7.4,78.8,30.2,6.88
02-06-22,0.0,0.0,81.4,29.080000000000002,2.52
03-06-22,0.0,1.4,78.2,30.520000000000003,4.279999999999999
04-06-22,0.0,6.2,83.2,28.2,0.72
05-06-22,0.0,7.2,81.0,30.339999999999996,3.2600000000000002
06-06-22,0.0,0.0,86.2,28.660000000000004,0.22000000000000003
07-06-22,0.0,12.6,85.8,29.080000000000002,0.5
08-06-22,0.0,3.0,80.0,30.82,3.6599999999999993
09-06-22,0.0,0.0,88.8,26.18,0.0
10-06-22,0.0,23.2,76.6,29.72,5.86
11-06-22,0.0,0.0,78.2,30.76,2.8
12-06-22,0.0,0.0,81.0,30.3,1.8399999999999999
13-06-22,0.0,0.4,82.4,29.3,1.6
14-06-22,0.0,2.8,80.6,30.3,1.48
15-06-22,0.0,0.0,77.0,30.040000000000003,1.86
16-06-22,0.0,0.0,78.0,30.419999999999998,0.76
17-06-22,0.0,4.8,92.4,26.339999999999996,0.0
18-06-22,0.0,41.4,84.8,28.580000000000002,2.3600000000000003
19-06-22,0.0,0.8,83.2,28.580000000000002,3.8
20-06-22,0.0,21.4,84.2,28.5,1.36
21-06-22,0.0,6.0,88.8,27.919999999999998,1.8200000000000003
22-06-22,0.0,7.2,87.0,28.5,1.8599999999999999
23-06-22,0.0,6.8,80.6,29.679999999999996,5.26
24-06-22,0.0,0.0,79.8,29.7,6.6
25-06-22,0.0,2.2,81.4,29.3,6.88
26-06-22,0.0,3.2,80.0,30.0,7.119999999999999
27-06-22,0.0,1.8,78.2,30.5,6.4
28-06-22,0.0,0.6,81.0,29.839999999999996,0.5599999999999999
29-06-22,0.0,0.0,82.4,29.4,2.1399999999999997
30-06-22,0.0,3.8,87.2,28.9,0.9800000000000001
01-07-22,0.0,1.0,83.6,29.52,3.2
02-07-22,0.0,10.6,79.0,30.28,7.62
03-07-22,0.0,0.0,81.2,29.76,7.68
04-07-22,0.0,3.4,78.8,30.82,8.82
05-07-22,0.0,0.0,79.0,30.880000000000003,6.639999999999999
06-07-22,0.0,0.0,82.0,29.6,4.48
07-07-22,0.0,1.0,75.6,31.2,10.44
08-07-22,0.0,0.0,77.0,30.779999999999994,6.980000000000001
09-07-22,0.0,0.0,74.0,31.139999999999997,10.9
10-07-22,0.0,0.0,73.2,31.320000000000004,10.940000000000001
11-07-22,0.0,0.0,75.4,30.6,7.640000000000001
12-07-22,0.0,0.0,72.8,31.2,10.48
13-07-22,0.0,0.0,69.6,32.06,10.1
14-07-22,0.0,0.0,67.8,32.260000000000005,11.5
15-07-22,0.0,7.4,74.6,31.360000000000003,11.04
16-07-22,0.0,0.4,71.6,31.580000000000002,10.860000000000003
17-07-22,0.0,0.0,74.8,30.880000000000003,8.48
18-07-22,0.0,0.4,76.4,30.4,9.559999999999999
19-07-22,0.0,4.6,78.6,30.5,9.06
20-07-22,0.0,1.8,79.0,30.560000000000002,4.64
21-07-22,0.0,1.8,78.8,30.68,5.2
22-07-22,0.0,1.2,81.4,29.939999999999998,3.54
23-07-22,0.0,4.8,78.2,30.32,4.860000000000001
24-07-22,1.0,13.6,91.4,27.1,0.1
25-07-22,0.0,12.2,87.8,28.179999999999996,3.0799999999999996
26-07-22,0.0,14.2,88.6,27.979999999999997,1.04
27-07-22,0.0,4.6,80.4,29.9,7.4
28-07-22,0.0,3.2,87.4,28.46,1.4200000000000002
29-07-22,0.0,6.0,85.8,28.939999999999998,4.08
30-07-22,0.0,10.2,85.2,29.22,2.7800000000000002
31-07-22,1.0,3.2,91.4,27.639999999999997,0.15999999999999998
01-08-22,0.0,30.0,95.4,26.159999999999997,0.0
02-08-22,0.0,44.6,84.2,29.7,3.3
03-08-22,0.0,0.2,87.4,29.02,2.84
04-08-22,0.0,13.6,85.6,29.32,2.0799999999999996
05-08-22,0.0,0.6,75.4,31.28,10.620000000000001
06-08-22,0.0,0.0,87.4,28.939999999999998,1.78
07-08-22,0.0,10.0,78.4,30.700000000000006,9.02
08-08-22,0.0,2.6,78.4,30.32,7.26
09-08-22,0.0,0.2,73.6,29.9,10.120000000000001
10-08-22,0.0,0.4,75.4,28.9,5.0600000000000005
11-08-22,0.0,0.4,79.4,29.04,7.44
12-08-22,0.0,2.2,79.2,30.22,8.1
13-08-22,0.0,0.0,78.0,29.76,3.8600000000000003
14-08-22,0.0,0.2,81.8,28.080000000000002,4.14
15-08-22,0.0,7.6,85.8,28.46,4.12
16-08-22,0.0,8.0,80.4,30.4,7.660000000000001
17-08-22,0.0,0.0,77.4,31.580000000000002,7.32
18-08-22,0.0,0.0,77.0,31.52,9.16
19-08-22,1.0,23.0,76.0,29.840000000000003,5.5
20-08-22,0.0,2.8,83.6,28.72,4.18
21-08-22,0.0,7.6,79.0,30.28,9.16
22-08-22,0.0,0.0,79.0,31.140000000000004,7.3
23-08-22,0.0,9.8,88.0,28.580000000000002,3.8800000000000003
24-08-22,0.0,13.0,81.2,29.52,9.3
25-08-22,0.0,1.4,79.6,29.919999999999998,8.48
26-08-22,0.0,0.0,77.4,30.68,8.78
27-08-22,0.0,0.0,80.4,30.660000000000004,2.54
28-08-22,0.0,0.0,82.6,29.68,3.7600000000000002
29-08-22,0.0,8.6,84.6,29.28,5.0
30-08-22,0.0,13.8,82.6,30.139999999999997,4.4
31-08-22,0.0,0.0,84.8,29.26,3.9200000000000004
01-09-22,0.0,22.2,86.8,29.119999999999997,0.76
02-09-22,0.0,14.8,90.8,27.820000000000004,1.7600000000000002
03-09-22,0.0,22.6,84.8,29.119999999999997,5.46
04-09-22,0.0,18.8,87.0,28.8,3.06
05-09-22,0.0,13.8,88.6,28.46,1.2799999999999998
06-09-22,0.0,21.6,92.8,27.679999999999996,0.02
07-09-22,0.0,3.6,81.2,30.360000000000003,7.340000000000001
08-09-22,3.0,3.8,86.0,29.299999999999994,3.9
09-09-22,4.0,7.8,80.6,30.74,9.48
10-09-22,0.0,0.4,81.4,29.78,7.380000000000001
11-09-22,1.0,1.0,84.8,28.2,5.92
12-09-22,9.0,9.4,90.2,26.839999999999996,0.8800000000000001
13-09-22,3.0,56.4,96.2,25.78,0.0
14-09-22,4.0,68.8,94.8,26.580000000000002,0.22000000000000003
15-09-22,15.0,18.8,91.4,27.04,1.28
16-09-22,9.0,28.0,86.8,28.26,4.0600000000000005
17-09-22,8.0,0.0,85.4,29.440000000000005,5.86
18-09-22,12.0,0.0,86.4,29.18,3.6399999999999997
19-09-22,26.0,1.8,81.4,29.919999999999998,6.5
20-09-22,10.0,0.8,80.8,29.339999999999996,8.459999999999999
21-09-22,16.0,0.4,83.2,29.420000000000005,6.480000000000001
22-09-22,18.0,0.0,81.6,29.860000000000003,8.26
23-09-22,2.0,3.6,82.4,29.659999999999997,5.840000000000001
24-09-22,15.0,1.2,82.8,29.52,4.220000000000001
25-09-22,12.0,0.0,86.8,28.639999999999997,1.2200000000000002
26-09-22,23.0,8.4,83.4,29.0,6.460000000000001
27-09-22,22.0,5.8,83.4,28.96,5.260000000000001
28-09-22,30.0,0.2,81.8,29.6,6.08
29-09-22,20.0,3.0,88.4,27.459999999999997,4.220000000000001
30-09-22,16.0,15.4,84.4,29.6,6.5
01-10-22,28.0,0.0,80.4,30.68,8.36
02-10-22,22.0,0.2,86.0,27.940000000000005,0.8399999999999999
03-10-22,28.0,2.4,91.8,27.04,0.76
04-10-22,27.0,24.2,86.0,27.74,6.220000000000001
05-10-22,8.0,8.4,83.8,28.82,6.18
06-10-22,12.0,0.2,87.4,27.5,6.380000000000001
07-10-22,25.0,3.0,82.0,29.060000000000002,9.26
08-10-22,18.0,0.0,80.0,29.72,9.72
09-10-22,15.0,0.0,79.4,29.839999999999996,9.24
10-10-22,19.0,0.0,78.4,29.78,9.52
11-10-22,18.0,0.0,85.8,27.660000000000004,7.12
12-10-22,41.0,29.2,87.2,27.04,2.2600000000000002
13-10-22,40.0,0.0,85.0,27.52,5.16
14-10-22,33.0,2.2,83.4,27.860000000000003,8.24
15-10-22,32.0,0.0,80.6,27.559999999999995,9.34
16-10-22,43.0,0.0,77.0,27.28,9.579999999999998
17-10-22,26.0,0.0,80.2,27.52,9.620000000000001
18-10-22,51.0,0.0,77.8,27.18,9.419999999999998
19-10-22,43.0,0.0,78.2,26.659999999999997,8.16
20-10-22,52.0,0.0,79.4,26.48,8.86
21-10-22,29.0,0.0,77.4,26.759999999999998,9.620000000000001
22-10-22,25.0,0.0,76.4,26.8,9.48
23-10-22,41.0,0.0,78.6,27.52,7.32
24-10-22,30.0,0.0,90.0,23.08,0.0
25-10-22,40.0,26.4,85.0,23.900000000000002,6.540000000000001
26-10-22,54.0,0.2,84.2,25.82,7.68
27-10-22,34.0,0.0,82.0,24.859999999999996,7.220000000000001
28-10-22,23.0,0.0,81.8,24.6,7.9799999999999995
29-10-22,37.0,0.0,80.2,24.740000000000002,8.540000000000001
30-10-22,36.0,0.0,79.4,24.82,8.819999999999999
31-10-22,33.0,0.0,79.4,25.06,9.28
01-11-22,59.0,0.0,77.8,25.96,8.139999999999999
02-11-22,67.0,0.0,79.0,25.04,6.42
03-11-22,54.0,0.0,77.6,24.06,8.819999999999999
04-11-22,25.0,0.0,80.6,24.259999999999998,8.66
05-11-22,22.0,0.0,81.2,24.720000000000002,8.34
06-11-22,47.0,0.0,82.6,25.160000000000004,7.0600000000000005
07-11-22,36.0,0.0,82.2,24.26,7.06
08-11-22,33.0,0.0,80.6,23.88,8.179999999999998
09-11-22,31.0,0.0,79.0,24.48,8.459999999999999
10-11-22,29.0,0.0,80.2,24.119999999999997,8.26
11-11-22,13.0,0.0,78.0,23.9,7.9
12-11-22,41.0,0.0,79.4,22.759999999999998,5.619999999999999
13-11-22,35.0,0.0,73.6,21.2,7.980000000000001
14-11-22,19.0,0.0,75.6,22.259999999999998,8.719999999999999
15-11-22,23.0,0.0,76.0,22.22,8.64
16-11-22,22.0,0.0,75.4,21.540000000000003,8.42
17-11-22,23.0,0.0,77.8,21.519999999999996,7.279999999999999
18-11-22,9.0,0.0,77.6,21.939999999999998,7.359999999999999
19-11-22,20.0,0.0,74.4,21.66,8.279999999999998
20-11-22,18.0,0.0,73.8,21.68,9.16
21-11-22,10.0,0.0,75.0,20.919999999999998,8.74
22-11-22,17.0,0.0,75.0,20.740000000000002,7.840000000000001
23-11-22,15.0,0.0,73.4,20.979999999999997,7.859999999999999
24-11-22,19.0,0.0,73.6,21.22,8.12
25-11-22,15.0,0.0,72.8,21.72,8.76
26-11-22,14.0,0.0,76.6,21.32,8.620000000000001
27-11-22,13.0,0.0,75.8,21.1,8.459999999999999
28-11-22,12.0,0.0,76.8,21.119999999999997,8.18
29-11-22,5.0,0.0,79.4,20.62,8.5
30-11-22,9.0,0.0,77.4,21.579999999999995,8.56
01-12-22,9.0,0.0,71.4,21.559999999999995,8.7
02-12-22,4.0,0.0,69.2,20.8,8.6
03-12-22,10.0,0.0,70.4,20.639999999999997,8.120000000000001
04-12-22,9.0,0.0,72.4,20.6,8.260000000000002
05-12-22,8.0,0.0,73.8,21.06,8.6
06-12-22,7.0,0.0,72.4,20.82,7.9399999999999995
07-12-22,5.0,0.0,74.4,20.119999999999997,6.56
08-12-22,10.0,0.0,74.0,20.46,6.26
09-12-22,4.0,0.0,76.8,20.04,7.960000000000001
10-12-22,2.0,0.0,75.2,20.660000000000004,6.539999999999999
11-12-22,4.0,0.0,77.6,19.92,6.840000000000001
12-12-22,2.0,0.0,80.0,19.419999999999998,5.86
13-12-22,3.0,0.0,82.2,19.48,4.02
14-12-22,3.0,0.0,85.2,18.96,2.5200000000000005
15-12-22,7.0,0.0,82.6,17.7,3.3600000000000003
16-12-22,1.0,0.0,77.4,17.139999999999997,6.5
17-12-22,1.0,0.0,80.4,18.1,4.1
18-12-22,5.0,0.0,81.0,19.3,6.640000000000001
19-12-22,5.0,0.0,80.6,19.72,6.840000000000001
20-12-22,1.0,0.0,81.2,19.56,5.52
21-12-22,0.0,0.0,80.8,19.259999999999998,4.3
22-12-22,1.0,0.0,81.2,18.279999999999998,4.42
23-12-22,3.0,0.0,78.8,16.8,6.5200000000000005
24-12-22,1.0,0.0,82.8,17.080000000000002,6.180000000000001
25-12-22,0.0,0.0,79.6,19.02,1.1199999999999999
26-12-22,0.0,0.0,87.0,19.720000000000002,0.6
27-12-22,0.0,1.0,83.4,18.54,2.64
28-12-22,0.0,0.0,79.0,16.62,5.82
29-12-22,3.0,0.0,86.2,15.540000000000001,3.6799999999999997
30-12-22,2.0,0.0,88.8,15.88,2.88
31-12-22,1.0,0.0,91.4,15.820000000000002,1.46
01-01-23,1.0,0.0,91.4,15.66,2.8199999999999994
02-01-23,1.0,0.0,84.0,17.06,5.819999999999999
03-01-23,0.0,0.0,93.2,14.0,0.13999999999999999
04-01-23,0.0,0.0,91.8,13.540000000000001,0.74
05-01-23,0.0,0.0,89.4,13.4,2.1199999999999997
06-01-23,0.0,0.0,85.4,13.4,4.42
07-01-23,0.0,0.0,86.6,13.34,3.5
08-01-23,0.0,0.0,83.0,14.440000000000001,6.319999999999999
09-01-23,0.0,0.0,77.4,16.52,7.9799999999999995
10-01-23,0.0,0.0,72.2,16.220000000000002,8.3
11-01-23,0.0,0.0,83.0,12.74,5.44
12-01-23,0.0,0.0,83.0,14.26,6.639999999999999
13-01-23,0.0,0.0,79.6,16.8,6.12
14-01-23,1.0,0.0,81.8,18.22,2.96
15-01-23,1.0,0.0,78.8,18.0,4.459999999999999
16-01-23,0.0,0.0,81.2,14.959999999999999,0.54
17-01-23,0.0,0.0,79.0,14.319999999999999,5.1
18-01-23,1.0,0.0,80.0,13.959999999999999,5.72
19-01-23,0.0,0.0,77.2,14.579999999999998,6.04
20-01-23,0.0,0.0,80.2,15.280000000000001,5.68
21-01-23,0.0,0.0,78.6,16.060000000000002,5.739999999999999
22-01-23,0.0,0.0,78.2,17.839999999999996,4.88
23-01-23,0.0,0.0,81.0,18.64,2.82
24-01-23,0.0,0.0,82.2,18.98,5.0
25-01-23,1.0,0.0,82.0,19.3,3.3600000000000003
26-01-23,1.0,0.0,80.6,20.08,3.54
27-01-23,0.0,0.0,80.4,20.36,7.44
28-01-23,0.0,0.0,85.4,18.6,5.0
29-01-23,0.0,0.0,83.4,18.96,6.44
30-01-23,1.0,0.0,80.8,20.439999999999998,7.12
31-01-23,0.0,0.0,74.8,21.82,2.76
01-02-23,0.0,0.0,69.8,19.68,7.219999999999999
02-02-23,0.0,0.0,78.0,16.96,8.02
03-02-23,0.0,0.0,76.4,18.34,8.16
04-02-23,0.0,0.0,77.0,18.34,7.719999999999999
05-02-23,0.0,0.0,83.8,16.900000000000002,5.0600000000000005
06-02-23,0.0,0.0,78.2,18.7,6.719999999999999
07-02-23,0.0,0.0,72.0,19.8,8.08
08-02-23,0.0,0.0,77.6,21.22,6.5
09-02-23,0.0,0.0,79.4,19.96,4.2
10-02-23,0.0,0.0,82.0,18.939999999999998,5.76
11-02-23,0.0,0.0,75.6,20.839999999999996,7.480000000000001
12-02-23,0.0,0.0,63.6,22.0,7.0200000000000005
13-02-23,0.0,0.0,54.2,18.42,9.419999999999998
14-02-23,0.0,0.0,66.0,17.880000000000003,9.120000000000001
15-02-23,0.0,0.0,70.4,18.7,8.139999999999999
16-02-23,0.0,0.0,74.4,20.0,6.760000000000001
17-02-23,0.0,0.0,72.8,20.919999999999998,6.7
18-02-23,0.0,0.0,75.2,21.96,5.16
19-02-23,0.0,0.0,80.6,22.86,4.4
20-02-23,0.0,0.0,80.2,23.639999999999997,2.06
21-02-23,0.0,0.0,84.2,23.560000000000002,0.86
22-02-23,0.0,0.0,79.0,25.12,4.720000000000001
23-02-23,0.0,0.0,69.0,24.359999999999996,8.16
24-02-23,0.0,0.0,71.4,23.48,8.52
25-02-23,0.0,0.0,70.2,22.860000000000003,7.9399999999999995
26-02-23,0.0,0.0,72.6,22.82,7.840000000000001
27-02-23,0.0,0.0,70.0,22.959999999999997,8.68
28-02-23,0.0,0.0,70.8,23.3,8.040000000000001
01-03-23,0.0,0.0,68.8,24.1,7.480000000000001
02-03-23,0.0,0.0,68.8,24.540000000000003,8.059999999999999
03-03-23,0.0,0.0,71.2,24.660000000000004,7.539999999999999
04-03-23,0.0,0.0,69.6,25.04,8.459999999999999
05-03-23,0.0,0.0,70.2,24.96,7.38
06-03-23,0.0,0.0,65.6,24.580000000000002,9.08
07-03-23,0.0,0.0,60.2,24.68,9.080000000000002
08-03-23,0.0,0.0,60.6,24.419999999999998,8.36
09-03-23,0.0,0.0,67.6,24.18,8.84
10-03-23,0.0,0.0,67.4,25.080000000000002,6.22
11-03-23,0.0,0.0,72.8,24.3,4.8
12-03-23,0.0,1.0,67.2,25.16,8.719999999999999
13-03-23,0.0,0.0,67.6,25.860000000000003,8.940000000000001
14-03-23,0.0,0.0,69.8,26.360000000000003,3.8
15-03-23,0.0,0.0,72.4,26.02,6.0600000000000005
16-03-23,0.0,0.0,81.4,24.92,0.06
17-03-23,0.0,3.0,86.0,23.059999999999995,0.0
18-03-23,0.0,0.8,74.4,25.36,4.92
19-03-23,0.0,10.8,88.6,21.74,0.18
20-03-23,0.0,25.8,86.0,21.759999999999998,1.2600000000000002
21-03-23,0.0,10.0,82.8,23.160000000000004,2.6399999999999997
22-03-23,0.0,0.0,75.2,24.54,7.5
23-03-23,0.0,0.0,71.2,25.139999999999997,8.940000000000001
24-03-23,0.0,0.0,72.2,25.860000000000003,8.24
25-03-23,0.0,0.0,74.8,26.360000000000003,7.8199999999999985
26-03-23,0.0,0.0,71.0,27.359999999999996,7.779999999999999
27-03-23,0.0,2.8,69.0,27.18,8.48
28-03-23,0.0,0.0,63.8,27.3,8.879999999999999
29-03-23,0.0,0.0,70.2,26.46,7.92
30-03-23,0.0,0.0,80.4,25.619999999999997,3.94
31-03-23,0.0,14.0,87.6,23.12,0.8400000000000001
01-04-23,0.0,8.2,81.2,24.0,3.7399999999999998
02-04-23,0.0,0.0,78.4,24.299999999999997,7.760000000000001
03-04-23,0.0,1.4,66.6,26.26,9.16
04-04-23,0.0,0.0,67.4,27.959999999999997,8.78
05-04-23,0.0,0.0,67.6,27.720000000000006,9.36
06-04-23,0.0,0.0,58.8,26.98,9.3
07-04-23,0.0,0.0,61.4,27.24,9.64
08-04-23,0.0,0.0,57.6,27.840000000000003,9.400000000000002
09-04-23,0.0,0.0,59.8,28.060000000000002,9.36
10-04-23,0.0,0.0,58.0,28.54,9.280000000000001
11-04-23,0.0,0.0,57.4,28.2,9.66
12-04-23,0.0,0.0,57.6,28.52,10.0
13-04-23,0.0,0.0,56.0,29.2,10.059999999999999
14-04-23,0.0,0.0,58.8,30.32,8.82
15-04-23,0.0,0.0,66.6,30.140000000000004,4.74
16-04-23,0.0,0.0,61.6,30.360000000000003,7.459999999999999
17-04-23,0.0,0.0,60.4,32.059999999999995,9.440000000000001
18-04-23,0.0,0.0,73.4,32.0,8.14
19-04-23,0.0,0.0,65.2,32.64,9.42
20-04-23,0.0,0.0,67.8,32.52,8.879999999999999
21-04-23,0.0,0.0,67.6,30.119999999999997,3.1199999999999997
22-04-23,0.0,0.0,65.8,28.360000000000003,9.180000000000001
23-04-23,0.0,0.0,71.4,25.880000000000003,2.1999999999999997
24-04-23,0.0,0.0,72.8,25.800000000000004,8.16
25-04-23,0.0,8.0,69.4,27.32,10.0
26-04-23,0.0,0.0,69.8,27.8,7.959999999999999
27-04-23,0.0,3.4,76.2,26.4,5.4399999999999995
28-04-23,0.0,3.4,72.6,27.559999999999995,6.24
29-04-23,0.0,0.0,75.6,27.139999999999997,5.16
30-04-23,0.0,7.0,80.6,25.859999999999996,5.859999999999999
01-05-23,0.0,19.8,81.2,25.360000000000003,1.3000000000000003
02-05-23,0.0,0.2,71.8,27.619999999999997,8.38
03-05-23,0.0,0.0,72.4,28.340000000000003,6.38
04-05-23,0.0,0.2,79.4,26.840000000000003,4.5200000000000005
05-05-23,0.0,12.2,78.4,27.74,7.44
06-05-23,0.0,0.0,64.8,29.7,10.620000000000001
07-05-23,0.0,0.0,63.8,30.2,10.36
08-05-23,0.0,0.0,58.8,30.52,10.42
09-05-23,0.0,0.0,54.6,31.22,9.440000000000001
10-05-23,0.0,0.0,58.2,31.02,10.48
11-05-23,0.0,0.0,71.4,29.24,6.4399999999999995
12-05-23,0.0,10.6,72.8,28.9,5.5600000000000005
13-05-23,0.0,0.0,68.2,30.340000000000003,7.8
14-05-23,0.0,0.0,61.0,28.860000000000003,9.98
15-05-23,0.0,0.0,64.0,28.639999999999997,9.0
16-05-23,0.0,0.0,69.6,27.880000000000003,9.2
17-05-23,0.0,7.8,73.2,27.1,4.34
18-05-23,0.0,26.6,76.6,26.82,5.98
19-05-23,0.0,4.8,80.6,27.840000000000003,2.0199999999999996
20-05-23,0.0,0.6,70.8,29.959999999999997,7.9
21-05-23,0.0,0.0,79.8,28.620000000000005,5.339999999999999
22-05-23,0.0,25.6,76.6,28.7,7.4
23-05-23,0.0,0.0,86.0,26.0,3.3199999999999994
24-05-23,0.0,25.0,75.6,27.380000000000003,7.9799999999999995
25-05-23,0.0,0.0,79.4,27.78,8.24
26-05-23,0.0,14.6,73.2,28.159999999999997,9.639999999999999
27-05-23,0.0,0.0,82.0,26.580000000000002,5.000000000000001
28-05-23,0.0,5.8,75.6,28.9,9.420000000000002
29-05-23,0.0,0.0,71.6,30.54,10.3
30-05-23,0.0,0.0,69.6,31.659999999999997,9.559999999999999
31-05-23,0.0,0.0,66.8,32.4,9.26
01-06-23,0.0,0.0,62.4,32.58,9.26
02-06-23,0.0,0.0,60.2,32.760000000000005,10.680000000000001
03-06-23,0.0,0.0,68.6,32.980000000000004,8.84
04-06-23,0.0,0.0,71.4,32.24,7.38
05-06-23,1.0,0.0,64.8,32.12,8.7
06-06-23,0.0,0.0,64.8,33.06,10.34
07-06-23,0.0,0.0,63.8,32.739999999999995,7.6
08-06-23,0.0,0.0,76.6,31.78,0.5599999999999999
09-06-23,0.0,0.0,82.8,28.32,0.33999999999999997
10-06-23,0.0,0.2,74.0,30.0,2.8600000000000003
11-06-23,2.0,0.0,77.6,30.52,3.34
12-06-23,1.0,8.2,81.4,29.120000000000005,3.96
13-06-23,1.0,8.4,77.6,30.439999999999998,3.9800000000000004
14-06-23,1.0,1.2,72.2,31.8,7.74
15-06-23,1.0,0.8,73.6,32.760000000000005,3.18
16-06-23,1.0,0.2,71.6,32.78,5.9399999999999995
17-06-23,0.0,1.4,78.8,30.1,5.4
18-06-23,0.0,9.4,84.8,28.860000000000003,3.1599999999999997
19-06-23,0.0,7.4,79.0,29.119999999999997,4.38
20-06-23,1.0,0.2,82.0,29.96,1.44
21-06-23,0.0,0.8,89.4,27.9,0.0
22-06-23,0.0,24.6,87.2,28.919999999999998,1.0
23-06-23,1.0,7.2,79.6,30.160000000000004,7.2
24-06-23,0.0,0.0,80.0,30.0,5.14
25-06-23,6.0,1.0,78.2,29.82,7.92
26-06-23,7.0,2.0,84.2,28.639999999999997,5.54
27-06-23,0.0,6.2,87.0,28.26,0.68
28-06-23,1.0,18.4,90.4,27.439999999999998,0.6
29-06-23,2.0,12.8,92.6,27.560000000000002,0.0
30-06-23,0.0,20.0,93.2,27.119999999999997,0.9800000000000001
01-07-23,0.0,42.8,92.4,27.46,0.9800000000000001
02-07-23,4.0,32.2,91.4,28.439999999999998,0.38
03-07-23,1.0,33.2,93.4,27.660000000000004,1.08
04-07-23,6.0,31.0,83.6,30.380000000000003,5.159999999999999
05-07-23,6.0,0.2,81.6,30.380000000000003,5.540000000000001
06-07-23,6.0,0.6,86.2,29.24,4.74
07-07-23,4.0,9.0,83.8,29.859999999999996,5.5200000000000005
08-07-23,3.0,3.8,86.6,29.419999999999998,3.06
09-07-23,9.0,8.8,80.6,30.76,7.08
10-07-23,3.0,2.6,84.2,30.500000000000007,4.16
11-07-23,11.0,10.2,83.6,30.28,3.04
12-07-23,14.0,0.8,83.4,29.939999999999998,3.18
13-07-23,23.0,5.4,81.8,30.4,4.699999999999999
14-07-23,15.0,0.6,83.2,30.04,3.2600000000000002
15-07-23,18.0,5.0,82.4,29.559999999999995,5.56
16-07-23,29.0,1.0,84.4,28.939999999999998,2.9799999999999995
17-07-23,33.0,2.8,82.4,29.659999999999997,2.56
18-07-23,29.0,0.4,77.0,31.26,10.260000000000002
19-07-23,43.0,0.0,76.0,31.3,10.459999999999999
20-07-23,40.0,0.0,75.4,31.6,9.78
21-07-23,21.0,0.0,81.6,30.080000000000002,6.0
22-07-23,28.0,6.2,80.0,30.340000000000003,5.86
23-07-23,68.0,0.2,75.8,31.300000000000004,9.94
24-07-23,64.0,0.0,74.6,31.540000000000003,9.8
25-07-23,77.0,0.0,74.4,31.379999999999995,7.859999999999999
26-07-23,84.0,0.0,79.0,30.259999999999998,7.999999999999998
27-07-23,105.0,1.2,81.2,30.200000000000006,7.42
28-07-23,36.0,1.2,79.2,30.6,5.32
29-07-23,46.0,0.6,82.0,30.54,5.66
30-07-23,97.0,9.6,77.8,31.7,8.1
31-07-23,100.0,0.0,80.6,31.540000000000003,5.720000000000001
01-08-23,107.0,0.8,71.8,31.880000000000003,8.559999999999999
02-08-23,100.0,2.0,82.2,29.3,2.8400000000000003
03-08-23,97.0,4.6,86.6,29.179999999999996,2.5799999999999996
04-08-23,55.0,9.0,83.8,29.54,3.16
05-08-23,84.0,9.6,84.4,29.28,1.7
06-08-23,110.0,1.6,90.0,28.4,0.1
07-08-23,124.0,12.6,94.2,27.68,0.0
08-08-23,130.0,108.2,92.0,27.379999999999995,0.02
09-08-23,117.0,29.4,84.8,29.080000000000002,4.720000000000001
10-08-23,139.0,3.8,83.2,29.419999999999998,2.5
11-08-23,54.0,0.2,83.6,29.82,3.12
12-08-23,130.0,14.4,90.2,28.439999999999998,1.26
13-08-23,110.0,24.0,92.6,27.379999999999995,0.0
14-08-23,112.0,9.4,84.0,29.46,5.279999999999999
15-08-23,103.0,15.6,84.2,30.02,3.1
16-08-23,108.0,3.0,86.4,29.8,2.96
17-08-23,114.0,5.2,81.2,30.919999999999998,7.18
18-08-23,69.0,14.6,76.4,30.7,8.88
19-08-23,63.0,0.0,78.6,30.339999999999996,8.059999999999999
20-08-23,105.0,0.0,77.4,30.920000000000005,7.8
21-08-23,120.0,0.0,78.4,30.7,6.44
22-08-23,98.0,0.0,83.2,29.880000000000003,1.7
23-08-23,95.0,41.6,88.6,28.54,1.4
24-08-23,87.0,2.6,89.0,28.68,0.66
25-08-23,62.0,38.6,94.0,27.24,0.0
26-08-23,97.0,17.2,92.2,27.660000000000004,0.0
27-08-23,98.0,2.6,84.4,29.68,3.4799999999999995
28-08-23,90.0,3.6,79.2,30.639999999999997,7.0200000000000005
29-08-23,108.0,0.0,80.0,30.880000000000003,6.7
30-08-23,106.0,0.0,78.0,31.339999999999996,6.44
31-08-23,115.0,0.6,78.8,31.859999999999996,5.8
01-09-23,68.0,0.0,78.2,31.859999999999996,5.9399999999999995
02-09-23,90.0,0.2,79.8,31.48,6.08
03-09-23,124.0,0.8,81.0,30.52,5.74
04-09-23,110.0,15.2,82.2,30.3,3.2399999999999998
05-09-23,132.0,0.4,74.8,31.96,9.28
06-09-23,96.0,4.8,78.2,30.9,7.44
07-09-23,133.0,5.0,85.6,29.080000000000002,4.38
08-09-23,106.0,20.4,90.0,28.28,1.2600000000000002
09-09-23,115.0,27.8,81.8,30.080000000000002,7.5200000000000005
10-09-23,207.0,0.2,79.4,31.18,9.24
11-09-23,146.0,0.0,79.8,30.74,7.0600000000000005
12-09-23,158.0,2.2,86.4,29.580000000000002,2.9
13-09-23,156.0,1.8,83.6,29.76,4.779999999999999
14-09-23,170.0,3.4,78.2,29.979999999999997,8.76
15-09-23,46.0,0.2,82.0,29.740000000000002,6.14
16-09-23,146.0,0.6,81.2,30.560000000000002,8.620000000000001
17-09-23,195.0,0.0,79.8,31.300000000000004,8.739999999999998
18-09-23,180.0,0.0,83.2,29.96,3.2
19-09-23,191.0,13.6,88.4,28.0,2.06
20-09-23,192.0,11.4,88.0,27.96,1.3199999999999998
21-09-23,223.0,17.8,91.0,27.619999999999997,1.1400000000000001
22-09-23,110.0,18.2,91.6,27.560000000000002,2.04
23-09-23,187.0,16.0,89.8,27.920000000000005,2.82
24-09-23,190.0,16.0,92.6,27.2,0.76
25-09-23,172.0,31.2,91.4,27.839999999999996,1.5
26-09-23,189.0,6.4,84.6,29.640000000000004,6.18
27-09-23,162.0,0.6,85.2,30.02,5.88
28-09-23,165.0,5.6,82.0,31.02,9.059999999999999
29-09-23,78.0,0.0,82.0,30.880000000000003,4.46
30-09-23,156.0,3.4,88.6,28.079999999999995,1.54
01-10-23,206.0,24.0,83.0,29.04,8.1
02-10-23,225.0,1.0,87.2,28.6,4.720000000000001
03-10-23,229.0,5.6,89.2,27.720000000000006,2.6399999999999997
04-10-23,199.0,17.2,93.6,26.959999999999997,0.0
05-10-23,210.0,57.6,96.0,26.060000000000002,0.0
06-10-23,103.0,82.0,92.2,26.640000000000004,0.5
07-10-23,171.0,2.6,90.2,27.720000000000006,2.6399999999999997
08-10-23,203.0,7.2,84.6,29.02,8.08
09-10-23,225.0,0.0,85.6,29.3,5.9799999999999995
10-10-23,175.0,0.4,86.6,28.660000000000004,3.7600000000000002
11-10-23,206.0,0.2,85.2,29.060000000000002,6.840000000000001
12-10-23,217.0,0.0,82.0,28.919999999999998,7.58
13-10-23,102.0,0.2,79.0,28.22,8.78
14-10-23,197.0,0.0,78.2,28.28,8.64
15-10-23,223.0,0.0,79.4,27.759999999999998,7.56
16-10-23,197.0,0.0,82.4,27.48,6.92
17-10-23,226.0,1.0,82.8,27.24,7.859999999999999
18-10-23,219.0,0.0,82.4,27.059999999999995,7.840000000000001
19-10-23,219.0,0.0,80.2,26.24,9.099999999999998
20-10-23,64.0,0.0,77.8,26.2,9.28
21-10-23,226.0,0.0,80.0,26.28,8.9
22-10-23,174.0,0.0,80.6,26.419999999999998,7.859999999999999
23-10-23,194.0,0.0,82.2,26.459999999999997,4.32
24-10-23,126.0,0.6,86.8,25.98,2.04
25-10-23,191.0,3.4,80.8,26.48,9.4
26-10-23,215.0,0.0,80.0,26.28,8.54
27-10-23,155.0,0.0,80.0,25.639999999999997,8.4
28-10-23,201.0,0.0,78.0,25.3,6.68
29-10-23,196.0,0.0,76.6,24.660000000000004,8.32
30-10-23,167.0,0.0,80.6,25.5,8.22
31-10-23,165.0,0.0,79.4,25.879999999999995,8.58
01-11-23,188.0,0.0,77.6,26.26,9.1
02-11-23,175.0,0.0,79.0,26.04,8.679999999999998
03-11-23,126.0,0.0,79.8,25.8,7.58
04-11-23,169.0,0.0,79.6,25.76,5.92
05-11-23,193.0,0.0,80.4,25.060000000000002,4.22
06-11-23,152.0,0.0,80.6,24.2,6.8199999999999985
07-11-23,246.0,0.0,82.0,23.84,6.18
08-11-23,184.0,0.0,79.8,23.36,7.1
09-11-23,210.0,0.0,81.8,23.5,5.0200000000000005
10-11-23,135.0,0.0,78.2,23.24,7.56
11-11-23,194.0,0.0,78.0,23.580000000000002,7.919999999999999
12-11-23,217.0,0.0,77.4,23.74,8.4
13-11-23,186.0,0.0,77.8,23.96,8.84
14-11-23,173.0,0.0,76.8,24.12,8.98
15-11-23,195.0,0.0,77.6,24.04,7.139999999999999
16-11-23,128.0,0.0,86.4,23.66,0.12000000000000002
17-11-23,94.0,1.0,81.6,24.2,3.04
18-11-23,95.0,0.0,85.0,22.86,4.359999999999999
19-11-23,146.0,0.0,80.8,23.519999999999996,8.44
20-11-23,145.0,0.0,79.0,23.9,8.5
21-11-23,131.0,0.0,76.0,23.14,7.4
22-11-23,143.0,0.0,79.8,21.22,4.08
23-11-23,92.0,0.0,79.0,21.839999999999996,6.4399999999999995
24-11-23,32.0,0.0,77.8,22.459999999999997,7.5200000000000005
25-11-23,93.0,0.0,76.0,22.479999999999997,7.9
26-11-23,95.0,0.0,74.8,22.2,8.94
27-11-23,80.0,0.0,73.2,23.54,8.42
28-11-23,85.0,0.0,76.0,23.459999999999997,7.0200000000000005
29-11-23,77.0,0.0,80.4,22.82,3.8199999999999994
30-11-23,91.0,0.0,75.2,22.74,8.120000000000001
01-12-23,41.0,0.0,72.0,22.76,8.940000000000001
02-12-23,48.0,0.0,77.0,22.660000000000004,5.94
03-12-23,88.0,0.0,77.4,22.36,5.9
04-12-23,46.0,0.0,76.0,23.08,4.68
05-12-23,72.0,0.0,79.6,23.12,0.0
06-12-23,50.0,0.2,83.8,22.46,0.02
07-12-23,55.0,4.6,95.2,19.82,0.1
08-12-23,21.0,26.6,88.4,20.68,2.8800000000000003
09-12-23,23.0,0.2,91.0,19.240000000000002,3.2600000000000002
10-12-23,43.0,0.0,84.4,18.659999999999997,3.5
11-12-23,25.0,0.0,85.8,18.08,3.9599999999999995
12-12-23,16.0,0.0,81.8,18.96,5.24
13-12-23,31.0,0.0,78.2,18.1,6.9799999999999995
14-12-23,30.0,0.0,80.6,17.1,5.72
15-12-23,12.0,0.0,80.8,17.759999999999998,5.0200000000000005
16-12-23,21.0,0.0,78.2,17.98,7.019999999999999
17-12-23,14.0,0.0,81.2,18.380000000000003,6.739999999999999
18-12-23,10.0,0.0,77.6,18.34,6.3
19-12-23,11.0,0.0,76.0,18.34,6.26
20-12-23,14.0,0.0,75.8,18.9,7.7
21-12-23,19.0,0.0,77.8,18.98,7.659999999999999
22-12-23,5.0,0.0,81.0,19.9,7.32
23-12-23,0.0,0.0,88.4,18.68,0.08
24-12-23,17.0,0.0,86.2,18.580000000000002,3.96
25-12-23,2.0,0.0,83.4,19.4,5.98
26-12-23,9.0,0.0,82.6,19.919999999999998,5.2
27-12-23,12.0,0.0,82.8,20.0,5.220000000000001
28-12-23,8.0,0.0,81.0,20.32,6.18
29-12-23,2.0,0.0,78.2,20.54,7.82
30-12-23,0.0,0.0,83.0,19.3,6.06
31-12-23,12.0,0.0,89.4,16.64,3.28
01-01-24,4.0,0.0,88.0,15.819999999999999,4.36
02-01-24,2.0,0.0,89.0,14.88,4.220000000000001
03-01-24,2.0,0.0,87.4,16.06,4.819999999999999
04-01-24,5.0,0.0,79.8,17.080000000000002,7.3
05-01-24,2.0,0.0,78.6,17.46,7.040000000000001
06-01-24,0.0,0.0,77.8,18.060000000000002,4.779999999999999
07-01-24,0.0,0.0,83.6,18.2,4.9399999999999995
08-01-24,0.0,0.0,88.0,17.08,1.38
09-01-24,2.0,0.0,87.8,16.06,4.46
10-01-24,2.0,0.0,88.4,16.240000000000002,3.56
11-01-24,2.0,0.0,88.2,14.679999999999998,3.54
12-01-24,0.0,0.0,90.8,12.76,1.6800000000000002
13-01-24,0.0,0.0,90.8,12.8,1.94
14-01-24,2.0,0.0,92.2,13.34,1.06
15-01-24,1.0,0.0,92.4,13.3,1.2
16-01-24,0.0,0.0,89.2,14.040000000000001,1.7399999999999998
17-01-24,0.0,0.0,89.8,13.74,3.5199999999999996
18-01-24,0.0,0.0,87.6,16.28,1.9600000000000002
19-01-24,0.0,0.0,87.4,15.860000000000003,2.96
20-01-24,0.0,0.0,89.8,14.34,3.34
21-01-24,3.0,0.0,90.0,12.88,0.5
22-01-24,1.0,0.0,86.2,13.220000000000002,3.7599999999999993
23-01-24,0.0,0.0,83.0,14.720000000000002,6.62
24-01-24,0.0,0.0,85.6,15.479999999999999,3.4199999999999995
25-01-24,0.0,0.0,84.2,15.02,1.4000000000000001
26-01-24,1.0,0.0,83.8,13.26,4.92
27-01-24,0.0,0.0,78.4,14.080000000000002,6.860000000000001
28-01-24,0.0,0.0,77.2,14.4,7.24
29-01-24,0.0,0.0,74.2,16.040000000000003,6.94
30-01-24,0.0,0.0,76.6,17.940000000000005,1.8800000000000001
31-01-24,1.0,0.0,82.8,19.18,1.5399999999999998
01-02-24,0.0,0.0,83.0,19.52,1.24
02-02-24,0.0,0.0,84.0,19.419999999999998,1.7
03-02-24,0.0,0.0,72.4,17.72,8.2
04-02-24,1.0,0.0,72.2,18.119999999999997,7.58
05-02-24,0.0,0.0,75.8,19.020000000000003,4.74
06-02-24,0.0,0.0,81.6,19.44,2.34
07-02-24,0.0,0.0,73.4,17.86,7.82
08-02-24,1.0,0.0,69.6,16.759999999999998,8.540000000000001
09-02-24,0.0,0.0,72.2,16.740000000000002,8.34
10-02-24,0.0,0.0,74.8,18.24,7.42
11-02-24,0.0,0.0,74.8,18.84,7.26
12-02-24,0.0,0.0,70.2,19.26,8.24
13-02-24,0.0,0.0,70.0,20.6,4.540000000000001
14-02-24,0.0,0.0,78.6,21.4,2.2399999999999998
15-02-24,0.0,1.2,81.6,21.599999999999998,3.14
16-02-24,0.0,0.0,79.2,20.880000000000003,5.8199999999999985
17-02-24,0.0,0.0,76.0,20.54,6.94
18-02-24,0.0,0.0,70.0,20.96,7.839999999999999
19-02-24,0.0,0.0,78.8,21.72,3.78
20-02-24,0.0,0.0,86.6,22.96,1.36
21-02-24,0.0,0.0,77.8,22.759999999999998,5.28
22-02-24,0.0,0.0,81.0,21.520000000000003,3.88
23-02-24,0.0,6.4,75.0,22.0,7.6
24-02-24,0.0,0.0,65.0,21.76,6.8
25-02-24,0.0,8.2,84.6,17.82,1.2399999999999998
26-02-24,0.0,4.2,73.2,20.36,8.16
27-02-24,0.0,0.0,69.2,21.140000000000004,7.279999999999999
28-02-24,0.0,0.0,70.8,21.580000000000002,8.739999999999998
29-02-24,0.0,0.0,70.6,21.66,5.32
01-03-24,0.0,0.0,68.4,21.68,9.540000000000001
02-03-24,0.0,0.0,68.0,22.5,9.319999999999999
03-03-24,0.0,0.0,69.6,23.26,5.0600000000000005
04-03-24,1.0,0.8,78.2,23.240000000000002,5.38
05-03-24,0.0,0.2,67.2,22.619999999999997,9.5
06-03-24,0.0,0.0,62.6,20.339999999999996,9.819999999999999
07-03-24,0.0,0.0,64.6,20.72,9.700000000000001
08-03-24,0.0,0.0,65.0,21.5,9.68
09-03-24,0.0,0.0,61.8,21.64,9.820000000000002
10-03-24,0.0,0.0,63.8,21.66,9.739999999999998
11-03-24,0.0,0.0,66.0,22.620000000000005,9.620000000000001
12-03-24,0.0,0.0,66.8,24.120000000000005,8.860000000000001
13-03-24,0.0,0.0,66.4,25.159999999999997,8.64
14-03-24,1.0,0.0,71.6,26.48,8.14
15-03-24,0.0,0.0,69.0,26.259999999999998,7.76
16-03-24,2.0,0.0,65.4,26.5,7.4799999999999995
17-03-24,0.0,0.8,69.4,26.2,8.120000000000001
18-03-24,0.0,0.0,72.2,27.04,5.14
19-03-24,1.0,1.4,72.4,26.559999999999995,1.22
20-03-24,0.0,3.2,94.2,20.3,0.0
21-03-24,0.0,11.8,78.2,22.020000000000003,6.0200000000000005
22-03-24,0.0,0.0,79.4,22.22,6.94
23-03-24,0.0,0.0,72.6,24.54,8.08
24-03-24,0.0,0.0,82.4,24.7,4.36
25-03-24,0.0,0.0,86.4,25.24,2.2800000000000002
26-03-24,0.0,2.0,74.2,24.96,7.340000000000001
27-03-24,0.0,0.0,77.6,25.38,4.3
28-03-24,0.0,0.0,78.8,26.0,6.74
29-03-24,0.0,0.0,79.6,27.140000000000004,2.24
30-03-24,0.0,0.4,85.0,28.26,1.8599999999999999
31-03-24,1.0,1.8,71.2,29.02,7.899999999999999
01-04-24,0.0,0.0,63.0,28.98,9.52
02-04-24,0.0,0.0,57.4,28.74,9.58
03-04-24,0.0,0.0,57.4,28.54,9.440000000000001
04-04-24,0.0,0.0,67.4,30.2,8.24
05-04-24,0.0,0.0,75.2,30.72,6.9799999999999995
06-04-24,0.0,0.0,66.6,31.2,8.18
07-04-24,0.0,0.0,70.2,29.32,2.58
08-04-24,0.0,0.2,72.0,26.54,0.22000000000000003
09-04-24,0.0,0.0,72.4,27.3,6.279999999999999
10-04-24,0.0,0.0,73.8,27.640000000000004,1.4200000000000002
11-04-24,0.0,0.0,81.4,26.18,0.06
12-04-24,0.0,0.0,66.2,28.5,8.639999999999999
13-04-24,0.0,0.0,66.4,29.640000000000004,9.139999999999999
14-04-24,0.0,0.0,67.6,30.22,5.6
15-04-24,0.0,0.0,64.4,30.96,7.979999999999999
16-04-24,0.0,0.0,66.4,31.139999999999997,7.88
17-04-24,0.0,0.0,64.8,30.9,8.860000000000001
18-04-24,0.0,0.0,65.0,29.7,8.8
19-04-24,0.0,0.0,63.0,30.72,9.34
20-04-24,0.0,0.0,60.8,31.540000000000003,9.84
21-04-24,0.0,0.0,57.8,31.959999999999997,8.66
22-04-24,0.0,0.0,52.0,31.02,8.02
23-04-24,2.0,0.0,52.2,31.240000000000002,7.779999999999999
24-04-24,0.0,0.0,55.0,31.46,9.3
25-04-24,0.0,0.0,52.2,31.46,10.38
26-04-24,0.0,0.0,55.2,32.040000000000006,10.040000000000001
27-04-24,0.0,0.0,66.2,31.52,7.160000000000001
28-04-24,0.0,0.0,54.0,32.5,10.02
29-04-24,0.0,0.0,51.4,32.42,10.040000000000001
30-04-24,1.0,0.0,53.0,32.78,10.02
01-05-24,0.0,0.0,49.6,32.44,10.040000000000001
02-05-24,0.0,0.0,52.2,30.880000000000003,8.940000000000001
03-05-24,0.0,0.0,56.4,29.619999999999997,9.379999999999999
04-05-24,2.0,0.0,68.8,30.52,4.5
05-05-24,2.0,2.0,72.2,29.46,4.56
06-05-24,0.0,0.0,75.2,25.5,0.16
07-05-24,0.0,0.0,71.0,27.0,7.7
08-05-24,2.0,26.0,81.4,25.839999999999996,5.640000000000001
09-05-24,0.0,0.8,81.2,26.419999999999998,2.5
10-05-24,0.0,0.8,73.6,28.18,6.2
11-05-24,0.0,9.0,75.8,28.1,6.659999999999999
12-05-24,0.0,1.2,76.2,28.080000000000002,6.38
13-05-24,0.0,3.2,73.2,30.04,9.440000000000001
14-05-24,0.0,0.0,71.8,30.72,7.539999999999999
15-05-24,0.0,3.2,70.6,31.439999999999998,7.5
16-05-24,0.0,0.0,69.4,30.98,9.26
17-05-24,0.0,1.2,70.2,32.42,5.26
18-05-24,0.0,0.0,79.6,29.580000000000002,1.1800000000000002
19-05-24,0.0,0.0,74.4,30.04,4.66
20-05-24,0.0,8.8,80.0,27.78,4.779999999999999
21-05-24,1.0,7.0,75.4,29.420000000000005,4.140000000000001
22-05-24,0.0,9.4,86.2,27.9,1.56
23-05-24,1.0,27.2,75.4,31.580000000000002,7.88
24-05-24,0.0,1.2,71.6,32.3,9.66
25-05-24,0.0,0.0,70.2,32.839999999999996,10.7
26-05-24,0.0,6.4,73.0,30.72,2.06
27-05-24,0.0,7.0,93.6,25.979999999999997,0.0
28-05-24,0.0,64.4,78.0,30.28,6.640000000000001
29-05-24,0.0,0.0,83.0,31.619999999999997,1.1400000000000001
30-05-24,0.0,0.0,84.8,30.160000000000004,0.76
31-05-24,0.0,0.0,82.2,29.179999999999996,2.1399999999999997
01-06-24,0.0,1.0,77.2,31.060000000000002,4.7
02-06-24,1.0,0.0,75.8,31.6,7.539999999999999
03-06-24,0.0,14.4,75.6,31.26,7.0200000000000005
04-06-24,0.0,5.8,80.2,29.419999999999998,5.64
05-06-24,0.0,8.6,77.8,30.419999999999998,6.0
06-06-24,0.0,19.4,81.2,29.060000000000002,5.82
07-06-24,0.0,4.4,80.6,29.439999999999998,5.8
08-06-24,0.0,5.8,79.6,31.060000000000002,3.6799999999999997
09-06-24,0.0,0.2,84.0,30.5,2.6399999999999997
10-06-24,0.0,0.2,80.0,29.800000000000004,2.2
11-06-24,0.0,6.4,77.8,31.779999999999994,5.86
12-06-24,0.0,0.0,78.0,31.98,5.14
13-06-24,0.0,0.0,80.8,31.059999999999995,1.42
14-06-24,0.0,2.4,85.6,29.080000000000002,0.36
15-06-24,0.0,1.2,85.4,30.340000000000003,0.02
16-06-24,0.0,2.0,82.0,30.940000000000005,0.13999999999999999
17-06-24,0.0,0.0,81.8,31.52,0.76
18-06-24,0.0,0.0,86.8,30.2,0.0
19-06-24,0.0,0.2,85.4,28.839999999999996,0.0
20-06-24,0.0,1.2,84.6,28.02,1.8400000000000003
21-06-24,0.0,12.0,79.2,30.140000000000004,1.9
22-06-24,0.0,0.0,86.2,28.839999999999996,0.8400000000000001
23-06-24,0.0,2.2,76.2,31.479999999999997,6.4399999999999995
24-06-24,0.0,2.8,73.0,32.06,8.080000000000002
25-06-24,0.0,0.0,75.0,32.04,5.659999999999999
26-06-24,2.0,0.0,78.4,31.340000000000003,5.38
27-06-24,1.0,0.8,80.0,30.639999999999997,3.5199999999999996
28-06-24,0.0,1.6,87.0,29.4,1.3199999999999998
29-06-24,0.0,18.4,91.6,28.939999999999998,1.02
30-06-24,0.0,18.2,92.6,28.340000000000003,0.0
01-07-24,1.0,24.8,90.8,28.5,0.13999999999999999
02-07-24,0.0,29.4,92.4,27.68,0.0
03-07-24,0.0,33.8,89.4,28.339999999999996,1.1199999999999999
04-07-24,1.0,8.0,90.8,28.419999999999998,0.9
05-07-24,0.0,10.6,89.6,28.639999999999997,0.2
06-07-24,0.0,29.8,87.6,28.919999999999998,2.0
07-07-24,0.0,5.2,81.6,30.179999999999996,6.1
08-07-24,1.0,0.0,79.0,30.7,6.14
09-07-24,0.0,0.0,80.6,30.48,5.220000000000001
10-07-24,3.0,3.4,78.4,31.22,7.12
11-07-24,0.0,0.4,86.8,29.24,0.24
12-07-24,1.0,60.4,87.4,28.640000000000004,1.1400000000000001
13-07-24,1.0,1.2,80.8,30.54,5.040000000000001
14-07-24,0.0,1.6,78.2,31.24,7.82
15-07-24,2.0,1.0,77.0,31.059999999999995,6.28
16-07-24,2.0,0.0,81.8,30.32,3.2
17-07-24,0.0,0.2,76.2,31.74,10.559999999999999
18-07-24,0.0,0.0,76.2,32.22,9.059999999999999
19-07-24,0.0,1.2,76.2,31.580000000000002,6.5200000000000005
20-07-24,0.0,0.6,79.0,30.419999999999998,5.380000000000001
21-07-24,0.0,2.4,80.2,30.559999999999995,7.58
22-07-24,0.0,2.2,85.4,29.479999999999997,3.3599999999999994
23-07-24,0.0,6.6,83.6,29.839999999999996,5.619999999999999
24-07-24,0.0,11.0,85.2,29.98,4.64
25-07-24,2.0,4.0,80.2,31.080000000000002,8.46
26-07-24,0.0,0.0,73.6,32.220000000000006,9.679999999999998
27-07-24,0.0,0.4,75.6,31.619999999999997,9.440000000000001
28-07-24,2.0,0.0,74.2,31.740000000000002,9.86
29-07-24,3.0,0.0,78.0,30.880000000000003,5.680000000000001
30-07-24,0.0,0.0,84.2,30.220000000000006,2.4199999999999995
31-07-24,0.0,1.4,81.0,30.78,5.4399999999999995
01-08-24,1.0,11.6,91.0,27.82,1.8800000000000001
02-08-24,0.0,48.0,95.0,26.7,0.0
03-08-24,0.0,53.2,95.0,26.76,0.26
04-08-24,3.0,34.8,85.2,28.9,4.700000000000001
05-08-24,0.0,5.6,90.6,28.440000000000005,0.58
06-08-24,0.0,22.8,83.2,29.840000000000003,5.84
07-08-24,0.0,1.4,82.4,29.9,7.639999999999999
08-08-24,1.0,4.6,84.6,29.28,5.4399999999999995
09-08-24,0.0,5.8,88.0,28.68,2.0
10-08-24,0.0,12.6,86.0,29.479999999999997,5.720000000000001
11-08-24,0.0,12.2,88.2,29.139999999999997,0.22000000000000003
12-08-24,5.0,12.2,87.4,29.439999999999998,1.7600000000000002
13-08-24,2.0,24.8,85.6,29.8,2.4400000000000004
14-08-24,3.0,2.0,83.2,30.560000000000002,6.14
15-08-24,1.0,2.4,81.2,30.6,6.42
16-08-24,0.0,0.4,80.4,30.0,6.9399999999999995
17-08-24,0.0,0.0,80.0,29.8,7.76
18-08-24,0.0,4.4,84.8,28.72,1.1
19-08-24,9.0,3.4,84.6,28.6,6.2
20-08-24,7.0,2.2,85.8,28.459999999999997,4.86
21-08-24,3.0,4.6,88.6,28.380000000000003,0.44000000000000006
22-08-24,1.0,2.2,89.0,28.02,1.7
23-08-24,0.0,62.6,88.4,28.24,1.6199999999999999
24-08-24,0.0,17.4,83.8,29.339999999999996,5.9399999999999995
25-08-24,5.0,5.0,84.2,28.619999999999997,4.0
26-08-24,0.0,3.2,86.8,27.5,0.74
27-08-24,4.0,3.6,86.0,28.639999999999997,5.880000000000001
28-08-24,2.0,2.4,81.8,30.04,8.120000000000001
29-08-24,6.0,0.8,79.0,31.080000000000002,8.76
30-08-24,0.0,0.0,83.8,30.839999999999996,5.26
31-08-24,0.0,1.8,80.8,30.679999999999996,7.26
01-09-24,8.0,1.0,87.0,29.220000000000006,1.16
02-09-24,5.0,1.6,79.8,30.76,8.180000000000001
03-09-24,9.0,0.6,90.6,27.439999999999998,1.26
04-09-24,4.0,22.8,86.6,28.839999999999996,4.34
05-09-24,4.0,11.4,89.2,27.78,0.5199999999999999
06-09-24,0.0,11.0,79.2,30.639999999999997,9.86
07-09-24,0.0,0.0,82.4,31.2,6.32
08-09-24,10.0,0.6,81.2,31.079999999999995,7.9799999999999995
09-09-24,13.0,0.4,79.0,30.78,9.959999999999999
10-09-24,18.0,0.2,80.8,30.46,8.26
11-09-24,7.0,0.4,82.6,30.74,7.9
12-09-24,9.0,3.0,80.2,31.24,7.8
13-09-24,7.0,0.0,82.6,29.78,4.84
14-09-24,9.0,10.6,85.6,27.02,0.1
15-09-24,3.0,19.8,91.4,26.3,0.0
16-09-24,1.0,44.4,92.4,26.74,0.0
17-09-24,25.0,15.8,83.6,29.4,6.4
18-09-24,20.0,0.0,81.0,30.9,8.180000000000001
19-09-24,14.0,0.0,79.6,31.48,9.5
20-09-24,3.0,0.0,79.2,31.82,9.16
21-09-24,21.0,0.0,84.0,29.78,8.879999999999999
22-09-24,46.0,17.0,83.4,31.560000000000002,8.94
23-09-24,54.0,0.0,83.4,31.240000000000002,5.34
24-09-24,37.0,11.2,87.4,28.860000000000003,2.1399999999999997
25-09-24,27.0,13.0,94.2,26.54,1.3199999999999998
26-09-24,24.0,43.2,95.2,26.24,0.08
27-09-24,28.0,48.0,92.0,26.920000000000005,1.08
28-09-24,2.0,13.6,86.0,29.419999999999998,6.859999999999999
29-09-24,53.0,5.2,89.8,28.939999999999998,1.58
30-09-24,40.0,2.6,86.4,29.4,2.26
01-10-24,33.0,5.8,87.4,29.8,2.0
02-10-24,33.0,0.0,88.2,29.22,1.6
03-10-24,27.0,13.2,93.0,27.060000000000002,0.48
04-10-24,7.0,23.6,89.2,27.639999999999997,3.12
05-10-24,18.0,3.0,89.6,27.860000000000003,2.92
06-10-24,47.0,11.2,91.8,27.32,1.8400000000000003
07-10-24,69.0,20.6,86.2,28.54,5.680000000000001
08-10-24,47.0,1.4,87.6,27.78,4.4399999999999995
09-10-24,59.0,5.6,87.6,27.4,4.88
10-10-24,27.0,6.6,86.4,28.640000000000004,5.96
11-10-24,0.0,0.2,85.4,28.939999999999998,4.840000000000001
12-10-24,24.0,0.0,83.6,28.940000000000005,7.160000000000001
13-10-24,23.0,0.0,84.8,28.4,2.9
14-10-24,41.0,0.0,84.4,27.720000000000006,4.88
15-10-24,52.0,0.0,82.0,28.139999999999997,5.9399999999999995
16-10-24,69.0,0.0,80.2,28.359999999999996,7.92
17-10-24,40.0,5.2,90.6,26.379999999999995,0.34
18-10-24,12.0,17.2,89.0,26.560000000000002,0.33999999999999997
19-10-24,44.0,4.6,85.4,26.840000000000003,6.4799999999999995
20-10-24,42.0,0.0,85.2,26.759999999999998,7.76
21-10-24,51.0,0.0,84.8,26.72,7.260000000000001
22-10-24,30.0,0.0,81.6,27.78,9.2
23-10-24,66.0,0.0,86.4,26.98,4.4799999999999995
24-10-24,21.0,12.4,87.4,24.520000000000003,0.02
25-10-24,19.0,11.8,90.6,24.64,0.02
26-10-24,21.0,22.0,91.6,25.859999999999996,1.06
27-10-24,40.0,12.8,86.8,27.120000000000005,5.62
28-10-24,71.0,0.0,84.2,27.8,8.260000000000002
29-10-24,40.0,0.0,85.2,27.620000000000005,5.540000000000001
30-10-24,65.0,0.0,85.2,27.54,6.12
31-10-24,67.0,1.4,85.4,27.879999999999995,6.840000000000001
01-11-24,20.0,0.0,82.8,27.659999999999997,7.4
02-11-24,21.0,0.0,87.0,26.6,4.859999999999999
03-11-24,57.0,0.0,87.8,25.959999999999997,4.46
04-11-24,34.0,0.0,85.0,25.860000000000003,5.7
05-11-24,28.0,0.0,84.8,26.28,7.159999999999999
06-11-24,52.0,0.0,83.4,25.860000000000003,7.18
07-11-24,71.0,2.8,82.8,25.580000000000002,8.58
08-11-24,9.0,0.0,82.8,25.26,8.879999999999999
09-11-24,33.0,0.0,81.4,25.380000000000003,8.48
10-11-24,69.0,0.0,80.8,25.28,9.28
11-11-24,68.0,0.0,79.0,24.880000000000003,8.92
12-11-24,67.0,0.0,78.8,24.8,8.9
13-11-24,66.0,0.0,84.0,23.96,5.58
14-11-24,69.0,0.0,83.2,23.72,6.34
15-11-24,66.0,0.0,82.6,23.119999999999997,5.18
16-11-24,61.0,0.0,78.0,21.360000000000003,7.659999999999999
17-11-24,96.0,0.0,78.8,20.58,7.540000000000001
18-11-24,58.0,0.0,79.6,21.56,7.219999999999999
19-11-24,74.0,0.0,79.0,22.44,8.32
20-11-24,65.0,0.0,76.0,22.3,8.540000000000001
21-11-24,91.0,0.0,76.8,22.18,8.4
22-11-24,47.0,0.0,77.4,22.3,7.58
23-11-24,40.0,0.0,77.4,21.5,6.82
24-11-24,58.0,0.0,76.2,20.32,3.9799999999999995
25-11-24,49.0,0.0,78.6,19.7,3.1399999999999997
26-11-24,59.0,0.0,80.0,20.92,7.140000000000001
27-11-24,39.0,0.0,78.8,21.36,7.880000000000001
28-11-24,32.0,0.0,79.0,21.119999999999997,7.279999999999999
29-11-24,41.0,0.0,76.2,21.12,8.6
30-11-24,27.0,0.0,76.0,20.860000000000003,6.12
01-12-24,54.0,0.0,72.0,20.740000000000002,7.979999999999999
02-12-24,43.0,0.0,73.6,20.32,7.24
03-12-24,28.0,0.0,73.6,20.34,8.16
04-12-24,34.0,0.0,80.4,19.52,2.0
05-12-24,50.0,0.0,75.6,19.560000000000002,6.1
06-12-24,0.0,0.0,72.2,18.2,7.5
07-12-24,37.0,0.0,74.8,17.340000000000003,5.96
08-12-24,32.0,0.0,80.4,17.98,1.8399999999999999
09-12-24,33.0,0.0,93.6,16.8,0.0
10-12-24,40.0,0.2,90.0,16.740000000000002,1.7399999999999998
11-12-24,27.0,0.0,92.4,15.540000000000001,1.48
12-12-24,19.0,0.0,91.4,15.460000000000003,0.44000000000000006
13-12-24,8.0,0.0,77.8,16.82,5.779999999999999
14-12-24,11.0,0.0,74.8,17.160000000000004,4.82
15-12-24,20.0,0.0,74.6,17.96,7.08
16-12-24,2.0,0.0,78.4,17.6,7.2
17-12-24,7.0,0.0,77.8,18.02,6.860000000000001
18-12-24,4.0,0.0,79.4,18.18,6.2
19-12-24,8.0,0.0,80.2,18.6,7.019999999999999
20-12-24,8.0,0.0,78.8,18.479999999999997,4.779999999999999
21-12-24,8.0,0.0,78.6,18.799999999999997,3.9800000000000004
22-12-24,3.0,0.0,84.4,18.2,1.58
23-12-24,10.0,0.0,80.0,18.380000000000003,5.82
24-12-24,4.0,0.0,76.6,18.4,7.1
25-12-24,4.0,0.0,77.2,18.560000000000002,6.32
26-12-24,6.0,0.0,75.4,18.880000000000003,6.5
27-12-24,2.0,0.0,74.8,18.859999999999996,6.9
28-12-24,3.0,0.0,75.8,19.259999999999998,7.5
29-12-24,14.0,0.0,74.0,19.499999999999996,6.56
30-12-24,9.0,0.0,83.2,18.34,0.5
31-12-24,2.0,0.0,89.0,16.139999999999997,0.0
