Date,effected-Syllhet,Rainfall,Humidity,Temparature,Sunshine,Windspeed
01-01-22,2.0,0.0,77.5,17.65,8.649999999999999,3.0
02-01-22,0.0,0.0,79.5,17.95,9.8,2.5
03-01-22,0.0,0.0,81.5,17.3,6.45,2.0
04-01-22,0.0,0.0,83.0,17.85,6.65,2.5
05-01-22,0.0,0.0,84.5,17.6,6.45,2.35
06-01-22,0.0,0.0,80.5,17.9,7.199999999999999,2.0
07-01-22,0.0,0.0,75.0,18.4,8.35,3.25
08-01-22,0.0,0.0,73.5,19.2,9.0,3.25
09-01-22,0.0,0.0,76.5,19.299999999999997,8.85,3.0
10-01-22,0.0,0.0,78.5,19.85,7.3,2.0
11-01-22,0.0,0.0,81.0,21.05,5.1,2.6
12-01-22,0.0,1.0,82.0,20.55,2.35,2.5
13-01-22,0.0,5.0,84.0,19.1,6.35,2.5
14-01-22,0.0,1.0,84.5,18.35,0.0,2.25
15-01-22,0.0,0.5,82.5,17.75,0.9,2.35
16-01-22,0.0,0.0,88.5,16.2,4.800000000000001,2.4
17-01-22,0.0,0.0,80.0,17.950000000000003,8.55,3.5
18-01-22,0.0,0.0,74.5,18.799999999999997,5.9,3.0
19-01-22,0.0,0.0,76.5,19.25,6.5,3.25
20-01-22,0.0,0.0,86.5,17.4,1.6,2.5
21-01-22,0.0,0.0,84.0,17.1,3.25,2.25
22-01-22,0.0,0.0,79.5,18.200000000000003,4.9,2.5
23-01-22,0.0,0.0,78.0,18.9,3.55,2.0
24-01-22,0.0,0.5,79.5,19.7,5.050000000000001,3.5
25-01-22,0.0,0.0,78.5,19.4,6.95,2.5
26-01-22,0.0,0.0,80.5,19.85,4.949999999999999,4.5
27-01-22,0.0,10.0,87.5,17.55,1.8,2.5
28-01-22,0.0,0.5,67.0,15.7,8.2,3.65
29-01-22,0.0,0.0,71.0,15.35,8.399999999999999,2.0
30-01-22,0.0,0.0,78.0,16.05,6.7,2.1
31-01-22,0.0,0.0,78.0,16.049999999999997,5.4,2.75
01-02-22,0.0,0.0,81.0,17.15,2.05,2.0
02-02-22,0.0,1.5,76.5,18.45,6.5,2.4
03-02-22,0.0,0.0,79.5,18.450000000000003,2.0500000000000003,2.35
04-02-22,0.0,0.0,80.0,18.25,2.0500000000000003,3.5
05-02-22,0.0,17.5,84.5,16.85,2.3,2.75
06-02-22,0.0,0.0,77.0,16.0,7.1,2.0
07-02-22,0.0,0.0,76.5,16.200000000000003,7.95,2.25
08-02-22,0.0,0.0,77.0,16.6,7.050000000000001,2.0
09-02-22,0.0,0.0,76.0,17.15,8.95,3.5
10-02-22,0.0,0.0,84.5,16.6,0.05,2.5
11-02-22,0.0,0.0,76.5,17.85,8.8,2.0
12-02-22,0.0,0.0,69.0,17.1,8.8,3.25
13-02-22,0.0,0.0,68.5,18.05,8.8,3.25
14-02-22,0.0,0.0,68.0,19.15,9.6,2.6
15-02-22,0.0,0.0,64.0,19.3,9.55,3.75
16-02-22,0.0,0.0,67.5,18.75,9.45,2.9
17-02-22,0.0,0.0,68.0,18.85,9.3,2.0
18-02-22,0.0,0.0,71.5,18.85,9.05,4.5
19-02-22,0.0,0.0,67.0,18.35,9.55,4.25
20-02-22,0.0,0.0,65.0,19.299999999999997,7.05,2.0
21-02-22,0.0,2.5,70.5,18.45,7.5,3.6
22-02-22,0.0,1.5,64.0,19.549999999999997,8.7,3.7
23-02-22,0.0,0.0,64.0,21.1,6.95,2.8
24-02-22,0.0,0.0,72.0,21.9,4.25,1.65
25-02-22,0.0,2.5,70.5,22.9,7.699999999999999,2.0
26-02-22,0.0,0.0,72.0,22.549999999999997,8.85,4.25
27-02-22,0.0,0.0,71.0,22.25,8.3,2.6
28-02-22,0.0,0.0,68.5,22.9,7.75,3.0
01-03-22,0.0,0.0,60.5,22.1,9.2,2.65
02-03-22,0.0,0.0,63.0,21.95,9.55,2.25
03-03-22,0.0,0.0,64.0,22.200000000000003,9.649999999999999,2.0
04-03-22,0.0,0.0,63.0,21.75,9.45,2.35
05-03-22,0.0,0.0,62.0,22.5,9.3,3.25
06-03-22,0.0,0.0,63.0,23.25,9.149999999999999,2.5
07-03-22,0.0,0.0,58.5,25.15,9.05,3.0
08-03-22,0.0,0.0,65.5,25.15,9.3,2.5
09-03-22,0.0,0.0,69.5,25.1,8.5,2.15
10-03-22,0.0,0.0,66.5,25.799999999999997,8.95,2.25
11-03-22,0.0,0.0,68.5,25.0,9.149999999999999,3.0
12-03-22,0.0,0.0,68.0,25.0,9.15,3.0
13-03-22,0.0,0.0,66.5,25.7,9.05,2.5
14-03-22,0.0,0.0,66.0,26.05,8.850000000000001,3.5
15-03-22,0.0,0.0,66.5,26.200000000000003,9.45,2.75
16-03-22,0.0,0.0,65.5,26.35,9.25,4.65
17-03-22,0.0,0.0,62.0,27.15,9.2,3.0
18-03-22,0.0,0.0,67.0,26.950000000000003,8.649999999999999,2.75
19-03-22,0.0,0.0,68.5,26.7,8.95,4.25
20-03-22,0.0,0.0,67.5,26.7,8.55,4.5
21-03-22,0.0,0.0,67.5,26.35,9.05,4.0
22-03-22,0.0,0.0,66.0,27.35,8.6,3.5
23-03-22,0.0,0.0,66.5,28.25,8.6,4.25
24-03-22,0.0,0.0,77.5,26.4,4.75,4.5
25-03-22,0.0,15.0,74.0,27.1,3.3,5.1
26-03-22,0.0,0.0,74.5,27.0,5.9,8.5
27-03-22,0.0,7.0,75.5,25.9,6.2,3.85
28-03-22,0.0,2.5,83.0,23.65,1.6,4.3
29-03-22,0.0,8.5,83.0,24.45,1.0499999999999998,3.75
30-03-22,0.0,5.5,90.0,24.0,0.0,4.1
31-03-22,0.0,16.0,85.5,26.25,2.8,3.5
01-04-22,0.0,3.5,80.5,26.799999999999997,3.45,5.1
02-04-22,0.0,0.0,76.5,27.6,3.75,3.6
03-04-22,0.0,0.0,80.0,27.4,2.8,6.1
04-04-22,0.0,0.5,73.0,27.5,6.05,5.2
05-04-22,0.0,0.0,74.0,28.299999999999997,7.15,2.5
06-04-22,0.0,0.0,76.5,28.0,7.050000000000001,3.5
07-04-22,0.0,0.0,76.5,28.5,7.7,2.65
08-04-22,0.0,0.0,75.5,28.25,6.85,2.75
09-04-22,0.0,0.0,74.5,27.95,6.5,2.05
10-04-22,0.0,0.0,80.5,25.799999999999997,6.0,2.75
11-04-22,0.0,34.0,81.5,25.15,3.75,3.55
12-04-22,0.0,13.0,80.0,28.0,5.15,2.4
13-04-22,0.0,1.0,80.5,28.25,3.8499999999999996,3.25
14-04-22,0.0,3.0,84.0,26.9,1.25,3.5
15-04-22,0.0,6.5,76.5,27.549999999999997,6.0,3.6
16-04-22,0.0,0.0,78.5,26.85,3.35,3.6500000000000004
17-04-22,0.0,5.5,75.0,25.55,6.3,4.55
18-04-22,0.0,36.5,79.0,26.65,7.300000000000001,3.85
19-04-22,0.0,3.5,77.5,28.049999999999997,7.300000000000001,7.15
20-04-22,0.0,15.5,91.5,21.5,0.0,3.6
21-04-22,0.0,7.0,74.0,26.25,10.2,2.75
22-04-22,0.0,0.0,89.5,25.700000000000003,1.1500000000000001,4.5
23-04-22,0.0,0.5,78.0,27.85,8.5,3.15
24-04-22,0.0,3.5,78.5,28.4,6.45,7.1
25-04-22,0.0,20.0,79.0,28.4,7.6000000000000005,2.65
26-04-22,0.0,9.0,74.5,28.75,8.850000000000001,2.6
27-04-22,0.0,7.5,73.5,28.75,8.45,2.95
28-04-22,0.0,5.5,77.0,30.0,9.3,2.1
29-04-22,0.0,0.0,78.0,29.75,7.449999999999999,3.25
30-04-22,0.0,19.0,72.5,26.549999999999997,6.300000000000001,3.35
01-05-22,0.0,0.5,75.0,26.799999999999997,6.8,3.5
02-05-22,0.0,0.5,80.0,25.85,4.75,4.85
03-05-22,0.0,15.5,91.5,23.799999999999997,1.0,2.75
04-05-22,0.0,26.5,79.5,26.2,7.0,2.5
05-05-22,0.0,2.5,78.0,27.55,8.6,2.5
06-05-22,0.0,4.5,75.5,28.950000000000003,8.55,2.0
07-05-22,0.0,0.0,75.5,29.450000000000003,8.100000000000001,2.0
08-05-22,0.0,0.0,72.5,29.9,9.7,2.0
09-05-22,0.0,2.5,85.0,27.15,0.55,2.5
10-05-22,0.0,36.0,95.0,24.6,0.0,2.6
11-05-22,0.0,82.5,94.0,25.9,1.1,3.1
12-05-22,0.0,51.0,89.5,26.85,3.3,4.15
13-05-22,0.0,40.0,92.5,25.799999999999997,0.45,4.35
14-05-22,0.0,145.5,87.5,27.05,1.3,6.050000000000001
15-05-22,0.0,34.5,82.5,28.75,2.6,3.7
16-05-22,0.0,4.5,85.5,27.75,3.6,2.75
17-05-22,0.0,17.0,93.0,24.4,0.15,2.1
18-05-22,0.0,34.5,89.5,26.25,3.75,3.4
19-05-22,0.0,60.0,89.0,24.549999999999997,3.3,6.0
20-05-22,0.0,41.0,85.5,25.05,3.4,3.4
21-05-22,0.0,77.0,87.5,24.549999999999997,2.1500000000000004,2.5
22-05-22,0.0,9.5,80.0,27.95,9.5,2.0
23-05-22,0.0,0.0,86.0,26.85,3.3499999999999996,2.5
24-05-22,0.0,22.5,73.5,29.799999999999997,9.149999999999999,2.5
25-05-22,0.0,0.0,80.5,28.0,1.4500000000000002,1.75
26-05-22,0.0,5.5,85.5,26.6,3.0,3.0
27-05-22,0.0,3.5,81.0,27.1,5.1,2.1
28-05-22,0.0,3.5,77.5,27.9,8.05,2.5
29-05-22,0.0,1.5,85.5,27.45,4.300000000000001,2.65
30-05-22,0.0,35.5,73.0,29.5,8.1,2.25
31-05-22,0.0,0.0,84.0,28.5,5.9,2.35
01-06-22,0.0,26.0,85.0,28.4,2.6,2.5
02-06-22,0.0,0.5,91.5,27.05,1.2000000000000002,2.15
03-06-22,0.0,36.0,91.5,26.2,0.35,2.75
04-06-22,0.0,30.5,89.0,25.95,0.6,3.65
05-06-22,0.0,81.5,92.5,25.6,1.05,2.85
06-06-22,0.0,69.5,86.0,27.9,4.35,3.0
07-06-22,0.0,16.0,92.0,26.85,0.05,2.25
08-06-22,0.0,60.5,91.5,27.05,0.85,2.35
09-06-22,0.0,34.5,89.5,27.15,0.55,2.45
10-06-22,0.0,17.5,91.5,26.1,0.55,2.5
11-06-22,0.0,16.0,82.0,28.6,5.35,3.35
12-06-22,0.0,1.5,88.5,26.85,0.2,3.75
13-06-22,0.0,29.0,94.0,24.4,0.0,2.35
14-06-22,0.0,58.5,91.0,25.4,0.25,3.0
15-06-22,0.0,32.5,93.5,25.049999999999997,0.0,4.25
16-06-22,0.0,58.5,90.0,26.25,0.0,4.5
17-06-22,0.0,36.5,96.0,24.05,0.0,4.35
18-06-22,0.0,82.0,96.0,25.049999999999997,0.0,3.0
19-06-22,0.0,168.5,93.5,25.75,0.15,2.75
20-06-22,0.0,33.5,89.5,26.2,0.5,3.25
21-06-22,0.0,11.0,88.5,26.95,1.85,3.25
22-06-22,0.0,9.0,86.5,27.9,2.7,2.7
23-06-22,0.0,5.5,85.5,27.65,1.55,1.75
24-06-22,0.0,0.0,82.5,28.7,3.75,1.75
25-06-22,0.0,0.0,81.0,28.65,3.95,1.5
26-06-22,0.0,5.0,80.0,29.35,6.800000000000001,2.5
27-06-22,0.0,0.5,81.0,29.549999999999997,6.800000000000001,3.0
28-06-22,0.0,5.5,89.0,27.799999999999997,1.7999999999999998,3.75
29-06-22,0.0,58.0,90.0,27.05,0.0,2.65
30-06-22,0.0,35.5,91.5,27.1,0.7,3.1
01-07-22,0.0,7.5,86.5,28.049999999999997,3.65,2.85
02-07-22,0.0,18.0,76.5,30.0,8.55,1.85
03-07-22,0.0,3.0,86.5,28.35,3.7,2.9
04-07-22,0.0,12.0,84.0,29.450000000000003,6.050000000000001,2.5
05-07-22,0.0,1.5,84.5,29.6,5.85,3.0
06-07-22,0.0,64.0,91.0,26.95,0.55,2.3
07-07-22,0.0,18.5,80.0,30.15,7.4,2.15
08-07-22,0.0,4.5,86.0,28.95,2.15,2.1
09-07-22,0.0,3.5,80.0,30.05,8.3,2.5
10-07-22,0.0,23.5,79.0,30.25,8.649999999999999,2.75
11-07-22,0.0,18.0,80.0,29.9,8.850000000000001,4.5
12-07-22,0.0,8.0,78.5,30.35,9.55,2.4
13-07-22,0.0,2.0,75.0,30.9,11.5,3.0
14-07-22,0.0,7.5,73.5,31.65,11.7,3.5
15-07-22,0.0,1.0,74.0,31.5,7.85,3.35
16-07-22,0.0,7.5,79.5,30.549999999999997,8.0,2.75
17-07-22,0.0,81.5,83.0,29.450000000000003,6.45,2.5
18-07-22,0.0,24.0,85.0,28.8,5.050000000000001,2.35
19-07-22,0.0,39.0,86.5,28.450000000000003,3.2,3.35
20-07-22,0.0,11.0,84.0,28.799999999999997,4.550000000000001,4.35
21-07-22,0.0,1.5,78.0,30.4,8.15,2.9
22-07-22,0.0,4.5,83.5,29.95,5.0,3.5
23-07-22,0.0,9.0,82.0,29.7,8.15,2.75
24-07-22,0.0,21.5,90.0,27.1,0.1,3.0
25-07-22,0.0,12.0,88.5,27.5,1.25,2.25
26-07-22,0.0,6.0,91.5,26.65,0.55,2.5
27-07-22,0.0,25.5,83.0,28.9,6.65,3.0
28-07-22,0.0,0.5,88.5,28.049999999999997,3.45,2.5
29-07-22,0.0,56.5,82.0,29.75,7.1,3.0
30-07-22,0.0,2.0,90.5,27.55,2.0,3.0
31-07-22,0.0,23.0,91.0,26.75,0.5,2.35
01-08-22,0.0,27.5,90.5,27.3,2.1500000000000004,3.0
02-08-22,0.0,7.5,84.0,29.5,5.199999999999999,2.4
03-08-22,0.0,10.5,84.5,29.65,4.35,2.1
04-08-22,0.0,2.5,85.0,29.0,5.3,3.0
05-08-22,0.0,16.0,84.0,29.6,3.95,3.0
06-08-22,0.0,53.0,87.0,28.35,4.9,3.0
07-08-22,0.0,30.0,78.0,30.85,9.649999999999999,2.5
08-08-22,0.0,49.5,84.5,28.95,3.85,2.85
09-08-22,0.0,3.0,78.5,29.05,7.0,3.3
10-08-22,0.0,0.0,76.0,29.35,3.25,2.7
11-08-22,0.0,0.0,70.5,30.700000000000003,10.2,2.65
12-08-22,0.0,0.0,76.5,30.05,6.75,2.35
13-08-22,0.0,12.5,88.5,27.7,0.7999999999999999,2.0
14-08-22,0.0,25.0,82.5,28.85,4.65,3.0
15-08-22,0.0,4.0,82.0,28.45,5.05,2.25
16-08-22,0.0,14.0,86.5,28.6,5.65,2.5
17-08-22,0.0,18.0,82.0,30.15,8.4,2.5
18-08-22,0.0,10.0,78.0,30.4,4.4,2.65
19-08-22,0.0,0.5,78.0,29.85,8.9,2.75
20-08-22,0.0,18.0,76.0,30.4,9.3,2.65
21-08-22,0.0,0.0,79.5,29.75,5.55,2.75
22-08-22,1.0,6.0,80.0,29.5,5.25,3.65
23-08-22,0.0,21.0,82.0,29.15,8.35,3.1
24-08-22,0.0,6.5,77.0,29.4,9.15,3.25
25-08-22,0.0,0.0,79.0,29.5,8.1,2.5
26-08-22,0.0,0.0,82.5,29.85,5.45,3.6
27-08-22,0.0,16.0,90.5,27.200000000000003,0.0,2.85
28-08-22,0.0,15.5,86.0,27.75,3.45,2.0
29-08-22,0.0,27.0,83.5,29.05,7.25,3.0
30-08-22,0.0,0.0,92.0,27.45,3.1,2.35
31-08-22,0.0,42.5,84.5,28.75,5.3,2.75
01-09-22,0.0,15.0,91.0,27.75,3.9,2.0
02-09-22,0.0,10.5,91.5,27.35,4.7,2.65
03-09-22,0.0,29.0,91.0,27.35,4.1499999999999995,3.25
04-09-22,1.0,89.0,91.5,26.8,2.35,3.0
05-09-22,0.0,9.0,93.0,26.9,1.4000000000000001,2.6
06-09-22,0.0,82.5,90.5,27.85,5.05,3.0
07-09-22,1.0,5.5,83.0,29.4,4.699999999999999,2.6
08-09-22,0.0,0.0,76.5,30.9,8.2,3.0
09-09-22,0.0,0.0,75.5,30.4,7.2,3.25
10-09-22,0.0,15.0,82.5,28.5,8.25,2.75
11-09-22,1.0,44.0,82.0,28.25,3.85,2.85
12-09-22,1.0,2.0,86.0,27.5,1.75,2.85
13-09-22,0.0,19.5,92.5,26.0,0.25,2.25
14-09-22,0.0,28.0,88.5,26.9,1.45,3.5
15-09-22,0.0,9.5,87.5,27.55,1.25,3.85
16-09-22,0.0,28.5,90.0,27.05,3.55,1.95
17-09-22,0.0,13.5,86.5,28.65,4.65,2.5
18-09-22,0.0,0.0,83.5,29.2,5.55,2.5
19-09-22,2.0,15.5,82.5,29.6,8.2,2.85
20-09-22,0.0,1.5,78.0,29.7,7.0,2.15
21-09-22,0.0,0.0,82.5,28.6,6.1,2.75
22-09-22,0.0,38.0,83.0,28.9,6.449999999999999,2.15
23-09-22,2.0,27.5,86.0,28.15,8.0,2.5
24-09-22,0.0,24.5,91.5,27.049999999999997,4.5,2.15
25-09-22,0.0,14.5,87.5,27.950000000000003,4.1,3.0
26-09-22,0.0,0.0,82.5,29.3,6.1,2.5
27-09-22,0.0,0.0,83.5,28.85,4.3,2.85
28-09-22,0.0,0.5,82.0,29.05,6.550000000000001,1.75
29-09-22,0.0,0.5,81.5,30.049999999999997,7.1499999999999995,2.5
30-09-22,1.0,1.0,81.5,30.15,6.85,2.5
01-10-22,0.0,1.0,81.5,29.55,6.199999999999999,3.5
02-10-22,0.0,28.0,91.5,26.65,1.4500000000000002,4.0
03-10-22,1.0,32.5,90.5,26.9,3.55,3.0
04-10-22,1.0,13.0,80.5,29.05,5.9,3.0
05-10-22,0.0,34.5,85.0,27.950000000000003,4.699999999999999,3.25
06-10-22,0.0,0.5,80.5,28.5,8.2,1.75
07-10-22,0.0,0.0,79.5,28.8,10.2,2.5
08-10-22,4.0,8.5,85.5,27.799999999999997,7.2,2.15
09-10-22,0.0,42.5,91.0,25.95,3.0999999999999996,2.25
10-10-22,0.0,32.0,88.5,26.85,4.35,2.25
11-10-22,0.0,17.0,93.0,25.35,3.1,2.5
12-10-22,4.0,87.5,92.0,25.9,2.9,2.5
13-10-22,2.0,17.5,92.5,26.35,4.4,1.6
14-10-22,0.0,23.0,85.0,27.75,7.7,2.5
15-10-22,1.0,0.5,82.0,27.85,9.15,2.35
16-10-22,2.0,0.0,81.0,28.45,9.55,3.0
17-10-22,2.0,0.0,82.0,28.5,8.1,2.6
18-10-22,3.0,0.5,83.5,27.700000000000003,8.25,4.25
19-10-22,7.0,0.0,83.0,27.15,7.95,2.35
20-10-22,5.0,0.0,78.0,27.15,8.5,2.4
21-10-22,2.0,0.0,77.0,26.9,9.850000000000001,2.25
22-10-22,2.0,0.0,73.5,28.1,9.600000000000001,2.1
23-10-22,0.0,0.0,84.5,27.0,0.55,2.7
24-10-22,7.0,3.5,92.5,22.5,0.0,8.4
25-10-22,0.0,47.5,90.0,22.9,0.25,3.15
26-10-22,2.0,0.5,88.5,23.45,5.5,2.0
27-10-22,4.0,0.0,83.0,24.15,9.45,2.5
28-10-22,2.0,0.0,81.0,24.5,8.5,2.75
29-10-22,0.0,0.0,78.0,26.1,9.65,1.85
30-10-22,6.0,0.0,79.0,27.25,9.3,4.0
31-10-22,0.0,0.0,78.5,27.1,9.55,2.0
01-11-22,3.0,0.0,78.0,26.5,9.850000000000001,3.0
02-11-22,4.0,0.0,79.5,26.45,8.75,3.25
03-11-22,4.0,0.0,86.5,25.3,1.7999999999999998,2.25
04-11-22,0.0,0.0,83.5,25.65,6.65,2.0
05-11-22,1.0,0.0,81.5,26.35,9.1,2.5
06-11-22,1.0,0.0,80.0,26.15,7.85,1.4
07-11-22,2.0,0.0,80.0,25.85,9.1,2.35
08-11-22,8.0,0.0,75.5,25.05,9.3,1.75
09-11-22,3.0,0.0,74.5,24.05,9.3,2.0
10-11-22,6.0,0.0,73.5,23.799999999999997,9.4,1.5
11-11-22,0.0,0.0,72.5,23.55,9.350000000000001,2.85
12-11-22,0.0,0.0,73.5,23.65,8.05,1.85
13-11-22,7.0,0.0,78.0,23.049999999999997,9.15,3.0
14-11-22,0.0,0.0,79.5,23.15,9.2,2.75
15-11-22,1.0,0.0,77.0,23.05,8.2,1.7
16-11-22,3.0,0.0,77.0,23.0,9.25,2.0
17-11-22,1.0,0.0,79.0,22.35,9.25,3.0
18-11-22,1.0,0.0,76.5,22.0,7.85,2.75
19-11-22,0.0,0.0,74.5,22.4,8.5,3.0
20-11-22,0.0,0.0,72.5,23.55,8.6,3.0
21-11-22,0.0,0.0,75.5,23.049999999999997,8.350000000000001,3.25
22-11-22,0.0,0.0,80.5,21.700000000000003,8.8,2.5
23-11-22,0.0,0.0,80.0,21.9,7.550000000000001,2.75
24-11-22,1.0,0.0,80.0,21.65,8.350000000000001,2.0
25-11-22,0.0,0.0,75.0,22.15,8.5,2.25
26-11-22,0.0,0.0,71.0,22.8,7.95,3.0
27-11-22,3.0,0.0,74.0,22.85,9.25,3.0
28-11-22,0.0,0.0,74.5,24.1,7.5,2.35
29-11-22,3.0,0.0,79.0,25.4,6.0,2.0
30-11-22,0.0,0.0,78.5,25.75,4.15,1.5
01-12-22,0.0,0.0,82.0,23.65,6.2,3.0
02-12-22,0.0,0.0,84.0,22.799999999999997,7.15,2.0
03-12-22,5.0,0.0,77.0,22.5,8.8,2.35
04-12-22,0.0,0.0,75.0,22.15,8.35,2.25
05-12-22,0.0,0.0,75.0,22.4,8.8,2.0
06-12-22,0.0,0.0,77.0,21.95,8.2,1.65
07-12-22,0.0,0.0,74.0,21.15,8.6,2.0
08-12-22,0.0,0.0,72.0,21.049999999999997,9.0,2.15
09-12-22,0.0,0.0,73.5,20.65,9.0,2.6
10-12-22,0.0,0.0,75.5,21.0,7.45,1.5
11-12-22,0.0,0.0,76.0,20.55,8.75,2.75
12-12-22,0.0,0.0,79.0,20.25,7.9,1.75
13-12-22,0.0,0.0,79.0,20.35,7.5,2.0
14-12-22,0.0,0.0,81.0,20.2,6.55,1.5
15-12-22,0.0,0.0,85.0,20.0,4.95,1.3
16-12-22,1.0,0.0,84.5,19.75,5.35,1.75
17-12-22,0.0,0.0,76.5,19.6,6.9,3.0
18-12-22,0.0,0.0,72.0,21.6,8.35,1.5
19-12-22,0.0,0.0,76.0,20.9,7.55,2.25
20-12-22,0.0,0.0,81.0,19.3,6.4,1.0
21-12-22,0.0,0.0,79.0,19.35,7.8,2.8
22-12-22,0.0,0.0,79.5,19.2,8.0,2.25
23-12-22,0.0,0.0,78.0,19.3,8.2,2.5
24-12-22,0.0,0.0,78.5,19.049999999999997,6.5,1.35
25-12-22,0.0,0.0,82.0,19.4,4.7,1.7
26-12-22,0.0,0.0,85.0,18.15,1.65,2.8
27-12-22,0.0,4.0,91.0,18.85,0.4,1.85
28-12-22,0.0,0.5,88.0,17.75,4.95,2.25
29-12-22,0.0,0.0,89.0,16.7,2.8,2.25
30-12-22,0.0,0.0,88.5,15.5,3.3,1.75
31-12-22,0.0,0.0,89.5,15.6,3.1999999999999997,1.5
01-01-23,0.0,0.0,81.0,16.35,5.75,1.0
02-01-23,0.0,0.0,77.5,17.05,7.55,2.25
03-01-23,0.0,0.0,76.5,17.65,8.05,2.0
04-01-23,0.0,0.0,82.5,16.8,5.6,2.5
05-01-23,0.0,0.0,86.5,17.299999999999997,4.9,2.0
06-01-23,0.0,0.0,86.0,16.95,4.15,2.5
07-01-23,0.0,0.0,83.5,18.5,5.7,3.5
08-01-23,1.0,0.0,87.5,19.0,5.15,3.0
09-01-23,0.0,0.0,75.5,19.85,7.25,2.5
10-01-23,0.0,0.0,70.0,19.6,7.75,2.25
11-01-23,0.0,0.0,77.0,19.05,8.05,2.25
12-01-23,1.0,0.0,80.0,17.8,6.55,2.0
13-01-23,1.0,0.0,77.5,16.45,6.300000000000001,2.35
14-01-23,0.0,0.0,77.5,18.5,2.65,2.35
15-01-23,0.0,0.0,71.5,18.6,6.550000000000001,2.5
16-01-23,0.0,0.0,74.0,17.85,5.3,2.75
17-01-23,0.0,0.0,75.5,16.0,6.1,3.35
18-01-23,0.0,0.0,70.5,15.05,7.9,2.75
19-01-23,0.0,0.0,75.5,15.2,8.5,2.0
20-01-23,0.0,0.0,69.5,15.9,7.3999999999999995,1.5
21-01-23,0.0,0.0,69.5,16.85,8.05,2.5
22-01-23,0.0,0.0,72.5,17.299999999999997,8.45,2.4
23-01-23,0.0,0.0,70.0,18.1,7.4,2.35
24-01-23,0.0,0.0,73.0,18.7,6.4,1.25
25-01-23,0.0,0.0,73.5,18.9,7.75,1.85
26-01-23,0.0,0.0,73.0,19.85,7.35,2.15
27-01-23,0.0,0.0,76.5,20.6,7.15,2.15
28-01-23,0.0,0.0,80.0,20.75,5.2,1.6
29-01-23,0.0,0.0,86.5,19.549999999999997,5.5,2.75
30-01-23,0.0,0.0,75.5,20.45,6.65,2.5
31-01-23,0.0,0.0,76.0,21.3,6.4,2.75
01-02-23,0.0,0.0,82.0,20.65,0.35,1.5
02-02-23,0.0,0.0,82.0,19.3,6.45,3.0
03-02-23,0.0,0.0,79.0,19.35,6.9,2.0
04-02-23,0.0,0.0,76.0,19.5,7.2,2.5
05-02-23,0.0,0.0,78.5,18.8,5.65,1.5
06-02-23,0.0,0.0,78.5,18.5,6.05,2.0
07-02-23,0.0,0.0,73.0,19.8,5.55,1.5
08-02-23,0.0,0.0,75.5,21.45,4.3,1.5
09-02-23,0.0,0.0,72.0,21.65,6.9,2.15
10-02-23,0.0,0.0,71.5,20.8,5.95,2.0
11-02-23,0.0,0.0,71.0,20.65,7.800000000000001,2.0
12-02-23,0.0,0.0,82.5,20.85,1.65,2.0
13-02-23,0.0,0.0,52.0,19.35,9.3,2.5
14-02-23,0.0,0.0,59.0,18.45,8.5,3.75
15-02-23,0.0,0.0,63.0,19.0,8.8,2.75
16-02-23,0.0,0.0,66.0,20.1,8.15,2.0
17-02-23,0.0,0.0,71.5,20.75,8.35,2.4
18-02-23,0.0,0.0,71.0,21.9,7.9,2.1
19-02-23,0.0,0.0,68.5,22.9,7.25,2.25
20-02-23,0.0,0.0,76.5,22.75,4.449999999999999,2.75
21-02-23,0.0,0.0,81.0,23.55,1.25,1.5
22-02-23,0.0,0.0,79.0,23.85,3.0,2.0
23-02-23,0.0,2.5,76.5,24.0,5.25,2.0
24-02-23,0.0,0.0,77.0,24.0,3.85,2.5
25-02-23,0.0,1.5,65.0,23.05,8.55,1.5
26-02-23,0.0,0.0,61.0,22.05,9.649999999999999,2.25
27-02-23,0.0,0.0,59.5,22.85,8.649999999999999,3.85
28-02-23,0.0,0.0,65.0,22.8,8.9,2.75
01-03-23,0.0,0.0,62.0,22.700000000000003,8.55,2.25
02-03-23,0.0,0.0,63.0,23.299999999999997,8.399999999999999,2.9
03-03-23,0.0,0.0,62.0,24.25,7.4,2.5
04-03-23,0.0,0.0,61.5,24.5,8.649999999999999,2.5
05-03-23,0.0,0.0,68.0,24.9,7.8999999999999995,2.5
06-03-23,0.0,0.0,65.5,24.75,8.05,3.1
07-03-23,0.0,0.0,61.5,24.15,8.850000000000001,2.5
08-03-23,0.0,0.0,60.5,24.1,6.35,1.75
09-03-23,0.0,0.0,62.5,24.75,8.55,3.65
10-03-23,0.0,0.0,69.0,23.950000000000003,3.25,2.0
11-03-23,0.0,0.0,68.5,24.5,6.15,2.35
12-03-23,0.0,0.0,64.5,25.4,8.25,1.85
13-03-23,0.0,0.0,62.0,25.450000000000003,8.8,2.5
14-03-23,0.0,0.0,61.0,25.7,8.0,2.25
15-03-23,0.0,11.0,75.0,23.6,2.35,2.75
16-03-23,0.0,3.5,72.0,24.4,1.5,2.65
17-03-23,0.0,0.0,80.0,22.45,0.8500000000000001,2.0
18-03-23,0.0,11.0,68.5,24.8,6.4,2.0
19-03-23,0.0,0.0,93.5,20.15,0.0,2.15
20-03-23,0.0,27.5,87.0,21.5,2.1500000000000004,2.25
21-03-23,0.0,21.5,81.0,22.25,4.05,2.9
22-03-23,0.0,7.0,78.5,22.35,6.4,2.15
23-03-23,0.0,6.5,83.5,21.950000000000003,3.9000000000000004,2.85
24-03-23,0.0,8.5,75.5,24.25,9.25,2.6
25-03-23,0.0,0.0,78.0,24.25,5.7,2.5
26-03-23,0.0,4.5,72.5,25.549999999999997,5.75,3.0
27-03-23,0.0,1.0,69.5,25.75,8.55,1.9
28-03-23,0.0,0.0,69.5,26.05,8.45,3.0
29-03-23,0.0,25.5,82.5,21.85,3.05,3.4
30-03-23,0.0,17.5,75.0,25.15,5.65,2.25
31-03-23,0.0,13.5,69.0,24.9,7.25,3.25
01-04-23,0.0,0.0,84.0,23.0,1.2,2.15
02-04-23,0.0,31.0,79.0,23.05,6.9,2.3
03-04-23,0.0,22.5,79.0,23.75,5.7,2.6
04-04-23,0.0,0.0,77.0,25.5,6.25,2.85
05-04-23,0.0,39.0,83.5,24.15,5.8,3.75
06-04-23,0.0,11.5,79.0,26.1,7.050000000000001,2.9
07-04-23,0.0,0.0,70.5,26.85,10.15,2.6
08-04-23,0.0,0.0,67.5,26.950000000000003,9.95,2.4
09-04-23,0.0,0.0,62.5,27.200000000000003,10.15,2.5
10-04-23,0.0,0.0,64.0,27.45,9.95,2.4
11-04-23,0.0,0.0,64.0,28.35,9.25,2.35
12-04-23,0.0,0.0,62.5,27.799999999999997,10.149999999999999,2.15
13-04-23,0.0,0.0,66.0,28.25,10.1,2.75
14-04-23,0.0,0.0,68.0,29.3,9.95,2.4
15-04-23,0.0,0.0,74.5,29.6,6.35,1.9
16-04-23,0.0,0.0,67.0,30.299999999999997,9.05,2.5
17-04-23,0.0,0.0,72.0,30.25,6.2,2.0
18-04-23,0.0,0.0,72.0,29.85,7.15,2.5
19-04-23,0.0,0.0,68.5,29.85,8.15,4.1
20-04-23,0.0,8.0,64.5,28.9,9.100000000000001,2.9
21-04-23,0.0,0.5,83.0,23.05,0.65,3.7
22-04-23,0.0,10.0,65.5,27.6,9.25,2.55
23-04-23,0.0,0.0,83.0,22.9,0.8,2.4
24-04-23,0.0,35.0,68.0,27.0,9.6,1.85
25-04-23,0.0,0.0,67.0,28.15,10.7,2.35
26-04-23,0.0,0.0,66.0,28.0,9.25,2.0
27-04-23,0.0,0.0,66.5,27.65,9.15,2.65
28-04-23,0.0,28.5,69.5,27.15,10.3,2.85
29-04-23,0.0,0.0,69.0,27.7,9.0,2.25
30-04-23,0.0,5.5,70.5,28.0,8.7,2.0
01-05-23,0.0,0.0,69.0,28.8,6.05,2.25
02-05-23,1.0,0.0,65.0,28.85,10.3,2.25
03-05-23,0.0,0.0,76.0,27.4,4.9,2.65
04-05-23,0.0,0.5,79.0,26.35,1.75,2.0
05-05-23,0.0,11.5,77.5,27.45,7.3,2.0
06-05-23,0.0,0.0,75.5,27.65,8.7,2.3
07-05-23,0.0,19.5,72.5,28.65,9.0,2.4
08-05-23,0.0,0.0,70.0,30.25,9.8,2.1
09-05-23,0.0,0.0,68.5,30.75,9.65,2.35
10-05-23,0.0,0.0,71.0,28.85,9.05,2.5
11-05-23,0.0,10.0,71.0,28.85,7.9,2.1
12-05-23,0.0,1.0,75.0,28.75,1.85,2.35
13-05-23,0.0,0.0,66.5,28.9,0.4,2.6
14-05-23,0.0,0.0,68.0,25.6,0.15,8.1
15-05-23,0.0,0.0,67.5,27.6,5.800000000000001,2.65
16-05-23,0.0,0.5,72.0,27.5,8.6,3.15
17-05-23,0.0,50.0,83.5,24.65,4.050000000000001,3.2
18-05-23,0.0,29.5,83.0,24.7,2.2,2.75
19-05-23,0.0,7.0,85.0,25.4,1.6,2.8
20-05-23,0.0,25.0,80.0,26.2,6.550000000000001,2.6
21-05-23,0.0,17.0,74.0,27.2,8.6,3.0
22-05-23,0.0,8.0,73.5,28.3,7.5,1.85
23-05-23,0.0,0.0,81.5,25.9,2.2,3.0
24-05-23,0.0,2.5,80.5,25.35,3.15,2.75
25-05-23,0.0,0.5,72.5,28.4,10.75,2.75
26-05-23,0.0,34.0,75.5,28.0,8.1,1.35
27-05-23,0.0,0.0,80.0,26.6,4.6,2.75
28-05-23,0.0,39.5,73.0,29.2,9.1,2.25
29-05-23,0.0,2.0,71.0,30.0,9.8,1.5
30-05-23,0.0,0.0,69.5,30.700000000000003,11.0,3.0
31-05-23,0.0,0.0,64.0,31.9,11.15,2.5
01-06-23,0.0,0.0,73.5,30.5,6.75,7.0
02-06-23,0.0,2.5,78.0,28.9,5.15,1.9
03-06-23,0.0,24.0,76.0,30.2,6.55,2.75
04-06-23,0.0,0.5,73.5,29.75,6.55,2.35
05-06-23,0.0,0.0,70.0,32.15,9.850000000000001,1.75
06-06-23,0.0,0.0,68.5,31.700000000000003,8.45,3.5
07-06-23,0.0,0.0,70.5,31.8,4.9,1.9500000000000002
08-06-23,0.0,0.0,77.0,30.15,1.4500000000000002,2.0
09-06-23,0.0,10.0,85.5,28.55,3.4000000000000004,2.65
10-06-23,0.0,45.0,86.5,27.8,4.25,2.0
11-06-23,0.0,30.0,89.5,26.8,0.05,2.75
12-06-23,0.0,41.5,91.0,26.45,0.0,2.25
13-06-23,0.0,9.0,80.5,28.75,4.9,2.5
14-06-23,0.0,24.5,92.5,24.95,0.0,3.8
15-06-23,0.0,172.5,88.0,25.4,0.75,2.85
16-06-23,0.0,86.5,91.5,24.450000000000003,0.15,5.0
17-06-23,0.0,98.5,92.5,24.05,0.0,3.15
18-06-23,2.0,66.0,93.5,23.950000000000003,0.0,2.75
19-06-23,1.0,77.0,95.0,24.1,0.0,3.0
20-06-23,2.0,74.0,93.0,25.5,0.35,2.1
21-06-23,2.0,45.0,88.5,27.700000000000003,0.95,2.5
22-06-23,5.0,20.5,89.5,27.55,0.2,2.0
23-06-23,1.0,2.5,86.0,28.299999999999997,5.85,2.25
24-06-23,11.0,5.5,76.5,29.75,6.75,2.75
25-06-23,3.0,0.5,78.5,29.7,6.2,2.5
26-06-23,3.0,0.5,78.5,29.45,7.550000000000001,2.25
27-06-23,6.0,9.0,85.0,27.8,1.4,2.5
28-06-23,0.0,21.5,91.0,26.95,1.4,3.5
29-06-23,1.0,46.5,90.0,27.15,0.85,3.5
30-06-23,0.0,41.0,91.5,26.65,0.8,2.9
01-07-23,0.0,56.5,95.0,25.799999999999997,0.0,1.9
02-07-23,3.0,74.0,92.0,27.0,0.0,2.35
03-07-23,7.0,153.5,91.0,27.1,0.95,2.35
04-07-23,1.0,43.0,81.5,29.5,6.4,3.0
05-07-23,2.0,30.5,84.5,28.549999999999997,5.1,2.1
06-07-23,1.0,31.0,86.0,28.25,3.25,2.7
07-07-23,4.0,25.0,82.0,28.799999999999997,2.7,2.25
08-07-23,2.0,21.5,83.0,28.85,4.0,2.85
09-07-23,10.0,2.5,85.0,28.85,1.5,2.0
10-07-23,3.0,0.5,86.5,28.05,0.6,3.65
11-07-23,5.0,11.5,81.5,29.05,1.95,2.5
12-07-23,8.0,0.0,82.0,29.05,5.1,2.75
13-07-23,12.0,8.0,85.5,28.299999999999997,2.55,3.0
14-07-23,9.0,44.0,83.5,28.55,3.75,2.0
15-07-23,8.0,1.5,78.0,29.299999999999997,5.75,1.75
16-07-23,10.0,1.5,79.0,29.6,2.15,2.8
17-07-23,28.0,3.0,88.0,27.65,0.30000000000000004,2.0
18-07-23,20.0,0.5,77.0,30.6,9.4,3.5
19-07-23,16.0,12.5,77.0,30.9,8.9,1.9500000000000002
20-07-23,16.0,0.0,80.5,30.05,5.85,2.75
21-07-23,8.0,15.0,82.0,29.35,4.8,2.6
22-07-23,19.0,29.5,76.5,30.9,7.3,2.85
23-07-23,12.0,21.0,82.5,29.5,5.6,2.85
24-07-23,23.0,34.0,81.5,29.65,5.35,2.25
25-07-23,23.0,20.0,79.0,29.75,6.6,1.5
26-07-23,28.0,0.5,79.5,29.85,5.949999999999999,2.25
27-07-23,25.0,20.5,82.0,29.25,3.1999999999999997,2.45
28-07-23,21.0,5.0,83.0,29.0,4.7,3.5
29-07-23,10.0,14.5,79.5,30.05,7.25,2.0
30-07-23,24.0,4.5,74.5,30.7,7.65,2.0
31-07-23,25.0,0.5,76.5,31.15,9.8,2.0
01-08-23,14.0,6.5,72.5,30.8,6.699999999999999,1.75
02-08-23,12.0,10.5,83.0,28.95,2.6500000000000004,3.05
03-08-23,26.0,6.0,86.5,28.05,0.8,2.35
04-08-23,15.0,7.0,85.0,28.25,1.9,2.5
05-08-23,25.0,9.0,86.0,27.95,1.4,2.6
06-08-23,26.0,12.5,93.5,26.799999999999997,0.0,2.25
07-08-23,18.0,49.5,94.0,26.9,0.0,2.4
08-08-23,21.0,33.0,94.0,26.700000000000003,0.1,2.65
09-08-23,30.0,30.5,87.0,28.2,3.5999999999999996,2.2
10-08-23,24.0,17.5,91.0,27.35,0.15,2.0
11-08-23,9.0,9.5,91.5,27.4,0.35,1.6
12-08-23,13.0,31.0,86.5,28.049999999999997,1.4,2.0
13-08-23,28.0,16.5,89.0,27.55,0.85,1.75
14-08-23,26.0,13.5,88.0,28.35,2.9000000000000004,2.25
15-08-23,8.0,21.5,93.0,27.65,0.1,2.15
16-08-23,21.0,51.0,86.5,29.0,2.2,2.5
17-08-23,10.0,0.0,79.0,30.700000000000003,9.75,2.35
18-08-23,8.0,5.5,78.5,30.450000000000003,9.05,1.85
19-08-23,14.0,2.0,80.5,29.55,6.95,2.5
20-08-23,12.0,10.0,81.5,29.6,7.15,2.5
21-08-23,15.0,1.5,85.5,28.95,4.45,1.85
22-08-23,11.0,81.0,92.0,26.799999999999997,0.0,2.15
23-08-23,14.0,49.0,87.0,27.6,1.35,2.1
24-08-23,10.0,10.0,87.0,27.85,0.9,1.75
25-08-23,23.0,8.0,88.0,27.6,1.4500000000000002,2.5
26-08-23,6.0,35.5,91.0,27.25,0.0,2.35
27-08-23,25.0,30.5,92.5,26.4,0.0,2.0
28-08-23,10.0,90.0,88.5,27.1,1.7,2.3
29-08-23,13.0,9.5,81.5,29.55,7.3,2.5
30-08-23,6.0,0.0,77.5,30.799999999999997,8.899999999999999,2.65
31-08-23,14.0,0.0,86.0,29.6,3.6,1.5
01-09-23,10.0,1.0,85.5,29.3,3.45,2.65
02-09-23,5.0,47.0,86.5,29.6,3.0,1.65
03-09-23,9.0,0.0,78.0,30.8,8.7,1.5
04-09-23,11.0,14.0,79.5,30.75,8.0,2.15
05-09-23,18.0,0.0,78.0,31.05,7.449999999999999,2.1
06-09-23,2.0,0.0,76.5,30.6,8.0,2.65
07-09-23,11.0,5.0,83.5,28.95,2.9,2.4
08-09-23,5.0,3.0,90.0,27.55,2.3,2.5
09-09-23,13.0,11.0,83.0,29.4,5.050000000000001,1.65
10-09-23,12.0,0.0,84.0,29.7,4.4,2.6
11-09-23,11.0,9.5,80.5,30.049999999999997,8.15,2.25
12-09-23,7.0,11.5,84.5,29.2,4.65,3.0
13-09-23,14.0,15.0,84.0,28.95,5.95,2.0
14-09-23,10.0,25.0,80.5,29.2,6.6,2.1
15-09-23,6.0,2.5,77.0,30.200000000000003,8.45,2.9
16-09-23,0.0,0.0,79.0,30.700000000000003,8.05,1.75
17-09-23,13.0,0.0,79.0,30.35,9.65,2.75
18-09-23,13.0,16.0,82.0,28.95,4.9,2.25
19-09-23,7.0,62.5,86.0,27.55,3.8,2.1
20-09-23,6.0,22.5,87.0,27.65,0.8999999999999999,2.4
21-09-23,6.0,24.0,89.5,27.1,3.4000000000000004,2.15
22-09-23,10.0,19.5,90.5,26.75,1.9000000000000001,2.65
23-09-23,8.0,21.0,87.0,27.25,5.4,2.15
24-09-23,8.0,3.0,82.5,28.35,6.25,2.0
25-09-23,10.0,0.0,83.5,29.1,5.949999999999999,1.5
26-09-23,14.0,30.0,81.5,29.950000000000003,8.85,2.5
27-09-23,6.0,0.0,83.0,29.6,3.75,2.25
28-09-23,4.0,0.0,79.0,31.1,9.75,2.25
29-09-23,4.0,0.0,74.5,30.7,8.35,3.1
30-09-23,4.0,0.0,80.0,29.65,2.95,2.85
01-10-23,11.0,2.5,81.5,29.3,6.3,3.0
02-10-23,12.0,3.0,83.5,28.799999999999997,6.7,2.25
03-10-23,9.0,28.5,87.0,27.6,4.3,2.1
04-10-23,5.0,11.0,86.0,27.4,0.95,2.15
05-10-23,7.0,11.5,93.5,26.25,0.0,2.5
06-10-23,2.0,38.5,96.5,25.35,0.0,2.55
07-10-23,4.0,204.0,92.0,26.4,0.3,2.5
08-10-23,5.0,54.0,88.0,27.3,5.1,2.0
09-10-23,8.0,24.0,92.0,25.85,1.3,2.15
10-10-23,3.0,25.5,87.0,27.6,5.7,2.25
11-10-23,12.0,0.0,84.5,27.85,3.8,1.85
12-10-23,4.0,4.0,85.0,27.7,5.85,1.5
13-10-23,3.0,2.0,82.0,27.35,6.85,2.65
14-10-23,3.0,0.0,85.0,26.75,5.7,2.35
15-10-23,11.0,0.0,81.0,26.7,7.050000000000001,2.25
16-10-23,2.0,0.0,79.5,27.4,9.100000000000001,2.5
17-10-23,5.0,0.0,83.0,26.95,7.05,1.75
18-10-23,5.0,0.0,80.5,26.55,7.25,2.9
19-10-23,6.0,0.0,81.0,26.3,8.7,2.0
20-10-23,1.0,0.0,80.0,26.5,9.4,1.5
21-10-23,0.0,0.0,80.5,26.7,9.4,2.5
22-10-23,3.0,0.0,80.5,27.549999999999997,6.75,2.75
23-10-23,7.0,0.0,86.0,26.35,2.0500000000000003,1.5
24-10-23,8.0,0.0,87.5,25.2,0.15,1.6
25-10-23,1.0,0.5,81.5,25.8,3.4,2.25
26-10-23,7.0,9.5,84.0,25.9,6.550000000000001,2.0
27-10-23,4.0,4.0,84.0,26.1,6.25,2.4
28-10-23,3.0,0.0,80.0,26.35,9.3,2.75
29-10-23,4.0,0.0,81.5,25.75,9.35,1.5
30-10-23,6.0,0.0,79.0,26.1,9.600000000000001,1.25
31-10-23,4.0,0.0,77.0,27.3,9.6,1.5
01-11-23,8.0,0.0,79.0,26.8,9.95,1.5
02-11-23,3.0,0.0,78.5,26.5,9.65,1.75
03-11-23,0.0,0.0,78.0,25.75,8.6,2.1
04-11-23,4.0,0.0,80.0,25.3,8.45,2.15
05-11-23,5.0,0.0,78.0,25.049999999999997,8.850000000000001,1.75
06-11-23,5.0,0.0,79.5,24.65,7.6499999999999995,1.75
07-11-23,5.0,0.0,80.5,23.8,6.6,1.0
08-11-23,1.0,0.0,80.5,23.45,7.65,2.3
09-11-23,5.0,0.0,80.0,23.700000000000003,8.6,2.15
10-11-23,5.0,0.0,78.0,23.85,9.1,2.15
11-11-23,0.0,0.0,77.5,24.25,9.3,1.8
12-11-23,1.0,0.0,77.5,24.15,9.35,1.65
13-11-23,2.0,0.0,73.5,24.6,9.05,2.3
14-11-23,3.0,0.0,74.5,25.049999999999997,9.4,2.25
15-11-23,3.0,0.0,75.0,26.15,7.949999999999999,1.65
16-11-23,0.0,0.0,81.5,24.9,0.35,2.0
17-11-23,0.0,3.5,94.5,20.9,0.0,4.65
18-11-23,0.0,88.0,79.5,24.0,4.949999999999999,1.75
19-11-23,1.0,0.0,78.5,25.049999999999997,9.2,2.25
20-11-23,1.0,0.0,79.5,24.799999999999997,8.05,3.0
21-11-23,1.0,0.0,83.5,23.450000000000003,3.45,2.65
22-11-23,1.0,0.0,84.0,23.200000000000003,8.100000000000001,2.0
23-11-23,1.0,0.0,81.5,22.7,7.45,1.5
24-11-23,0.0,0.0,77.5,23.1,8.45,1.85
25-11-23,0.0,0.0,77.0,21.95,9.4,1.5
26-11-23,6.0,0.0,70.0,22.65,9.3,1.7
27-11-23,0.0,0.0,72.0,23.0,8.85,2.35
28-11-23,1.0,0.0,76.0,22.7,7.550000000000001,2.1
29-11-23,2.0,0.0,81.5,21.9,5.5,1.15
30-11-23,2.0,0.0,78.5,22.5,8.2,2.0
01-12-23,0.0,0.0,77.5,23.05,7.8500000000000005,1.75
02-12-23,0.0,0.0,81.0,23.1,4.15,1.75
03-12-23,2.0,0.0,79.5,22.85,7.800000000000001,1.85
04-12-23,0.0,0.0,81.5,22.85,4.95,1.35
05-12-23,2.0,0.0,85.5,22.9,0.0,1.2
06-12-23,1.0,0.0,80.5,23.4,0.3,1.65
07-12-23,0.0,2.0,93.5,21.299999999999997,0.0,2.5
08-12-23,2.0,36.5,93.0,21.15,0.0,1.75
09-12-23,0.0,1.0,85.5,22.0,3.5,2.35
10-12-23,0.0,0.0,88.5,19.799999999999997,2.35,1.65
11-12-23,0.0,0.0,85.5,21.0,5.35,2.1
12-12-23,0.0,0.0,88.5,19.950000000000003,4.4,2.5
13-12-23,0.0,0.0,87.0,19.0,4.199999999999999,1.65
14-12-23,0.0,0.0,82.5,18.35,6.25,1.75
15-12-23,0.0,0.0,82.5,18.2,7.699999999999999,2.5
16-12-23,5.0,0.0,81.0,18.4,8.0,2.5
17-12-23,0.0,0.0,80.0,18.7,7.65,2.5
18-12-23,0.0,0.0,78.0,18.35,8.399999999999999,2.6
19-12-23,0.0,0.0,76.0,18.7,8.85,2.5
20-12-23,0.0,0.0,72.0,20.15,8.0,3.1
21-12-23,0.0,0.0,72.5,20.65,7.9,2.0
22-12-23,0.0,0.0,71.5,21.2,6.9,2.1
23-12-23,0.0,0.0,79.5,20.85,1.2,2.5
24-12-23,2.0,0.0,81.0,21.55,5.1,1.9
25-12-23,1.0,1.0,85.5,20.45,6.35,2.1
26-12-23,0.0,0.0,82.0,20.95,6.449999999999999,2.0
27-12-23,1.0,0.0,76.5,21.4,8.6,2.5
28-12-23,0.0,0.0,76.0,20.8,8.7,1.5
29-12-23,0.0,0.0,72.5,20.7,8.75,2.0
30-12-23,0.0,0.0,74.0,20.95,8.649999999999999,1.9
31-12-23,0.0,0.0,77.0,20.65,8.899999999999999,2.5
01-01-24,1.0,0.0,84.5,20.0,6.75,1.5
02-01-24,0.0,0.0,88.5,19.3,4.3,2.15
03-01-24,0.0,0.0,84.0,19.4,4.75,2.15
04-01-24,0.0,0.0,88.5,18.25,3.8,2.0
05-01-24,0.0,0.0,84.0,19.2,5.25,2.0
06-01-24,1.0,0.0,83.5,18.1,5.75,2.0
07-01-24,0.0,0.0,79.0,18.95,8.35,2.0
08-01-24,0.0,0.0,82.5,18.65,7.6,2.5
09-01-24,0.0,0.0,89.5,17.65,2.95,1.85
10-01-24,0.0,0.0,84.0,18.35,4.9,1.5
11-01-24,1.0,0.0,89.0,16.549999999999997,1.05,3.0
12-01-24,0.0,0.0,87.0,16.05,0.15,3.5
13-01-24,0.0,0.0,83.5,17.2,4.25,1.5
14-01-24,0.0,0.0,86.5,17.15,4.35,2.15
15-01-24,0.0,0.0,88.0,16.6,2.75,1.75
16-01-24,0.0,0.0,85.5,16.2,3.95,1.75
17-01-24,0.0,0.0,90.5,14.3,0.9,2.0
18-01-24,0.0,0.0,89.5,15.3,4.0,3.0
19-01-24,0.0,0.0,75.0,17.15,7.45,2.25
20-01-24,0.0,0.0,80.0,16.8,6.75,2.0
21-01-24,1.0,0.0,88.5,16.299999999999997,3.5999999999999996,2.15
22-01-24,0.0,0.0,89.0,14.5,1.7,2.5
23-01-24,1.0,0.0,87.5,15.3,3.05,2.25
24-01-24,0.0,0.0,89.5,16.4,3.55,2.0
25-01-24,0.0,0.0,85.0,16.9,4.55,2.4
26-01-24,0.0,0.0,77.5,17.8,7.05,2.85
27-01-24,0.0,0.0,80.0,16.450000000000003,5.1,2.35
28-01-24,0.0,0.0,78.5,16.5,6.85,2.75
29-01-24,0.0,0.0,77.0,16.85,6.949999999999999,2.5
30-01-24,0.0,0.0,75.5,17.6,6.85,2.5
31-01-24,0.0,0.0,77.0,18.45,0.8500000000000001,1.5
01-02-24,0.0,0.0,76.5,20.6,6.300000000000001,2.1
02-02-24,0.0,1.5,86.5,19.799999999999997,0.85,2.5
03-02-24,0.0,0.5,72.0,19.2,6.9,3.0
04-02-24,1.0,0.0,73.0,18.35,7.05,3.25
05-02-24,0.0,0.0,73.0,19.7,5.949999999999999,2.5
06-02-24,0.0,0.0,81.0,20.6,0.0,2.0
07-02-24,0.0,0.0,70.0,19.35,6.3,2.15
08-02-24,0.0,0.0,69.5,16.95,7.85,2.5
09-02-24,0.0,0.0,70.0,17.65,8.65,2.25
10-02-24,0.0,0.0,71.5,18.35,8.4,2.75
11-02-24,0.0,0.0,69.5,20.1,8.75,3.5
12-02-24,0.0,0.0,72.5,20.1,7.9,2.0
13-02-24,0.0,0.0,71.5,20.450000000000003,8.0,3.15
14-02-24,0.0,0.0,72.0,20.700000000000003,4.55,2.0
15-02-24,0.0,0.0,69.5,22.1,7.8,2.5
16-02-24,0.0,0.0,74.0,21.75,6.75,2.0
17-02-24,0.0,0.0,77.0,20.85,5.5,2.75
18-02-24,0.0,0.0,68.0,19.75,7.95,3.35
19-02-24,0.0,0.0,68.0,20.25,8.1,2.6
20-02-24,0.0,0.0,74.5,21.25,0.85,3.15
21-02-24,0.0,12.5,84.0,22.8,3.05,4.25
22-02-24,0.0,0.5,89.5,21.65,0.05,9.1
23-02-24,0.0,51.0,88.0,20.5,2.3,1.5
24-02-24,0.0,0.5,72.5,21.85,8.55,2.5
25-02-24,0.0,0.0,70.0,19.65,3.0500000000000003,2.0
26-02-24,0.0,0.0,62.0,21.3,9.2,4.5
27-02-24,0.0,0.0,67.5,21.0,6.8,4.85
28-02-24,0.0,0.0,67.5,21.35,8.149999999999999,2.3
29-02-24,0.0,0.0,68.5,21.85,8.5,3.25
01-03-24,0.0,0.0,66.0,21.7,9.149999999999999,3.5
02-03-24,0.0,0.0,68.0,22.2,9.399999999999999,2.5
03-03-24,0.0,0.0,69.5,22.799999999999997,8.9,3.0
04-03-24,0.0,0.0,78.5,21.5,4.1,2.0
05-03-24,0.0,0.0,65.5,22.55,8.85,3.25
06-03-24,0.0,0.0,63.5,21.85,9.55,3.75
07-03-24,0.0,0.0,60.0,21.3,10.15,3.75
08-03-24,0.0,0.0,62.5,21.35,10.0,2.85
09-03-24,0.0,0.0,64.5,20.85,9.399999999999999,3.6
10-03-24,0.0,0.0,63.0,21.6,9.45,3.85
11-03-24,0.0,0.0,66.0,23.2,8.75,3.0
12-03-24,0.0,0.0,60.5,24.85,8.55,3.75
13-03-24,0.0,0.0,68.0,25.450000000000003,7.05,3.75
14-03-24,0.0,0.0,74.5,25.25,4.199999999999999,2.15
15-03-24,0.0,0.5,71.5,25.9,7.6000000000000005,2.75
16-03-24,0.0,0.0,67.5,25.35,6.95,14.0
17-03-24,0.0,0.0,66.5,26.35,8.7,2.75
18-03-24,0.0,0.0,61.0,25.95,5.300000000000001,4.0
19-03-24,0.0,0.0,66.0,26.15,4.35,2.9
20-03-24,0.0,1.0,65.5,24.1,1.95,5.85
21-03-24,0.0,0.0,82.0,21.3,0.1,3.0
22-03-24,0.0,1.5,71.5,22.35,5.9,3.0
23-03-24,0.0,0.0,76.0,22.700000000000003,4.35,3.5
24-03-24,0.0,17.5,76.0,24.05,4.8,3.25
25-03-24,0.0,1.0,75.5,25.85,7.65,9.2
26-03-24,0.0,33.5,74.0,23.95,7.2,4.5
27-03-24,0.0,0.0,72.5,26.2,6.4,2.0
28-03-24,0.0,0.0,73.5,26.1,7.15,2.6
29-03-24,0.0,0.0,74.5,26.75,4.9,2.0
30-03-24,0.0,3.5,88.5,25.25,0.3,3.1
31-03-24,0.0,9.0,82.5,25.2,4.3,2.75
01-04-24,0.0,45.0,79.5,26.6,5.3,5.2
02-04-24,0.0,4.0,74.5,28.05,7.699999999999999,4.15
03-04-24,0.0,22.0,78.5,27.45,5.75,5.3
04-04-24,0.0,13.0,79.0,27.450000000000003,5.550000000000001,5.25
05-04-24,0.0,39.0,78.0,27.75,4.9,3.85
06-04-24,0.0,21.0,75.0,28.4,6.15,3.5
07-04-24,1.0,0.0,81.0,25.45,1.7,1.95
08-04-24,0.0,2.0,81.0,26.0,4.15,2.75
09-04-24,0.0,0.0,74.5,27.25,7.4,2.2
10-04-24,0.0,0.0,75.0,26.5,2.2,2.35
11-04-24,0.0,0.0,72.5,28.0,6.35,2.65
12-04-24,0.0,0.0,65.0,28.6,8.2,2.9
13-04-24,0.0,0.0,68.0,28.5,9.65,2.75
14-04-24,0.0,0.0,67.0,29.0,9.75,2.2
15-04-24,0.0,0.0,67.5,29.2,8.2,2.0
16-04-24,0.0,0.0,69.0,28.65,6.05,2.9
17-04-24,0.0,3.0,79.5,27.55,4.45,3.85
18-04-24,0.0,15.5,76.5,27.65,9.05,4.6
19-04-24,0.0,17.0,79.5,27.3,6.45,3.35
20-04-24,0.0,0.5,74.5,29.45,8.6,4.4
21-04-24,0.0,0.0,77.5,28.65,7.85,3.35
22-04-24,0.0,28.0,79.0,28.8,5.5,3.05
23-04-24,0.0,0.0,72.5,29.95,6.45,3.05
24-04-24,0.0,0.0,71.0,29.25,8.5,4.0
25-04-24,0.0,0.0,73.0,29.65,8.55,4.6
26-04-24,0.0,0.0,73.0,29.299999999999997,8.55,3.6
27-04-24,0.0,43.5,75.0,28.549999999999997,9.850000000000001,3.2
28-04-24,0.0,8.0,78.5,27.55,6.5,4.85
29-04-24,0.0,9.0,75.0,29.7,6.949999999999999,3.75
30-04-24,0.0,0.0,80.5,27.45,7.35,5.75
01-05-24,0.0,38.5,73.5,30.0,7.1000000000000005,4.35
02-05-24,0.0,0.0,77.0,27.05,4.9,5.0
03-05-24,0.0,0.0,70.5,28.7,10.4,3.6
04-05-24,0.0,8.0,74.0,28.15,7.5,2.65
05-05-24,0.0,22.5,84.0,24.4,2.0,6.5
06-05-24,0.0,63.0,86.0,22.1,0.2,5.25
07-05-24,0.0,41.5,67.5,26.9,9.1,3.65
08-05-24,0.0,0.0,83.5,25.75,0.75,3.0
09-05-24,0.0,1.0,73.0,27.8,8.5,2.5
10-05-24,0.0,11.5,78.0,26.700000000000003,8.5,3.5
11-05-24,0.0,0.5,83.5,24.85,4.550000000000001,5.15
12-05-24,3.0,36.0,70.0,28.65,11.05,2.25
13-05-24,0.0,0.0,71.0,29.7,10.8,2.5
14-05-24,0.0,0.0,71.0,30.75,8.9,1.75
15-05-24,0.0,1.0,73.0,30.85,8.05,1.5
16-05-24,0.0,0.0,71.0,31.6,8.65,3.35
17-05-24,0.0,0.0,74.5,30.75,6.4,3.4
18-05-24,0.0,70.0,89.5,25.0,0.2,2.75
19-05-24,0.0,12.0,84.5,26.85,0.45,2.65
20-05-24,0.0,0.0,77.0,29.15,3.95,2.0
21-05-24,0.0,0.5,72.0,30.65,9.45,5.0
22-05-24,0.0,10.0,74.0,29.85,9.7,2.0
23-05-24,0.0,0.0,69.5,31.5,6.05,2.85
24-05-24,0.0,0.0,68.5,31.6,11.399999999999999,2.0
25-05-24,0.0,0.0,70.5,31.25,11.149999999999999,2.1
26-05-24,0.0,11.0,79.0,30.15,4.7,3.25
27-05-24,0.0,14.0,95.0,26.200000000000003,0.0,5.45
28-05-24,0.0,233.0,91.0,26.65,0.15,5.2
29-05-24,0.0,100.0,85.5,27.9,1.35,3.6
30-05-24,0.0,9.5,90.5,25.049999999999997,0.45,2.75
31-05-24,0.0,91.5,82.0,29.1,4.5,3.1
01-06-24,0.0,4.5,80.0,30.4,6.949999999999999,2.85
02-06-24,1.0,3.5,83.0,28.299999999999997,6.699999999999999,3.0
03-06-24,0.0,119.0,90.5,25.8,1.4,4.05
04-06-24,0.0,35.0,92.5,25.7,0.15,3.05
05-06-24,0.0,143.0,81.0,27.5,5.65,2.35
06-06-24,0.0,7.0,83.0,28.049999999999997,4.0,3.9
07-06-24,0.0,1.0,81.0,28.65,5.95,2.6
08-06-24,0.0,0.0,84.0,28.1,1.7000000000000002,5.0
09-06-24,0.0,140.0,91.5,25.7,0.0,3.75
10-06-24,0.0,41.5,90.5,27.0,0.75,2.5
11-06-24,0.0,78.0,83.0,29.7,3.8,3.5
12-06-24,0.0,85.0,87.0,28.65,1.95,3.35
13-06-24,0.0,9.5,92.5,25.95,0.0,4.5
14-06-24,0.0,111.5,90.5,26.75,0.1,8.3
15-06-24,0.0,48.0,91.0,25.6,0.0,4.0
16-06-24,0.0,41.0,89.5,26.35,0.0,3.3
17-06-24,0.0,87.0,92.0,26.15,0.0,3.6
18-06-24,0.0,77.5,94.0,24.5,0.0,3.5
19-06-24,0.0,118.0,93.0,24.5,0.0,6.85
20-06-24,0.0,76.5,89.5,26.65,0.4,4.0
21-06-24,0.0,11.0,84.0,29.3,3.15,3.75
22-06-24,0.0,1.5,84.0,28.85,3.5,4.0
23-06-24,0.0,4.0,85.5,29.5,4.65,3.35
24-06-24,0.0,5.5,85.5,29.35,2.15,3.75
25-06-24,0.0,28.5,87.5,29.15,3.5500000000000003,3.5
26-06-24,0.0,7.0,86.5,29.299999999999997,4.0,2.85
27-06-24,0.0,32.5,87.5,28.3,1.75,2.5
28-06-24,0.0,24.5,87.0,28.4,1.5,3.0
29-06-24,0.0,15.5,88.5,28.2,0.95,2.25
30-06-24,0.0,12.0,89.0,28.2,0.6,3.3499999999999996
01-07-24,0.0,45.0,95.5,26.75,0.0,2.7
02-07-24,0.0,169.5,92.0,27.299999999999997,0.2,2.5
03-07-24,0.0,38.5,86.0,28.049999999999997,2.1,3.35
04-07-24,0.0,9.0,85.0,28.15,2.3499999999999996,3.7
05-07-24,0.0,13.5,89.0,27.5,0.95,3.2
06-07-24,0.0,11.5,86.5,28.9,2.0,2.4
07-07-24,0.0,4.0,82.0,29.55,2.3,2.9
08-07-24,0.0,18.0,90.0,28.35,0.75,3.4
09-07-24,0.0,15.5,84.0,29.1,1.95,3.15
10-07-24,0.0,24.0,89.5,27.85,0.6,2.5
11-07-24,0.0,60.5,84.0,28.95,4.05,3.2
12-07-24,0.0,11.0,86.5,28.2,1.7,3.25
13-07-24,0.0,45.5,86.0,28.700000000000003,2.75,3.0
14-07-24,0.0,12.5,83.5,29.9,3.75,3.1
15-07-24,0.0,15.5,82.5,30.200000000000003,7.5,1.95
16-07-24,0.0,43.0,82.5,30.15,4.95,2.7
17-07-24,0.0,6.5,82.0,30.6,6.4,2.4
18-07-24,0.0,0.5,79.0,31.45,9.649999999999999,2.0
19-07-24,0.0,39.5,80.5,30.8,8.0,2.5
20-07-24,0.0,31.0,79.5,29.95,6.4,2.5
21-07-24,0.0,9.0,81.5,29.55,5.8,2.4
22-07-24,0.0,4.0,82.0,28.700000000000003,1.3,3.2
23-07-24,0.0,3.0,86.0,28.4,2.7,3.0
24-07-24,0.0,15.0,80.0,30.1,7.15,2.35
25-07-24,0.0,2.5,76.0,31.15,8.899999999999999,2.15
26-07-24,0.0,13.5,72.0,32.400000000000006,9.05,6.1
27-07-24,0.0,7.5,73.0,32.2,9.7,2.3
28-07-24,0.0,2.0,76.0,31.45,9.25,2.65
29-07-24,0.0,6.5,83.5,29.4,3.15,4.0
30-07-24,0.0,6.5,82.0,29.25,2.75,2.65
31-07-24,0.0,38.5,86.5,28.549999999999997,4.5,2.65
01-08-24,0.0,11.0,89.0,27.299999999999997,0.15000000000000002,4.25
02-08-24,0.0,28.5,95.5,26.15,0.0,2.9
03-08-24,0.0,21.0,88.0,27.700000000000003,0.5,3.5
04-08-24,0.0,24.0,86.5,28.0,5.0,2.5
05-08-24,0.0,48.0,88.0,28.0,1.25,3.5
06-08-24,0.0,28.5,85.5,28.2,2.95,2.85
07-08-24,0.0,15.5,84.5,28.4,3.0,3.5
08-08-24,0.0,8.0,85.0,27.75,1.05,3.0
09-08-24,0.0,6.5,84.0,27.799999999999997,1.8499999999999999,4.5
10-08-24,0.0,9.0,84.0,28.5,2.5,2.4
11-08-24,0.0,6.5,88.5,27.799999999999997,1.95,3.8
12-08-24,0.0,17.0,92.5,27.1,0.0,2.25
13-08-24,0.0,37.0,83.5,29.200000000000003,3.2,3.1
14-08-24,0.0,53.5,80.0,29.65,8.25,2.5
15-08-24,0.0,4.5,81.5,29.35,6.0,2.85
16-08-24,0.0,33.5,90.0,27.5,0.2,2.5
17-08-24,0.0,11.0,91.0,27.049999999999997,0.1,2.9
18-08-24,0.0,4.5,83.5,28.6,1.7,2.15
19-08-24,0.0,11.0,92.5,26.25,0.0,6.65
20-08-24,0.0,181.0,92.5,26.200000000000003,0.0,3.9
21-08-24,0.0,29.5,95.5,25.65,0.0,3.1
22-08-24,0.0,80.5,91.5,26.4,0.0,2.6
23-08-24,0.0,2.5,81.5,29.1,4.6,3.0
24-08-24,0.0,10.0,84.5,28.450000000000003,7.1000000000000005,2.4
25-08-24,0.0,20.5,83.0,28.200000000000003,6.35,3.5
26-08-24,0.0,1.0,84.5,28.55,3.95,2.4
27-08-24,0.0,13.0,81.5,29.15,7.0,2.5
28-08-24,0.0,0.0,84.5,29.1,5.050000000000001,2.75
29-08-24,0.0,0.0,79.0,29.65,6.300000000000001,2.5
30-08-24,0.0,0.5,80.0,30.15,9.35,2.0
31-08-24,0.0,21.0,85.0,29.15,3.25,2.0
01-09-24,0.0,9.5,89.5,27.6,3.45,2.5
02-09-24,0.0,2.5,80.5,29.85,9.9,2.25
03-09-24,0.0,11.5,84.0,29.2,3.1,2.0
04-09-24,0.0,0.0,85.0,29.200000000000003,5.1,2.25
05-09-24,0.0,13.0,84.5,29.1,3.35,2.75
06-09-24,0.0,0.5,78.5,30.5,6.95,4.0
07-09-24,0.0,0.0,78.5,30.5,10.25,3.25
08-09-24,0.0,7.5,79.5,30.5,9.25,2.25
09-09-24,0.0,0.0,80.5,30.200000000000003,6.45,3.75
10-09-24,0.0,1.5,80.0,30.3,4.300000000000001,2.5
11-09-24,0.0,2.0,79.0,30.65,6.25,2.5
12-09-24,0.0,0.0,66.0,31.450000000000003,10.6,3.65
13-09-24,0.0,0.0,66.0,30.75,6.3,3.75
14-09-24,0.0,0.0,75.5,28.950000000000003,0.3,3.25
15-09-24,0.0,0.0,83.0,28.05,0.0,2.85
16-09-24,0.0,0.0,75.0,30.15,4.4,3.0
17-09-24,0.0,0.0,76.0,30.65,8.8,3.75
18-09-24,0.0,0.0,78.0,31.3,6.65,3.6
19-09-24,0.0,0.0,78.5,31.65,7.800000000000001,2.25
20-09-24,0.0,2.5,76.5,32.3,7.75,2.5
21-09-24,0.0,0.0,90.0,27.1,4.3999999999999995,4.5
22-09-24,0.0,11.5,80.5,30.1,9.55,2.25
23-09-24,12.0,0.0,77.5,31.8,7.800000000000001,3.1
24-09-24,2.0,0.0,81.5,29.1,4.95,1.5
25-09-24,0.0,23.5,94.0,26.0,0.2,2.65
26-09-24,0.0,44.0,90.0,26.85,0.25,2.0
27-09-24,0.0,5.5,82.0,28.6,6.3999999999999995,5.0
28-09-24,6.0,1.5,85.5,28.3,3.25,2.5
29-09-24,0.0,16.0,92.5,27.6,0.0,4.75
30-09-24,0.0,67.5,87.0,29.1,3.5,3.65
01-10-24,12.0,71.0,90.5,27.85,0.0,2.5
02-10-24,4.0,11.0,84.0,29.1,6.3,2.5
03-10-24,6.0,6.0,91.0,26.75,0.0,2.35
04-10-24,1.0,4.0,89.0,26.9,0.6,4.0
05-10-24,9.0,65.5,94.0,25.85,0.0,1.5
06-10-24,7.0,37.5,86.0,27.75,4.25,2.0
07-10-24,2.0,4.0,88.0,27.700000000000003,2.75,2.5
08-10-24,4.0,0.5,92.5,25.8,1.25,1.5
09-10-24,3.0,5.0,88.5,26.950000000000003,3.3,1.75
10-10-24,0.0,2.0,86.5,27.4,2.05,1.75
11-10-24,0.0,12.0,91.5,25.65,0.7,2.0
12-10-24,4.0,12.0,87.0,27.299999999999997,3.15,1.75
13-10-24,1.0,3.0,87.0,27.2,2.75,2.0
14-10-24,5.0,0.0,84.0,27.299999999999997,4.45,1.0
15-10-24,6.0,0.0,85.0,26.85,1.6,2.0
16-10-24,4.0,0.0,83.5,27.3,4.949999999999999,2.0
17-10-24,4.0,0.0,82.5,26.75,3.55,1.85
18-10-24,4.0,0.5,82.0,26.4,1.65,1.5
19-10-24,2.0,6.5,87.0,26.45,2.8,1.5
20-10-24,7.0,1.5,83.0,27.15,7.5,2.75
21-10-24,3.0,0.0,81.0,27.9,7.8999999999999995,1.5
22-10-24,4.0,0.0,76.0,29.05,9.5,2.0
23-10-24,5.0,3.0,87.0,26.3,0.0,3.0
24-10-24,5.0,5.5,85.0,25.1,0.65,2.0
25-10-24,2.0,5.5,78.5,27.2,6.45,2.1
26-10-24,5.0,0.0,83.0,27.65,4.95,1.25
27-10-24,4.0,0.0,83.0,27.55,7.3999999999999995,2.0
28-10-24,4.0,0.0,82.0,27.45,9.45,3.0
29-10-24,2.0,0.0,80.5,27.6,8.65,2.25
30-10-24,2.0,0.0,87.0,26.85,3.25,1.7
31-10-24,5.0,5.5,88.0,26.65,1.8,1.1
01-11-24,5.0,8.5,84.5,26.6,7.050000000000001,1.5
02-11-24,5.0,0.0,83.5,26.1,7.0,1.65
03-11-24,9.0,0.0,82.5,26.5,8.5,2.0
04-11-24,4.0,0.0,82.0,27.0,8.45,1.5
05-11-24,0.0,0.5,78.5,25.85,7.45,2.25
06-11-24,5.0,3.0,84.0,24.1,1.85,2.0
07-11-24,4.0,0.0,76.5,24.75,9.0,2.0
08-11-24,3.0,0.0,74.5,24.5,9.05,2.15
09-11-24,2.0,0.0,75.0,24.45,9.75,2.5
10-11-24,5.0,0.0,76.5,25.0,9.8,1.75
11-11-24,3.0,0.0,74.5,25.799999999999997,9.6,1.5
12-11-24,4.0,0.0,74.5,25.45,8.75,2.35
13-11-24,6.0,0.0,77.5,24.45,9.2,2.1
14-11-24,4.0,0.0,78.0,24.4,9.4,2.0
15-11-24,5.0,0.0,78.5,24.1,9.3,1.5
16-11-24,1.0,0.0,80.0,23.9,9.05,1.5
17-11-24,9.0,0.0,80.0,23.15,9.0,2.25
18-11-24,4.0,0.0,78.0,22.6,9.05,2.5
19-11-24,5.0,0.0,76.0,23.0,9.35,1.65
20-11-24,7.0,0.0,79.0,23.700000000000003,8.850000000000001,2.25
21-11-24,11.0,0.0,80.5,22.7,8.45,1.5
22-11-24,1.0,0.0,79.5,21.55,7.35,1.5
23-11-24,1.0,0.0,80.0,21.05,7.05,1.5
24-11-24,9.0,0.0,81.5,20.85,6.2,2.0
25-11-24,1.0,0.0,79.0,21.4,7.85,1.5
26-11-24,1.0,0.0,80.0,21.450000000000003,7.95,2.5
27-11-24,16.0,0.0,76.5,21.0,7.9,2.75
28-11-24,4.0,0.0,77.0,22.3,7.8999999999999995,2.0
29-11-24,0.0,0.0,78.0,23.8,8.55,2.25
30-11-24,0.0,0.0,74.0,24.25,8.6,1.75
01-12-24,8.0,0.0,79.5,23.049999999999997,7.050000000000001,2.0
02-12-24,2.0,0.0,80.5,22.4,7.4,2.0
03-12-24,1.0,0.0,79.0,21.5,6.55,2.5
04-12-24,9.0,0.0,79.0,20.6,7.5,2.25
05-12-24,2.0,0.0,80.0,20.25,6.1,2.25
06-12-24,1.0,0.0,84.5,19.6,2.8499999999999996,1.5
07-12-24,4.0,0.0,89.0,18.450000000000003,2.9,2.0
08-12-24,2.0,0.0,84.5,18.5,6.0,2.0
09-12-24,3.0,0.0,82.5,19.799999999999997,5.65,2.5
10-12-24,0.0,0.0,83.5,18.9,5.55,2.0
11-12-24,2.0,0.0,88.0,17.8,4.0,1.0
12-12-24,0.0,0.0,89.0,17.799999999999997,4.5,2.0
13-12-24,2.0,0.0,91.5,18.049999999999997,2.3,1.85
14-12-24,1.0,0.0,85.0,18.1,5.5,1.5
15-12-24,2.0,0.0,77.0,17.9,8.25,2.25
16-12-24,1.0,0.0,70.0,19.6,6.75,2.6
17-12-24,1.0,0.0,70.5,21.299999999999997,7.2,1.5
18-12-24,2.0,0.0,76.5,20.4,6.35,1.5
19-12-24,1.0,0.0,81.0,18.95,5.15,1.5
20-12-24,0.0,0.0,83.0,18.5,3.35,1.75
21-12-24,0.0,0.0,91.0,17.299999999999997,0.1,1.5
22-12-24,0.0,0.0,79.0,18.4,6.85,2.5
23-12-24,0.0,0.0,75.0,18.2,7.95,1.5
24-12-24,1.0,0.0,74.0,18.65,8.35,2.5
25-12-24,1.0,0.0,77.5,18.55,3.6500000000000004,3.0
26-12-24,0.0,0.0,79.0,19.299999999999997,7.3,1.75
27-12-24,1.0,0.0,78.0,19.049999999999997,7.0,1.75
28-12-24,0.0,0.0,77.0,19.35,7.2,1.0
29-12-24,0.0,0.0,78.5,19.15,6.15,2.0
30-12-24,0.0,0.0,79.0,19.25,7.25,2.5
31-12-24,0.0,0.0,87.0,18.5,5.1,2.0
